2026-06-17 10:00:00 [INFO] request completed
2026-06-17 10:00:01 [ERROR] database timeout
2026-06-17 10:00:02 [WARN] high memory usage
2026-06-17 10:00:03 [WARN] retry attempt
2026-06-17 10:00:04 [INFO] cache hit
2026-06-17 10:00:05 [WARN] retry attempt
2026-06-17 10:00:06 [ERROR] database timeout
2026-06-17 10:00:07 [WARN] high memory usage
2026-06-17 10:00:08 [WARN] slow query detected
2026-06-17 10:00:09 [ERROR] database timeout
2026-06-17 10:00:10 [WARN] slow query detected
2026-06-17 10:00:11 [ERROR] nil pointer
2026-06-17 10:00:12 [WARN] slow query detected
2026-06-17 10:00:13 [WARN] retry attempt
2026-06-17 10:00:14 [INFO] user logged in
2026-06-17 10:00:15 [WARN] slow query detected
2026-06-17 10:00:16 [ERROR] request failed
2026-06-17 10:00:17 [ERROR] connection refused
2026-06-17 10:00:18 [WARN] retry attempt
2026-06-17 10:00:19 [WARN] slow query detected
2026-06-17 10:00:20 [INFO] health check ok
2026-06-17 10:00:21 [ERROR] request failed
2026-06-17 10:00:22 [WARN] high memory usage
2026-06-17 10:00:23 [ERROR] request failed
2026-06-17 10:00:24 [ERROR] request failed
2026-06-17 10:00:25 [WARN] slow query detected
2026-06-17 10:00:26 [ERROR] database timeout
2026-06-17 10:00:27 [ERROR] request failed
2026-06-17 10:00:28 [ERROR] database timeout
2026-06-17 10:00:29 [INFO] cache hit
2026-06-17 10:00:30 [INFO] user logged in
2026-06-17 10:00:31 [WARN] high memory usage
2026-06-17 10:00:32 [ERROR] nil pointer
2026-06-17 10:00:33 [WARN] slow query detected
2026-06-17 10:00:34 [WARN] high memory usage
2026-06-17 10:00:35 [WARN] high memory usage
2026-06-17 10:00:36 [INFO] health check ok
2026-06-17 10:00:37 [ERROR] request failed
2026-06-17 10:00:38 [WARN] retry attempt
2026-06-17 10:00:39 [INFO] request completed
2026-06-17 10:00:40 [INFO] user logged in
2026-06-17 10:00:41 [ERROR] database timeout
2026-06-17 10:00:42 [INFO] user logged in
2026-06-17 10:00:43 [ERROR] database timeout
2026-06-17 10:00:44 [INFO] cache hit
2026-06-17 10:00:45 [INFO] cache hit
2026-06-17 10:00:46 [INFO] request completed
2026-06-17 10:00:47 [INFO] request completed
2026-06-17 10:00:48 [WARN] slow query detected
2026-06-17 10:00:49 [INFO] request completed
2026-06-17 10:00:50 [INFO] cache hit
2026-06-17 10:00:51 [ERROR] connection refused
2026-06-17 10:00:52 [ERROR] database timeout
2026-06-17 10:00:53 [ERROR] request failed
2026-06-17 10:00:54 [INFO] cache hit
2026-06-17 10:00:55 [WARN] high memory usage
2026-06-17 10:00:56 [WARN] retry attempt
2026-06-17 10:00:57 [ERROR] database timeout
2026-06-17 10:00:58 [INFO] health check ok
2026-06-17 10:00:59 [ERROR] request failed
2026-06-17 10:01:00 [INFO] health check ok
2026-06-17 10:01:01 [ERROR] nil pointer
2026-06-17 10:01:02 [INFO] health check ok
2026-06-17 10:01:03 [ERROR] nil pointer
2026-06-17 10:01:04 [ERROR] request failed
2026-06-17 10:01:05 [INFO] user logged in
2026-06-17 10:01:06 [ERROR] request failed
2026-06-17 10:01:07 [ERROR] request failed
2026-06-17 10:01:08 [INFO] health check ok
2026-06-17 10:01:09 [INFO] cache hit
2026-06-17 10:01:10 [WARN] slow query detected
2026-06-17 10:01:11 [INFO] cache hit
2026-06-17 10:01:12 [WARN] slow query detected
2026-06-17 10:01:13 [INFO] health check ok
2026-06-17 10:01:14 [INFO] health check ok
2026-06-17 10:01:15 [INFO] health check ok
2026-06-17 10:01:16 [ERROR] request failed
2026-06-17 10:01:17 [WARN] slow query detected
2026-06-17 10:01:18 [INFO] health check ok
2026-06-17 10:01:19 [INFO] health check ok
2026-06-17 10:01:20 [INFO] health check ok
2026-06-17 10:01:21 [WARN] retry attempt
2026-06-17 10:01:22 [ERROR] database timeout
2026-06-17 10:01:23 [INFO] user logged in
2026-06-17 10:01:24 [ERROR] nil pointer
2026-06-17 10:01:25 [INFO] user logged in
2026-06-17 10:01:26 [INFO] user logged in
2026-06-17 10:01:27 [INFO] cache hit
2026-06-17 10:01:28 [WARN] slow query detected
2026-06-17 10:01:29 [ERROR] request failed
2026-06-17 10:01:30 [INFO] cache hit
2026-06-17 10:01:31 [INFO] user logged in
2026-06-17 10:01:32 [ERROR] request failed
2026-06-17 10:01:33 [ERROR] request failed
2026-06-17 10:01:34 [INFO] cache hit
2026-06-17 10:01:35 [ERROR] nil pointer
2026-06-17 10:01:36 [INFO] user logged in
2026-06-17 10:01:37 [WARN] retry attempt
2026-06-17 10:01:38 [ERROR] connection refused
2026-06-17 10:01:39 [INFO] request completed
2026-06-17 10:01:40 [WARN] high memory usage
2026-06-17 10:01:41 [INFO] health check ok
2026-06-17 10:01:42 [INFO] cache hit
2026-06-17 10:01:43 [ERROR] connection refused
2026-06-17 10:01:44 [ERROR] connection refused
2026-06-17 10:01:45 [WARN] high memory usage
2026-06-17 10:01:46 [ERROR] request failed
2026-06-17 10:01:47 [INFO] user logged in
2026-06-17 10:01:48 [ERROR] database timeout
2026-06-17 10:01:49 [INFO] request completed
2026-06-17 10:01:50 [ERROR] connection refused
2026-06-17 10:01:51 [WARN] high memory usage
2026-06-17 10:01:52 [INFO] cache hit
2026-06-17 10:01:53 [INFO] cache hit
2026-06-17 10:01:54 [WARN] retry attempt
2026-06-17 10:01:55 [INFO] health check ok
2026-06-17 10:01:56 [INFO] request completed
2026-06-17 10:01:57 [ERROR] connection refused
2026-06-17 10:01:58 [INFO] request completed
2026-06-17 10:01:59 [INFO] user logged in
2026-06-17 10:02:00 [WARN] retry attempt
2026-06-17 10:02:01 [INFO] health check ok
2026-06-17 10:02:02 [INFO] user logged in
2026-06-17 10:02:03 [ERROR] nil pointer
2026-06-17 10:02:04 [ERROR] connection refused
2026-06-17 10:02:05 [INFO] health check ok
2026-06-17 10:02:06 [INFO] user logged in
2026-06-17 10:02:07 [ERROR] nil pointer
2026-06-17 10:02:08 [WARN] high memory usage
2026-06-17 10:02:09 [INFO] health check ok
2026-06-17 10:02:10 [INFO] health check ok
2026-06-17 10:02:11 [INFO] health check ok
2026-06-17 10:02:12 [WARN] retry attempt
2026-06-17 10:02:13 [ERROR] connection refused
2026-06-17 10:02:14 [INFO] user logged in
2026-06-17 10:02:15 [WARN] slow query detected
2026-06-17 10:02:16 [WARN] retry attempt
2026-06-17 10:02:17 [INFO] health check ok
2026-06-17 10:02:18 [INFO] user logged in
2026-06-17 10:02:19 [ERROR] connection refused
2026-06-17 10:02:20 [WARN] slow query detected
2026-06-17 10:02:21 [ERROR] database timeout
2026-06-17 10:02:22 [WARN] slow query detected
2026-06-17 10:02:23 [INFO] request completed
2026-06-17 10:02:24 [ERROR] connection refused
2026-06-17 10:02:25 [WARN] high memory usage
2026-06-17 10:02:26 [WARN] slow query detected
2026-06-17 10:02:27 [INFO] user logged in
2026-06-17 10:02:28 [ERROR] nil pointer
2026-06-17 10:02:29 [WARN] high memory usage
2026-06-17 10:02:30 [ERROR] connection refused
2026-06-17 10:02:31 [ERROR] connection refused
2026-06-17 10:02:32 [INFO] cache hit
2026-06-17 10:02:33 [ERROR] request failed
2026-06-17 10:02:34 [INFO] user logged in
2026-06-17 10:02:35 [INFO] cache hit
2026-06-17 10:02:36 [INFO] cache hit
2026-06-17 10:02:37 [WARN] high memory usage
2026-06-17 10:02:38 [ERROR] request failed
2026-06-17 10:02:39 [ERROR] nil pointer
2026-06-17 10:02:40 [WARN] slow query detected
2026-06-17 10:02:41 [INFO] health check ok
2026-06-17 10:02:42 [WARN] retry attempt
2026-06-17 10:02:43 [WARN] retry attempt
2026-06-17 10:02:44 [ERROR] database timeout
2026-06-17 10:02:45 [INFO] health check ok
2026-06-17 10:02:46 [ERROR] database timeout
2026-06-17 10:02:47 [ERROR] request failed
2026-06-17 10:02:48 [ERROR] connection refused
2026-06-17 10:02:49 [INFO] health check ok
2026-06-17 10:02:50 [WARN] slow query detected
2026-06-17 10:02:51 [ERROR] connection refused
2026-06-17 10:02:52 [ERROR] nil pointer
2026-06-17 10:02:53 [WARN] high memory usage
2026-06-17 10:02:54 [INFO] request completed
2026-06-17 10:02:55 [INFO] health check ok
2026-06-17 10:02:56 [WARN] high memory usage
2026-06-17 10:02:57 [WARN] high memory usage
2026-06-17 10:02:58 [INFO] cache hit
2026-06-17 10:02:59 [WARN] high memory usage
2026-06-17 10:03:00 [ERROR] connection refused
2026-06-17 10:03:01 [WARN] retry attempt
2026-06-17 10:03:02 [ERROR] nil pointer
2026-06-17 10:03:03 [INFO] user logged in
2026-06-17 10:03:04 [INFO] user logged in
2026-06-17 10:03:05 [ERROR] connection refused
2026-06-17 10:03:06 [INFO] request completed
2026-06-17 10:03:07 [INFO] health check ok
2026-06-17 10:03:08 [ERROR] nil pointer
2026-06-17 10:03:09 [INFO] request completed
2026-06-17 10:03:10 [INFO] cache hit
2026-06-17 10:03:11 [INFO] cache hit
2026-06-17 10:03:12 [INFO] health check ok
2026-06-17 10:03:13 [WARN] high memory usage
2026-06-17 10:03:14 [ERROR] nil pointer
2026-06-17 10:03:15 [WARN] slow query detected
2026-06-17 10:03:16 [ERROR] connection refused
2026-06-17 10:03:17 [ERROR] database timeout
2026-06-17 10:03:18 [WARN] high memory usage
2026-06-17 10:03:19 [INFO] cache hit
2026-06-17 10:03:20 [ERROR] database timeout
2026-06-17 10:03:21 [INFO] request completed
2026-06-17 10:03:22 [WARN] high memory usage
2026-06-17 10:03:23 [ERROR] nil pointer
2026-06-17 10:03:24 [ERROR] nil pointer
2026-06-17 10:03:25 [INFO] user logged in
2026-06-17 10:03:26 [WARN] slow query detected
2026-06-17 10:03:27 [ERROR] request failed
2026-06-17 10:03:28 [ERROR] database timeout
2026-06-17 10:03:29 [ERROR] database timeout
2026-06-17 10:03:30 [ERROR] request failed
2026-06-17 10:03:31 [INFO] cache hit
2026-06-17 10:03:32 [ERROR] request failed
2026-06-17 10:03:33 [ERROR] nil pointer
2026-06-17 10:03:34 [ERROR] request failed
2026-06-17 10:03:35 [ERROR] nil pointer
2026-06-17 10:03:36 [INFO] health check ok
2026-06-17 10:03:37 [ERROR] connection refused
2026-06-17 10:03:38 [WARN] retry attempt
2026-06-17 10:03:39 [WARN] slow query detected
2026-06-17 10:03:40 [WARN] retry attempt
2026-06-17 10:03:41 [ERROR] request failed
2026-06-17 10:03:42 [INFO] health check ok
2026-06-17 10:03:43 [INFO] request completed
2026-06-17 10:03:44 [ERROR] nil pointer
2026-06-17 10:03:45 [INFO] user logged in
2026-06-17 10:03:46 [INFO] cache hit
2026-06-17 10:03:47 [WARN] retry attempt
2026-06-17 10:03:48 [INFO] user logged in
2026-06-17 10:03:49 [ERROR] nil pointer
2026-06-17 10:03:50 [INFO] health check ok
2026-06-17 10:03:51 [ERROR] connection refused
2026-06-17 10:03:52 [INFO] request completed
2026-06-17 10:03:53 [INFO] user logged in
2026-06-17 10:03:54 [ERROR] connection refused
2026-06-17 10:03:55 [ERROR] nil pointer
2026-06-17 10:03:56 [INFO] cache hit
2026-06-17 10:03:57 [WARN] slow query detected
2026-06-17 10:03:58 [INFO] request completed
2026-06-17 10:03:59 [WARN] slow query detected
2026-06-17 10:04:00 [ERROR] database timeout
2026-06-17 10:04:01 [INFO] health check ok
2026-06-17 10:04:02 [WARN] slow query detected
2026-06-17 10:04:03 [WARN] slow query detected
2026-06-17 10:04:04 [ERROR] database timeout
2026-06-17 10:04:05 [INFO] user logged in
2026-06-17 10:04:06 [WARN] high memory usage
2026-06-17 10:04:07 [INFO] request completed
2026-06-17 10:04:08 [ERROR] connection refused
2026-06-17 10:04:09 [WARN] high memory usage
2026-06-17 10:04:10 [WARN] slow query detected
2026-06-17 10:04:11 [WARN] slow query detected
2026-06-17 10:04:12 [ERROR] connection refused
2026-06-17 10:04:13 [WARN] slow query detected
2026-06-17 10:04:14 [INFO] request completed
2026-06-17 10:04:15 [WARN] slow query detected
2026-06-17 10:04:16 [WARN] slow query detected
2026-06-17 10:04:17 [WARN] slow query detected
2026-06-17 10:04:18 [INFO] user logged in
2026-06-17 10:04:19 [WARN] retry attempt
2026-06-17 10:04:20 [INFO] health check ok
2026-06-17 10:04:21 [ERROR] connection refused
2026-06-17 10:04:22 [INFO] cache hit
2026-06-17 10:04:23 [WARN] retry attempt
2026-06-17 10:04:24 [WARN] high memory usage
2026-06-17 10:04:25 [INFO] user logged in
2026-06-17 10:04:26 [INFO] user logged in
2026-06-17 10:04:27 [ERROR] connection refused
2026-06-17 10:04:28 [INFO] health check ok
2026-06-17 10:04:29 [WARN] high memory usage
2026-06-17 10:04:30 [INFO] health check ok
2026-06-17 10:04:31 [WARN] high memory usage
2026-06-17 10:04:32 [WARN] retry attempt
2026-06-17 10:04:33 [INFO] user logged in
2026-06-17 10:04:34 [ERROR] database timeout
2026-06-17 10:04:35 [ERROR] database timeout
2026-06-17 10:04:36 [INFO] user logged in
2026-06-17 10:04:37 [WARN] slow query detected
2026-06-17 10:04:38 [ERROR] nil pointer
2026-06-17 10:04:39 [INFO] user logged in
2026-06-17 10:04:40 [ERROR] nil pointer
2026-06-17 10:04:41 [WARN] high memory usage
2026-06-17 10:04:42 [WARN] slow query detected
2026-06-17 10:04:43 [ERROR] database timeout
2026-06-17 10:04:44 [INFO] user logged in
2026-06-17 10:04:45 [WARN] high memory usage
2026-06-17 10:04:46 [INFO] request completed
2026-06-17 10:04:47 [WARN] high memory usage
2026-06-17 10:04:48 [INFO] request completed
2026-06-17 10:04:49 [WARN] high memory usage
2026-06-17 10:04:50 [INFO] cache hit
2026-06-17 10:04:51 [INFO] user logged in
2026-06-17 10:04:52 [ERROR] connection refused
2026-06-17 10:04:53 [INFO] health check ok
2026-06-17 10:04:54 [ERROR] nil pointer
2026-06-17 10:04:55 [ERROR] connection refused
2026-06-17 10:04:56 [WARN] retry attempt
2026-06-17 10:04:57 [ERROR] connection refused
2026-06-17 10:04:58 [ERROR] nil pointer
2026-06-17 10:04:59 [ERROR] request failed
2026-06-17 10:05:00 [WARN] retry attempt
2026-06-17 10:05:01 [INFO] cache hit
2026-06-17 10:05:02 [INFO] health check ok
2026-06-17 10:05:03 [ERROR] database timeout
2026-06-17 10:05:04 [INFO] cache hit
2026-06-17 10:05:05 [WARN] high memory usage
2026-06-17 10:05:06 [ERROR] nil pointer
2026-06-17 10:05:07 [WARN] high memory usage
2026-06-17 10:05:08 [ERROR] database timeout
2026-06-17 10:05:09 [ERROR] nil pointer
2026-06-17 10:05:10 [INFO] user logged in
2026-06-17 10:05:11 [ERROR] connection refused
2026-06-17 10:05:12 [INFO] user logged in
2026-06-17 10:05:13 [ERROR] database timeout
2026-06-17 10:05:14 [WARN] retry attempt
2026-06-17 10:05:15 [INFO] user logged in
2026-06-17 10:05:16 [WARN] retry attempt
2026-06-17 10:05:17 [INFO] health check ok
2026-06-17 10:05:18 [ERROR] nil pointer
2026-06-17 10:05:19 [ERROR] database timeout
2026-06-17 10:05:20 [ERROR] database timeout
2026-06-17 10:05:21 [ERROR] connection refused
2026-06-17 10:05:22 [WARN] high memory usage
2026-06-17 10:05:23 [WARN] high memory usage
2026-06-17 10:05:24 [ERROR] connection refused
2026-06-17 10:05:25 [INFO] user logged in
2026-06-17 10:05:26 [ERROR] request failed
2026-06-17 10:05:27 [WARN] high memory usage
2026-06-17 10:05:28 [INFO] request completed
2026-06-17 10:05:29 [INFO] request completed
2026-06-17 10:05:30 [WARN] high memory usage
2026-06-17 10:05:31 [INFO] cache hit
2026-06-17 10:05:32 [WARN] high memory usage
2026-06-17 10:05:33 [ERROR] connection refused
2026-06-17 10:05:34 [INFO] cache hit
2026-06-17 10:05:35 [INFO] cache hit
2026-06-17 10:05:36 [WARN] high memory usage
2026-06-17 10:05:37 [INFO] health check ok
2026-06-17 10:05:38 [INFO] health check ok
2026-06-17 10:05:39 [ERROR] nil pointer
2026-06-17 10:05:40 [WARN] retry attempt
2026-06-17 10:05:41 [WARN] slow query detected
2026-06-17 10:05:42 [ERROR] request failed
2026-06-17 10:05:43 [INFO] health check ok
2026-06-17 10:05:44 [INFO] cache hit
2026-06-17 10:05:45 [WARN] slow query detected
2026-06-17 10:05:46 [ERROR] database timeout
2026-06-17 10:05:47 [WARN] high memory usage
2026-06-17 10:05:48 [WARN] retry attempt
2026-06-17 10:05:49 [WARN] slow query detected
2026-06-17 10:05:50 [ERROR] database timeout
2026-06-17 10:05:51 [INFO] health check ok
2026-06-17 10:05:52 [ERROR] connection refused
2026-06-17 10:05:53 [WARN] slow query detected
2026-06-17 10:05:54 [ERROR] connection refused
2026-06-17 10:05:55 [ERROR] request failed
2026-06-17 10:05:56 [WARN] slow query detected
2026-06-17 10:05:57 [WARN] high memory usage
2026-06-17 10:05:58 [INFO] health check ok
2026-06-17 10:05:59 [WARN] slow query detected
2026-06-17 10:06:00 [WARN] retry attempt
2026-06-17 10:06:01 [WARN] high memory usage
2026-06-17 10:06:02 [WARN] slow query detected
2026-06-17 10:06:03 [ERROR] nil pointer
2026-06-17 10:06:04 [INFO] health check ok
2026-06-17 10:06:05 [INFO] user logged in
2026-06-17 10:06:06 [ERROR] nil pointer
2026-06-17 10:06:07 [INFO] user logged in
2026-06-17 10:06:08 [WARN] slow query detected
2026-06-17 10:06:09 [INFO] cache hit
2026-06-17 10:06:10 [INFO] user logged in
2026-06-17 10:06:11 [ERROR] database timeout
2026-06-17 10:06:12 [INFO] request completed
2026-06-17 10:06:13 [WARN] slow query detected
2026-06-17 10:06:14 [WARN] slow query detected
2026-06-17 10:06:15 [INFO] cache hit
2026-06-17 10:06:16 [INFO] request completed
2026-06-17 10:06:17 [ERROR] database timeout
2026-06-17 10:06:18 [INFO] request completed
2026-06-17 10:06:19 [ERROR] connection refused
2026-06-17 10:06:20 [ERROR] nil pointer
2026-06-17 10:06:21 [WARN] high memory usage
2026-06-17 10:06:22 [ERROR] database timeout
2026-06-17 10:06:23 [INFO] health check ok
2026-06-17 10:06:24 [ERROR] database timeout
2026-06-17 10:06:25 [ERROR] request failed
2026-06-17 10:06:26 [INFO] user logged in
2026-06-17 10:06:27 [INFO] request completed
2026-06-17 10:06:28 [INFO] health check ok
2026-06-17 10:06:29 [ERROR] connection refused
2026-06-17 10:06:30 [INFO] health check ok
2026-06-17 10:06:31 [INFO] user logged in
2026-06-17 10:06:32 [ERROR] database timeout
2026-06-17 10:06:33 [WARN] slow query detected
2026-06-17 10:06:34 [WARN] slow query detected
2026-06-17 10:06:35 [INFO] request completed
2026-06-17 10:06:36 [ERROR] request failed
2026-06-17 10:06:37 [WARN] retry attempt
2026-06-17 10:06:38 [WARN] high memory usage
2026-06-17 10:06:39 [INFO] request completed
2026-06-17 10:06:40 [ERROR] connection refused
2026-06-17 10:06:41 [INFO] health check ok
2026-06-17 10:06:42 [ERROR] request failed
2026-06-17 10:06:43 [ERROR] connection refused
2026-06-17 10:06:44 [INFO] cache hit
2026-06-17 10:06:45 [WARN] high memory usage
2026-06-17 10:06:46 [INFO] cache hit
2026-06-17 10:06:47 [INFO] user logged in
2026-06-17 10:06:48 [ERROR] connection refused
2026-06-17 10:06:49 [INFO] cache hit
2026-06-17 10:06:50 [WARN] high memory usage
2026-06-17 10:06:51 [WARN] retry attempt
2026-06-17 10:06:52 [INFO] health check ok
2026-06-17 10:06:53 [INFO] health check ok
2026-06-17 10:06:54 [INFO] cache hit
2026-06-17 10:06:55 [WARN] retry attempt
2026-06-17 10:06:56 [WARN] slow query detected
2026-06-17 10:06:57 [INFO] user logged in
2026-06-17 10:06:58 [INFO] request completed
2026-06-17 10:06:59 [WARN] slow query detected
2026-06-17 10:07:00 [WARN] high memory usage
2026-06-17 10:07:01 [ERROR] nil pointer
2026-06-17 10:07:02 [INFO] cache hit
2026-06-17 10:07:03 [WARN] slow query detected
2026-06-17 10:07:04 [INFO] cache hit
2026-06-17 10:07:05 [WARN] high memory usage
2026-06-17 10:07:06 [WARN] slow query detected
2026-06-17 10:07:07 [ERROR] request failed
2026-06-17 10:07:08 [ERROR] request failed
2026-06-17 10:07:09 [WARN] retry attempt
2026-06-17 10:07:10 [ERROR] database timeout
2026-06-17 10:07:11 [WARN] slow query detected
2026-06-17 10:07:12 [INFO] health check ok
2026-06-17 10:07:13 [INFO] request completed
2026-06-17 10:07:14 [WARN] retry attempt
2026-06-17 10:07:15 [WARN] retry attempt
2026-06-17 10:07:16 [ERROR] connection refused
2026-06-17 10:07:17 [INFO] health check ok
2026-06-17 10:07:18 [WARN] slow query detected
2026-06-17 10:07:19 [WARN] retry attempt
2026-06-17 10:07:20 [WARN] retry attempt
2026-06-17 10:07:21 [ERROR] database timeout
2026-06-17 10:07:22 [ERROR] nil pointer
2026-06-17 10:07:23 [ERROR] nil pointer
2026-06-17 10:07:24 [ERROR] request failed
2026-06-17 10:07:25 [INFO] user logged in
2026-06-17 10:07:26 [ERROR] database timeout
2026-06-17 10:07:27 [WARN] retry attempt
2026-06-17 10:07:28 [ERROR] connection refused
2026-06-17 10:07:29 [ERROR] nil pointer
2026-06-17 10:07:30 [INFO] health check ok
2026-06-17 10:07:31 [WARN] slow query detected
2026-06-17 10:07:32 [WARN] slow query detected
2026-06-17 10:07:33 [INFO] cache hit
2026-06-17 10:07:34 [INFO] health check ok
2026-06-17 10:07:35 [ERROR] nil pointer
2026-06-17 10:07:36 [WARN] retry attempt
2026-06-17 10:07:37 [WARN] retry attempt
2026-06-17 10:07:38 [INFO] health check ok
2026-06-17 10:07:39 [WARN] retry attempt
2026-06-17 10:07:40 [ERROR] nil pointer
2026-06-17 10:07:41 [INFO] health check ok
2026-06-17 10:07:42 [WARN] high memory usage
2026-06-17 10:07:43 [ERROR] connection refused
2026-06-17 10:07:44 [INFO] request completed
2026-06-17 10:07:45 [INFO] health check ok
2026-06-17 10:07:46 [ERROR] nil pointer
2026-06-17 10:07:47 [ERROR] connection refused
2026-06-17 10:07:48 [WARN] high memory usage
2026-06-17 10:07:49 [ERROR] request failed
2026-06-17 10:07:50 [ERROR] connection refused
2026-06-17 10:07:51 [ERROR] request failed
2026-06-17 10:07:52 [INFO] user logged in
2026-06-17 10:07:53 [ERROR] database timeout
2026-06-17 10:07:54 [INFO] cache hit
2026-06-17 10:07:55 [WARN] high memory usage
2026-06-17 10:07:56 [INFO] health check ok
2026-06-17 10:07:57 [ERROR] database timeout
2026-06-17 10:07:58 [WARN] high memory usage
2026-06-17 10:07:59 [WARN] slow query detected
2026-06-17 10:08:00 [ERROR] database timeout
2026-06-17 10:08:01 [ERROR] request failed
2026-06-17 10:08:02 [INFO] cache hit
2026-06-17 10:08:03 [WARN] slow query detected
2026-06-17 10:08:04 [WARN] slow query detected
2026-06-17 10:08:05 [WARN] high memory usage
2026-06-17 10:08:06 [WARN] slow query detected
2026-06-17 10:08:07 [WARN] high memory usage
2026-06-17 10:08:08 [WARN] high memory usage
2026-06-17 10:08:09 [WARN] slow query detected
2026-06-17 10:08:10 [ERROR] connection refused
2026-06-17 10:08:11 [INFO] cache hit
2026-06-17 10:08:12 [INFO] cache hit
2026-06-17 10:08:13 [INFO] health check ok
2026-06-17 10:08:14 [ERROR] connection refused
2026-06-17 10:08:15 [INFO] cache hit
2026-06-17 10:08:16 [WARN] high memory usage
2026-06-17 10:08:17 [INFO] health check ok
2026-06-17 10:08:18 [ERROR] nil pointer
2026-06-17 10:08:19 [ERROR] request failed
2026-06-17 10:08:20 [INFO] health check ok
2026-06-17 10:08:21 [WARN] slow query detected
2026-06-17 10:08:22 [WARN] retry attempt
2026-06-17 10:08:23 [WARN] high memory usage
2026-06-17 10:08:24 [INFO] user logged in
2026-06-17 10:08:25 [WARN] high memory usage
2026-06-17 10:08:26 [WARN] retry attempt
2026-06-17 10:08:27 [INFO] request completed
2026-06-17 10:08:28 [INFO] user logged in
2026-06-17 10:08:29 [ERROR] database timeout
2026-06-17 10:08:30 [ERROR] connection refused
2026-06-17 10:08:31 [ERROR] database timeout
2026-06-17 10:08:32 [ERROR] connection refused
2026-06-17 10:08:33 [INFO] request completed
2026-06-17 10:08:34 [WARN] slow query detected
2026-06-17 10:08:35 [ERROR] database timeout
2026-06-17 10:08:36 [INFO] request completed
2026-06-17 10:08:37 [INFO] request completed
2026-06-17 10:08:38 [INFO] user logged in
2026-06-17 10:08:39 [WARN] high memory usage
2026-06-17 10:08:40 [INFO] cache hit
2026-06-17 10:08:41 [ERROR] request failed
2026-06-17 10:08:42 [WARN] retry attempt
2026-06-17 10:08:43 [INFO] user logged in
2026-06-17 10:08:44 [INFO] user logged in
2026-06-17 10:08:45 [WARN] high memory usage
2026-06-17 10:08:46 [INFO] request completed
2026-06-17 10:08:47 [INFO] request completed
2026-06-17 10:08:48 [ERROR] database timeout
2026-06-17 10:08:49 [ERROR] nil pointer
2026-06-17 10:08:50 [INFO] health check ok
2026-06-17 10:08:51 [INFO] health check ok
2026-06-17 10:08:52 [ERROR] nil pointer
2026-06-17 10:08:53 [WARN] slow query detected
2026-06-17 10:08:54 [INFO] request completed
2026-06-17 10:08:55 [INFO] health check ok
2026-06-17 10:08:56 [ERROR] database timeout
2026-06-17 10:08:57 [INFO] request completed
2026-06-17 10:08:58 [ERROR] connection refused
2026-06-17 10:08:59 [ERROR] connection refused
2026-06-17 10:09:00 [ERROR] connection refused
2026-06-17 10:09:01 [INFO] cache hit
2026-06-17 10:09:02 [INFO] health check ok
2026-06-17 10:09:03 [INFO] health check ok
2026-06-17 10:09:04 [ERROR] connection refused
2026-06-17 10:09:05 [WARN] slow query detected
2026-06-17 10:09:06 [INFO] user logged in
2026-06-17 10:09:07 [WARN] retry attempt
2026-06-17 10:09:08 [WARN] retry attempt
2026-06-17 10:09:09 [WARN] high memory usage
2026-06-17 10:09:10 [INFO] health check ok
2026-06-17 10:09:11 [WARN] retry attempt
2026-06-17 10:09:12 [INFO] request completed
2026-06-17 10:09:13 [ERROR] nil pointer
2026-06-17 10:09:14 [ERROR] connection refused
2026-06-17 10:09:15 [ERROR] nil pointer
2026-06-17 10:09:16 [WARN] retry attempt
2026-06-17 10:09:17 [INFO] cache hit
2026-06-17 10:09:18 [INFO] cache hit
2026-06-17 10:09:19 [INFO] health check ok
2026-06-17 10:09:20 [ERROR] connection refused
2026-06-17 10:09:21 [INFO] request completed
2026-06-17 10:09:22 [INFO] request completed
2026-06-17 10:09:23 [ERROR] request failed
2026-06-17 10:09:24 [ERROR] connection refused
2026-06-17 10:09:25 [WARN] high memory usage
2026-06-17 10:09:26 [ERROR] nil pointer
2026-06-17 10:09:27 [WARN] retry attempt
2026-06-17 10:09:28 [ERROR] database timeout
2026-06-17 10:09:29 [INFO] cache hit
2026-06-17 10:09:30 [WARN] slow query detected
2026-06-17 10:09:31 [WARN] retry attempt
2026-06-17 10:09:32 [WARN] high memory usage
2026-06-17 10:09:33 [WARN] retry attempt
2026-06-17 10:09:34 [WARN] retry attempt
2026-06-17 10:09:35 [WARN] high memory usage
2026-06-17 10:09:36 [WARN] high memory usage
2026-06-17 10:09:37 [INFO] cache hit
2026-06-17 10:09:38 [WARN] retry attempt
2026-06-17 10:09:39 [ERROR] connection refused
2026-06-17 10:09:40 [WARN] slow query detected
2026-06-17 10:09:41 [INFO] request completed
2026-06-17 10:09:42 [WARN] slow query detected
2026-06-17 10:09:43 [WARN] retry attempt
2026-06-17 10:09:44 [INFO] cache hit
2026-06-17 10:09:45 [ERROR] connection refused
2026-06-17 10:09:46 [WARN] high memory usage
2026-06-17 10:09:47 [ERROR] database timeout
2026-06-17 10:09:48 [WARN] slow query detected
2026-06-17 10:09:49 [ERROR] nil pointer
2026-06-17 10:09:50 [ERROR] nil pointer
2026-06-17 10:09:51 [ERROR] connection refused
2026-06-17 10:09:52 [WARN] retry attempt
2026-06-17 10:09:53 [INFO] request completed
2026-06-17 10:09:54 [INFO] cache hit
2026-06-17 10:09:55 [INFO] cache hit
2026-06-17 10:09:56 [ERROR] connection refused
2026-06-17 10:09:57 [WARN] high memory usage
2026-06-17 10:09:58 [INFO] user logged in
2026-06-17 10:09:59 [INFO] cache hit
2026-06-17 10:10:00 [WARN] slow query detected
2026-06-17 10:10:01 [WARN] high memory usage
2026-06-17 10:10:02 [WARN] high memory usage
2026-06-17 10:10:03 [WARN] high memory usage
2026-06-17 10:10:04 [WARN] high memory usage
2026-06-17 10:10:05 [ERROR] request failed
2026-06-17 10:10:06 [ERROR] nil pointer
2026-06-17 10:10:07 [WARN] high memory usage
2026-06-17 10:10:08 [ERROR] connection refused
2026-06-17 10:10:09 [ERROR] database timeout
2026-06-17 10:10:10 [ERROR] nil pointer
2026-06-17 10:10:11 [WARN] retry attempt
2026-06-17 10:10:12 [WARN] high memory usage
2026-06-17 10:10:13 [INFO] health check ok
2026-06-17 10:10:14 [INFO] user logged in
2026-06-17 10:10:15 [ERROR] request failed
2026-06-17 10:10:16 [INFO] health check ok
2026-06-17 10:10:17 [WARN] high memory usage
2026-06-17 10:10:18 [ERROR] nil pointer
2026-06-17 10:10:19 [WARN] high memory usage
2026-06-17 10:10:20 [ERROR] database timeout
2026-06-17 10:10:21 [WARN] slow query detected
2026-06-17 10:10:22 [WARN] high memory usage
2026-06-17 10:10:23 [INFO] cache hit
2026-06-17 10:10:24 [WARN] slow query detected
2026-06-17 10:10:25 [INFO] health check ok
2026-06-17 10:10:26 [INFO] health check ok
2026-06-17 10:10:27 [WARN] slow query detected
2026-06-17 10:10:28 [ERROR] database timeout
2026-06-17 10:10:29 [ERROR] request failed
2026-06-17 10:10:30 [INFO] health check ok
2026-06-17 10:10:31 [INFO] request completed
2026-06-17 10:10:32 [WARN] high memory usage
2026-06-17 10:10:33 [WARN] high memory usage
2026-06-17 10:10:34 [INFO] cache hit
2026-06-17 10:10:35 [INFO] user logged in
2026-06-17 10:10:36 [INFO] request completed
2026-06-17 10:10:37 [WARN] slow query detected
2026-06-17 10:10:38 [ERROR] connection refused
2026-06-17 10:10:39 [INFO] health check ok
2026-06-17 10:10:40 [INFO] request completed
2026-06-17 10:10:41 [ERROR] nil pointer
2026-06-17 10:10:42 [INFO] health check ok
2026-06-17 10:10:43 [WARN] slow query detected
2026-06-17 10:10:44 [INFO] health check ok
2026-06-17 10:10:45 [ERROR] connection refused
2026-06-17 10:10:46 [WARN] high memory usage
2026-06-17 10:10:47 [WARN] high memory usage
2026-06-17 10:10:48 [INFO] request completed
2026-06-17 10:10:49 [INFO] health check ok
2026-06-17 10:10:50 [ERROR] request failed
2026-06-17 10:10:51 [ERROR] request failed
2026-06-17 10:10:52 [INFO] cache hit
2026-06-17 10:10:53 [INFO] request completed
2026-06-17 10:10:54 [WARN] high memory usage
2026-06-17 10:10:55 [INFO] cache hit
2026-06-17 10:10:56 [ERROR] request failed
2026-06-17 10:10:57 [ERROR] connection refused
2026-06-17 10:10:58 [WARN] retry attempt
2026-06-17 10:10:59 [ERROR] nil pointer
2026-06-17 10:11:00 [WARN] retry attempt
2026-06-17 10:11:01 [WARN] retry attempt
2026-06-17 10:11:02 [WARN] slow query detected
2026-06-17 10:11:03 [INFO] health check ok
2026-06-17 10:11:04 [WARN] high memory usage
2026-06-17 10:11:05 [ERROR] request failed
2026-06-17 10:11:06 [ERROR] nil pointer
2026-06-17 10:11:07 [ERROR] database timeout
2026-06-17 10:11:08 [ERROR] database timeout
2026-06-17 10:11:09 [WARN] slow query detected
2026-06-17 10:11:10 [INFO] user logged in
2026-06-17 10:11:11 [ERROR] database timeout
2026-06-17 10:11:12 [ERROR] request failed
2026-06-17 10:11:13 [INFO] health check ok
2026-06-17 10:11:14 [WARN] slow query detected
2026-06-17 10:11:15 [INFO] health check ok
2026-06-17 10:11:16 [ERROR] connection refused
2026-06-17 10:11:17 [ERROR] database timeout
2026-06-17 10:11:18 [ERROR] connection refused
2026-06-17 10:11:19 [INFO] user logged in
2026-06-17 10:11:20 [INFO] user logged in
2026-06-17 10:11:21 [INFO] health check ok
2026-06-17 10:11:22 [ERROR] request failed
2026-06-17 10:11:23 [ERROR] connection refused
2026-06-17 10:11:24 [ERROR] database timeout
2026-06-17 10:11:25 [INFO] request completed
2026-06-17 10:11:26 [INFO] health check ok
2026-06-17 10:11:27 [INFO] health check ok
2026-06-17 10:11:28 [INFO] health check ok
2026-06-17 10:11:29 [WARN] slow query detected
2026-06-17 10:11:30 [ERROR] connection refused
2026-06-17 10:11:31 [WARN] retry attempt
2026-06-17 10:11:32 [WARN] retry attempt
2026-06-17 10:11:33 [ERROR] connection refused
2026-06-17 10:11:34 [ERROR] nil pointer
2026-06-17 10:11:35 [WARN] high memory usage
2026-06-17 10:11:36 [ERROR] nil pointer
2026-06-17 10:11:37 [INFO] health check ok
2026-06-17 10:11:38 [WARN] slow query detected
2026-06-17 10:11:39 [INFO] health check ok
2026-06-17 10:11:40 [INFO] request completed
2026-06-17 10:11:41 [WARN] retry attempt
2026-06-17 10:11:42 [ERROR] connection refused
2026-06-17 10:11:43 [INFO] user logged in
2026-06-17 10:11:44 [INFO] health check ok
2026-06-17 10:11:45 [INFO] user logged in
2026-06-17 10:11:46 [INFO] user logged in
2026-06-17 10:11:47 [WARN] retry attempt
2026-06-17 10:11:48 [WARN] retry attempt
2026-06-17 10:11:49 [ERROR] connection refused
2026-06-17 10:11:50 [WARN] retry attempt
2026-06-17 10:11:51 [ERROR] nil pointer
2026-06-17 10:11:52 [WARN] slow query detected
2026-06-17 10:11:53 [WARN] retry attempt
2026-06-17 10:11:54 [WARN] retry attempt
2026-06-17 10:11:55 [WARN] slow query detected
2026-06-17 10:11:56 [WARN] slow query detected
2026-06-17 10:11:57 [INFO] health check ok
2026-06-17 10:11:58 [INFO] request completed
2026-06-17 10:11:59 [INFO] cache hit
2026-06-17 10:12:00 [INFO] health check ok
2026-06-17 10:12:01 [ERROR] connection refused
2026-06-17 10:12:02 [ERROR] nil pointer
2026-06-17 10:12:03 [ERROR] connection refused
2026-06-17 10:12:04 [INFO] request completed
2026-06-17 10:12:05 [WARN] high memory usage
2026-06-17 10:12:06 [ERROR] database timeout
2026-06-17 10:12:07 [WARN] retry attempt
2026-06-17 10:12:08 [INFO] request completed
2026-06-17 10:12:09 [INFO] cache hit
2026-06-17 10:12:10 [ERROR] nil pointer
2026-06-17 10:12:11 [ERROR] nil pointer
2026-06-17 10:12:12 [WARN] high memory usage
2026-06-17 10:12:13 [WARN] retry attempt
2026-06-17 10:12:14 [WARN] retry attempt
2026-06-17 10:12:15 [WARN] slow query detected
2026-06-17 10:12:16 [ERROR] database timeout
2026-06-17 10:12:17 [WARN] high memory usage
2026-06-17 10:12:18 [ERROR] database timeout
2026-06-17 10:12:19 [WARN] slow query detected
2026-06-17 10:12:20 [INFO] cache hit
2026-06-17 10:12:21 [WARN] slow query detected
2026-06-17 10:12:22 [INFO] cache hit
2026-06-17 10:12:23 [INFO] request completed
2026-06-17 10:12:24 [INFO] request completed
2026-06-17 10:12:25 [WARN] high memory usage
2026-06-17 10:12:26 [ERROR] connection refused
2026-06-17 10:12:27 [INFO] request completed
2026-06-17 10:12:28 [WARN] retry attempt
2026-06-17 10:12:29 [WARN] high memory usage
2026-06-17 10:12:30 [WARN] high memory usage
2026-06-17 10:12:31 [INFO] health check ok
2026-06-17 10:12:32 [INFO] cache hit
2026-06-17 10:12:33 [INFO] health check ok
2026-06-17 10:12:34 [INFO] health check ok
2026-06-17 10:12:35 [INFO] health check ok
2026-06-17 10:12:36 [INFO] cache hit
2026-06-17 10:12:37 [INFO] user logged in
2026-06-17 10:12:38 [ERROR] request failed
2026-06-17 10:12:39 [ERROR] connection refused
2026-06-17 10:12:40 [ERROR] request failed
2026-06-17 10:12:41 [INFO] user logged in
2026-06-17 10:12:42 [ERROR] request failed
2026-06-17 10:12:43 [WARN] retry attempt
2026-06-17 10:12:44 [ERROR] database timeout
2026-06-17 10:12:45 [WARN] retry attempt
2026-06-17 10:12:46 [WARN] slow query detected
2026-06-17 10:12:47 [ERROR] nil pointer
2026-06-17 10:12:48 [ERROR] request failed
2026-06-17 10:12:49 [ERROR] database timeout
2026-06-17 10:12:50 [ERROR] request failed
2026-06-17 10:12:51 [ERROR] request failed
2026-06-17 10:12:52 [WARN] slow query detected
2026-06-17 10:12:53 [WARN] slow query detected
2026-06-17 10:12:54 [INFO] user logged in
2026-06-17 10:12:55 [ERROR] nil pointer
2026-06-17 10:12:56 [WARN] slow query detected
2026-06-17 10:12:57 [WARN] retry attempt
2026-06-17 10:12:58 [INFO] cache hit
2026-06-17 10:12:59 [INFO] request completed
2026-06-17 10:13:00 [INFO] cache hit
2026-06-17 10:13:01 [INFO] cache hit
2026-06-17 10:13:02 [INFO] health check ok
2026-06-17 10:13:03 [ERROR] connection refused
2026-06-17 10:13:04 [ERROR] connection refused
2026-06-17 10:13:05 [WARN] slow query detected
2026-06-17 10:13:06 [WARN] slow query detected
2026-06-17 10:13:07 [ERROR] nil pointer
2026-06-17 10:13:08 [ERROR] database timeout
2026-06-17 10:13:09 [INFO] request completed
2026-06-17 10:13:10 [INFO] cache hit
2026-06-17 10:13:11 [ERROR] nil pointer
2026-06-17 10:13:12 [ERROR] connection refused
2026-06-17 10:13:13 [ERROR] database timeout
2026-06-17 10:13:14 [ERROR] database timeout
2026-06-17 10:13:15 [INFO] user logged in
2026-06-17 10:13:16 [INFO] user logged in
2026-06-17 10:13:17 [ERROR] database timeout
2026-06-17 10:13:18 [WARN] high memory usage
2026-06-17 10:13:19 [ERROR] nil pointer
2026-06-17 10:13:20 [INFO] request completed
2026-06-17 10:13:21 [ERROR] database timeout
2026-06-17 10:13:22 [ERROR] request failed
2026-06-17 10:13:23 [ERROR] request failed
2026-06-17 10:13:24 [ERROR] database timeout
2026-06-17 10:13:25 [INFO] user logged in
2026-06-17 10:13:26 [INFO] user logged in
2026-06-17 10:13:27 [WARN] retry attempt
2026-06-17 10:13:28 [ERROR] nil pointer
2026-06-17 10:13:29 [WARN] slow query detected
2026-06-17 10:13:30 [INFO] health check ok
2026-06-17 10:13:31 [ERROR] nil pointer
2026-06-17 10:13:32 [ERROR] request failed
2026-06-17 10:13:33 [ERROR] request failed
2026-06-17 10:13:34 [WARN] retry attempt
2026-06-17 10:13:35 [INFO] health check ok
2026-06-17 10:13:36 [WARN] slow query detected
2026-06-17 10:13:37 [ERROR] request failed
2026-06-17 10:13:38 [ERROR] connection refused
2026-06-17 10:13:39 [ERROR] connection refused
2026-06-17 10:13:40 [INFO] request completed
2026-06-17 10:13:41 [ERROR] request failed
2026-06-17 10:13:42 [ERROR] database timeout
2026-06-17 10:13:43 [WARN] high memory usage
2026-06-17 10:13:44 [ERROR] request failed
2026-06-17 10:13:45 [INFO] health check ok
2026-06-17 10:13:46 [INFO] user logged in
2026-06-17 10:13:47 [WARN] high memory usage
2026-06-17 10:13:48 [ERROR] request failed
2026-06-17 10:13:49 [INFO] health check ok
2026-06-17 10:13:50 [WARN] slow query detected
2026-06-17 10:13:51 [INFO] request completed
2026-06-17 10:13:52 [INFO] cache hit
2026-06-17 10:13:53 [WARN] retry attempt
2026-06-17 10:13:54 [ERROR] request failed
2026-06-17 10:13:55 [WARN] slow query detected
2026-06-17 10:13:56 [INFO] user logged in
2026-06-17 10:13:57 [ERROR] database timeout
2026-06-17 10:13:58 [ERROR] request failed
2026-06-17 10:13:59 [INFO] user logged in
2026-06-17 10:14:00 [INFO] health check ok
2026-06-17 10:14:01 [WARN] retry attempt
2026-06-17 10:14:02 [INFO] user logged in
2026-06-17 10:14:03 [ERROR] request failed
2026-06-17 10:14:04 [ERROR] connection refused
2026-06-17 10:14:05 [WARN] high memory usage
2026-06-17 10:14:06 [WARN] slow query detected
2026-06-17 10:14:07 [WARN] slow query detected
2026-06-17 10:14:08 [INFO] request completed
2026-06-17 10:14:09 [WARN] high memory usage
2026-06-17 10:14:10 [ERROR] database timeout
2026-06-17 10:14:11 [WARN] high memory usage
2026-06-17 10:14:12 [ERROR] database timeout
2026-06-17 10:14:13 [ERROR] request failed
2026-06-17 10:14:14 [ERROR] request failed
2026-06-17 10:14:15 [WARN] retry attempt
2026-06-17 10:14:16 [INFO] user logged in
2026-06-17 10:14:17 [INFO] user logged in
2026-06-17 10:14:18 [ERROR] nil pointer
2026-06-17 10:14:19 [INFO] health check ok
2026-06-17 10:14:20 [INFO] request completed
2026-06-17 10:14:21 [WARN] slow query detected
2026-06-17 10:14:22 [WARN] high memory usage
2026-06-17 10:14:23 [INFO] user logged in
2026-06-17 10:14:24 [WARN] slow query detected
2026-06-17 10:14:25 [WARN] slow query detected
2026-06-17 10:14:26 [WARN] high memory usage
2026-06-17 10:14:27 [ERROR] connection refused
2026-06-17 10:14:28 [ERROR] connection refused
2026-06-17 10:14:29 [WARN] high memory usage
2026-06-17 10:14:30 [WARN] slow query detected
2026-06-17 10:14:31 [WARN] slow query detected
2026-06-17 10:14:32 [WARN] retry attempt
2026-06-17 10:14:33 [INFO] user logged in
2026-06-17 10:14:34 [INFO] user logged in
2026-06-17 10:14:35 [WARN] high memory usage
2026-06-17 10:14:36 [INFO] user logged in
2026-06-17 10:14:37 [INFO] health check ok
2026-06-17 10:14:38 [INFO] user logged in
2026-06-17 10:14:39 [WARN] high memory usage
2026-06-17 10:14:40 [ERROR] nil pointer
2026-06-17 10:14:41 [INFO] health check ok
2026-06-17 10:14:42 [INFO] cache hit
2026-06-17 10:14:43 [INFO] health check ok
2026-06-17 10:14:44 [INFO] cache hit
2026-06-17 10:14:45 [ERROR] request failed
2026-06-17 10:14:46 [ERROR] database timeout
2026-06-17 10:14:47 [INFO] health check ok
2026-06-17 10:14:48 [ERROR] request failed
2026-06-17 10:14:49 [WARN] high memory usage
2026-06-17 10:14:50 [WARN] slow query detected
2026-06-17 10:14:51 [WARN] slow query detected
2026-06-17 10:14:52 [WARN] retry attempt
2026-06-17 10:14:53 [ERROR] request failed
2026-06-17 10:14:54 [ERROR] database timeout
2026-06-17 10:14:55 [INFO] cache hit
2026-06-17 10:14:56 [WARN] retry attempt
2026-06-17 10:14:57 [ERROR] database timeout
2026-06-17 10:14:58 [WARN] slow query detected
2026-06-17 10:14:59 [INFO] request completed
2026-06-17 10:15:00 [ERROR] connection refused
2026-06-17 10:15:01 [ERROR] nil pointer
2026-06-17 10:15:02 [INFO] user logged in
2026-06-17 10:15:03 [WARN] high memory usage
2026-06-17 10:15:04 [WARN] retry attempt
2026-06-17 10:15:05 [ERROR] connection refused
2026-06-17 10:15:06 [ERROR] nil pointer
2026-06-17 10:15:07 [ERROR] nil pointer
2026-06-17 10:15:08 [ERROR] database timeout
2026-06-17 10:15:09 [WARN] high memory usage
2026-06-17 10:15:10 [ERROR] database timeout
2026-06-17 10:15:11 [ERROR] nil pointer
2026-06-17 10:15:12 [INFO] request completed
2026-06-17 10:15:13 [ERROR] connection refused
2026-06-17 10:15:14 [INFO] health check ok
2026-06-17 10:15:15 [WARN] retry attempt
2026-06-17 10:15:16 [WARN] high memory usage
2026-06-17 10:15:17 [WARN] retry attempt
2026-06-17 10:15:18 [ERROR] connection refused
2026-06-17 10:15:19 [ERROR] request failed
2026-06-17 10:15:20 [ERROR] database timeout
2026-06-17 10:15:21 [ERROR] database timeout
2026-06-17 10:15:22 [ERROR] database timeout
2026-06-17 10:15:23 [WARN] high memory usage
2026-06-17 10:15:24 [INFO] user logged in
2026-06-17 10:15:25 [WARN] slow query detected
2026-06-17 10:15:26 [WARN] high memory usage
2026-06-17 10:15:27 [ERROR] database timeout
2026-06-17 10:15:28 [INFO] health check ok
2026-06-17 10:15:29 [WARN] retry attempt
2026-06-17 10:15:30 [WARN] retry attempt
2026-06-17 10:15:31 [ERROR] request failed
2026-06-17 10:15:32 [WARN] slow query detected
2026-06-17 10:15:33 [INFO] health check ok
2026-06-17 10:15:34 [ERROR] nil pointer
2026-06-17 10:15:35 [ERROR] connection refused
2026-06-17 10:15:36 [INFO] health check ok
2026-06-17 10:15:37 [WARN] high memory usage
2026-06-17 10:15:38 [ERROR] request failed
2026-06-17 10:15:39 [WARN] retry attempt
2026-06-17 10:15:40 [ERROR] nil pointer
2026-06-17 10:15:41 [INFO] cache hit
2026-06-17 10:15:42 [INFO] user logged in
2026-06-17 10:15:43 [INFO] request completed
2026-06-17 10:15:44 [INFO] user logged in
2026-06-17 10:15:45 [INFO] cache hit
2026-06-17 10:15:46 [INFO] health check ok
2026-06-17 10:15:47 [INFO] health check ok
2026-06-17 10:15:48 [INFO] health check ok
2026-06-17 10:15:49 [ERROR] nil pointer
2026-06-17 10:15:50 [WARN] high memory usage
2026-06-17 10:15:51 [WARN] slow query detected
2026-06-17 10:15:52 [INFO] user logged in
2026-06-17 10:15:53 [WARN] high memory usage
2026-06-17 10:15:54 [WARN] high memory usage
2026-06-17 10:15:55 [INFO] user logged in
2026-06-17 10:15:56 [WARN] slow query detected
2026-06-17 10:15:57 [ERROR] request failed
2026-06-17 10:15:58 [INFO] request completed
2026-06-17 10:15:59 [INFO] request completed
2026-06-17 10:16:00 [INFO] request completed
2026-06-17 10:16:01 [INFO] health check ok
2026-06-17 10:16:02 [WARN] retry attempt
2026-06-17 10:16:03 [WARN] high memory usage
2026-06-17 10:16:04 [WARN] retry attempt
2026-06-17 10:16:05 [INFO] user logged in
2026-06-17 10:16:06 [WARN] slow query detected
2026-06-17 10:16:07 [ERROR] connection refused
2026-06-17 10:16:08 [ERROR] nil pointer
2026-06-17 10:16:09 [ERROR] request failed
2026-06-17 10:16:10 [WARN] retry attempt
2026-06-17 10:16:11 [WARN] slow query detected
2026-06-17 10:16:12 [WARN] retry attempt
2026-06-17 10:16:13 [WARN] slow query detected
2026-06-17 10:16:14 [INFO] health check ok
2026-06-17 10:16:15 [ERROR] request failed
2026-06-17 10:16:16 [WARN] high memory usage
2026-06-17 10:16:17 [ERROR] nil pointer
2026-06-17 10:16:18 [ERROR] database timeout
2026-06-17 10:16:19 [ERROR] connection refused
2026-06-17 10:16:20 [ERROR] database timeout
2026-06-17 10:16:21 [INFO] cache hit
2026-06-17 10:16:22 [INFO] health check ok
2026-06-17 10:16:23 [ERROR] request failed
2026-06-17 10:16:24 [INFO] cache hit
2026-06-17 10:16:25 [INFO] request completed
2026-06-17 10:16:26 [INFO] cache hit
2026-06-17 10:16:27 [ERROR] connection refused
2026-06-17 10:16:28 [INFO] cache hit
2026-06-17 10:16:29 [INFO] health check ok
2026-06-17 10:16:30 [ERROR] connection refused
2026-06-17 10:16:31 [WARN] slow query detected
2026-06-17 10:16:32 [WARN] slow query detected
2026-06-17 10:16:33 [ERROR] nil pointer
2026-06-17 10:16:34 [INFO] user logged in
2026-06-17 10:16:35 [WARN] slow query detected
2026-06-17 10:16:36 [INFO] user logged in
2026-06-17 10:16:37 [INFO] user logged in
2026-06-17 10:16:38 [INFO] cache hit
2026-06-17 10:16:39 [ERROR] database timeout
2026-06-17 10:16:40 [INFO] cache hit
2026-06-17 10:16:41 [INFO] user logged in
2026-06-17 10:16:42 [ERROR] database timeout
2026-06-17 10:16:43 [ERROR] request failed
2026-06-17 10:16:44 [WARN] high memory usage
2026-06-17 10:16:45 [INFO] cache hit
2026-06-17 10:16:46 [ERROR] nil pointer
2026-06-17 10:16:47 [WARN] high memory usage
2026-06-17 10:16:48 [ERROR] nil pointer
2026-06-17 10:16:49 [ERROR] nil pointer
2026-06-17 10:16:50 [WARN] high memory usage
2026-06-17 10:16:51 [ERROR] connection refused
2026-06-17 10:16:52 [INFO] user logged in
2026-06-17 10:16:53 [WARN] retry attempt
2026-06-17 10:16:54 [INFO] health check ok
2026-06-17 10:16:55 [INFO] cache hit
2026-06-17 10:16:56 [WARN] retry attempt
2026-06-17 10:16:57 [ERROR] database timeout
2026-06-17 10:16:58 [ERROR] connection refused
2026-06-17 10:16:59 [ERROR] database timeout
2026-06-17 10:17:00 [ERROR] nil pointer
2026-06-17 10:17:01 [INFO] request completed
2026-06-17 10:17:02 [INFO] user logged in
2026-06-17 10:17:03 [ERROR] nil pointer
2026-06-17 10:17:04 [INFO] health check ok
2026-06-17 10:17:05 [ERROR] nil pointer
2026-06-17 10:17:06 [ERROR] request failed
2026-06-17 10:17:07 [INFO] cache hit
2026-06-17 10:17:08 [INFO] cache hit
2026-06-17 10:17:09 [WARN] retry attempt
2026-06-17 10:17:10 [ERROR] connection refused
2026-06-17 10:17:11 [INFO] user logged in
2026-06-17 10:17:12 [INFO] user logged in
2026-06-17 10:17:13 [INFO] request completed
2026-06-17 10:17:14 [WARN] high memory usage
2026-06-17 10:17:15 [WARN] high memory usage
2026-06-17 10:17:16 [INFO] health check ok
2026-06-17 10:17:17 [WARN] retry attempt
2026-06-17 10:17:18 [ERROR] nil pointer
2026-06-17 10:17:19 [ERROR] connection refused
2026-06-17 10:17:20 [INFO] cache hit
2026-06-17 10:17:21 [ERROR] nil pointer
2026-06-17 10:17:22 [ERROR] connection refused
2026-06-17 10:17:23 [WARN] retry attempt
2026-06-17 10:17:24 [WARN] high memory usage
2026-06-17 10:17:25 [ERROR] connection refused
2026-06-17 10:17:26 [WARN] retry attempt
2026-06-17 10:17:27 [WARN] slow query detected
2026-06-17 10:17:28 [ERROR] request failed
2026-06-17 10:17:29 [INFO] health check ok
2026-06-17 10:17:30 [INFO] cache hit
2026-06-17 10:17:31 [ERROR] database timeout
2026-06-17 10:17:32 [ERROR] request failed
2026-06-17 10:17:33 [INFO] request completed
2026-06-17 10:17:34 [WARN] slow query detected
2026-06-17 10:17:35 [INFO] health check ok
2026-06-17 10:17:36 [ERROR] connection refused
2026-06-17 10:17:37 [WARN] high memory usage
2026-06-17 10:17:38 [INFO] user logged in
2026-06-17 10:17:39 [INFO] health check ok
2026-06-17 10:17:40 [ERROR] connection refused
2026-06-17 10:17:41 [ERROR] database timeout
2026-06-17 10:17:42 [ERROR] connection refused
2026-06-17 10:17:43 [ERROR] nil pointer
2026-06-17 10:17:44 [INFO] cache hit
2026-06-17 10:17:45 [WARN] retry attempt
2026-06-17 10:17:46 [ERROR] database timeout
2026-06-17 10:17:47 [INFO] health check ok
2026-06-17 10:17:48 [ERROR] connection refused
2026-06-17 10:17:49 [WARN] slow query detected
2026-06-17 10:17:50 [ERROR] database timeout
2026-06-17 10:17:51 [INFO] request completed
2026-06-17 10:17:52 [WARN] high memory usage
2026-06-17 10:17:53 [INFO] health check ok
2026-06-17 10:17:54 [INFO] health check ok
2026-06-17 10:17:55 [INFO] cache hit
2026-06-17 10:17:56 [WARN] retry attempt
2026-06-17 10:17:57 [WARN] slow query detected
2026-06-17 10:17:58 [WARN] high memory usage
2026-06-17 10:17:59 [ERROR] connection refused
2026-06-17 10:18:00 [WARN] retry attempt
2026-06-17 10:18:01 [INFO] health check ok
2026-06-17 10:18:02 [INFO] health check ok
2026-06-17 10:18:03 [ERROR] database timeout
2026-06-17 10:18:04 [INFO] cache hit
2026-06-17 10:18:05 [INFO] request completed
2026-06-17 10:18:06 [WARN] slow query detected
2026-06-17 10:18:07 [ERROR] database timeout
2026-06-17 10:18:08 [ERROR] nil pointer
2026-06-17 10:18:09 [INFO] user logged in
2026-06-17 10:18:10 [ERROR] database timeout
2026-06-17 10:18:11 [WARN] slow query detected
2026-06-17 10:18:12 [WARN] slow query detected
2026-06-17 10:18:13 [ERROR] nil pointer
2026-06-17 10:18:14 [ERROR] request failed
2026-06-17 10:18:15 [INFO] request completed
2026-06-17 10:18:16 [WARN] retry attempt
2026-06-17 10:18:17 [ERROR] nil pointer
2026-06-17 10:18:18 [INFO] health check ok
2026-06-17 10:18:19 [ERROR] request failed
2026-06-17 10:18:20 [ERROR] database timeout
2026-06-17 10:18:21 [INFO] health check ok
2026-06-17 10:18:22 [INFO] cache hit
2026-06-17 10:18:23 [WARN] slow query detected
2026-06-17 10:18:24 [INFO] request completed
2026-06-17 10:18:25 [INFO] cache hit
2026-06-17 10:18:26 [ERROR] connection refused
2026-06-17 10:18:27 [INFO] health check ok
2026-06-17 10:18:28 [WARN] retry attempt
2026-06-17 10:18:29 [WARN] high memory usage
2026-06-17 10:18:30 [ERROR] nil pointer
2026-06-17 10:18:31 [ERROR] database timeout
2026-06-17 10:18:32 [INFO] user logged in
2026-06-17 10:18:33 [WARN] slow query detected
2026-06-17 10:18:34 [ERROR] nil pointer
2026-06-17 10:18:35 [INFO] request completed
2026-06-17 10:18:36 [INFO] cache hit
2026-06-17 10:18:37 [WARN] retry attempt
2026-06-17 10:18:38 [INFO] cache hit
2026-06-17 10:18:39 [WARN] high memory usage
2026-06-17 10:18:40 [INFO] health check ok
2026-06-17 10:18:41 [ERROR] connection refused
2026-06-17 10:18:42 [WARN] retry attempt
2026-06-17 10:18:43 [WARN] slow query detected
2026-06-17 10:18:44 [INFO] cache hit
2026-06-17 10:18:45 [WARN] slow query detected
2026-06-17 10:18:46 [WARN] retry attempt
2026-06-17 10:18:47 [INFO] cache hit
2026-06-17 10:18:48 [INFO] request completed
2026-06-17 10:18:49 [INFO] health check ok
2026-06-17 10:18:50 [ERROR] nil pointer
2026-06-17 10:18:51 [INFO] cache hit
2026-06-17 10:18:52 [INFO] cache hit
2026-06-17 10:18:53 [INFO] user logged in
2026-06-17 10:18:54 [WARN] high memory usage
2026-06-17 10:18:55 [WARN] high memory usage
2026-06-17 10:18:56 [WARN] retry attempt
2026-06-17 10:18:57 [ERROR] request failed
2026-06-17 10:18:58 [WARN] retry attempt
2026-06-17 10:18:59 [INFO] cache hit
2026-06-17 10:19:00 [WARN] retry attempt
2026-06-17 10:19:01 [ERROR] database timeout
2026-06-17 10:19:02 [WARN] slow query detected
2026-06-17 10:19:03 [INFO] user logged in
2026-06-17 10:19:04 [ERROR] database timeout
2026-06-17 10:19:05 [ERROR] request failed
2026-06-17 10:19:06 [ERROR] connection refused
2026-06-17 10:19:07 [ERROR] connection refused
2026-06-17 10:19:08 [WARN] retry attempt
2026-06-17 10:19:09 [ERROR] nil pointer
2026-06-17 10:19:10 [INFO] health check ok
2026-06-17 10:19:11 [WARN] retry attempt
2026-06-17 10:19:12 [ERROR] connection refused
2026-06-17 10:19:13 [ERROR] nil pointer
2026-06-17 10:19:14 [INFO] request completed
2026-06-17 10:19:15 [ERROR] connection refused
2026-06-17 10:19:16 [ERROR] database timeout
2026-06-17 10:19:17 [ERROR] connection refused
2026-06-17 10:19:18 [ERROR] database timeout
2026-06-17 10:19:19 [ERROR] nil pointer
2026-06-17 10:19:20 [INFO] health check ok
2026-06-17 10:19:21 [ERROR] nil pointer
2026-06-17 10:19:22 [ERROR] request failed
2026-06-17 10:19:23 [ERROR] nil pointer
2026-06-17 10:19:24 [INFO] health check ok
2026-06-17 10:19:25 [ERROR] request failed
2026-06-17 10:19:26 [INFO] health check ok
2026-06-17 10:19:27 [ERROR] nil pointer
2026-06-17 10:19:28 [WARN] slow query detected
2026-06-17 10:19:29 [ERROR] connection refused
2026-06-17 10:19:30 [WARN] slow query detected
2026-06-17 10:19:31 [ERROR] request failed
2026-06-17 10:19:32 [INFO] request completed
2026-06-17 10:19:33 [WARN] retry attempt
2026-06-17 10:19:34 [INFO] request completed
2026-06-17 10:19:35 [WARN] slow query detected
2026-06-17 10:19:36 [WARN] retry attempt
2026-06-17 10:19:37 [INFO] user logged in
2026-06-17 10:19:38 [WARN] slow query detected
2026-06-17 10:19:39 [INFO] request completed
2026-06-17 10:19:40 [ERROR] request failed
2026-06-17 10:19:41 [INFO] health check ok
2026-06-17 10:19:42 [ERROR] nil pointer
2026-06-17 10:19:43 [WARN] high memory usage
2026-06-17 10:19:44 [WARN] slow query detected
2026-06-17 10:19:45 [INFO] request completed
2026-06-17 10:19:46 [WARN] high memory usage
2026-06-17 10:19:47 [ERROR] request failed
2026-06-17 10:19:48 [WARN] retry attempt
2026-06-17 10:19:49 [ERROR] nil pointer
2026-06-17 10:19:50 [INFO] request completed
2026-06-17 10:19:51 [ERROR] nil pointer
2026-06-17 10:19:52 [INFO] cache hit
2026-06-17 10:19:53 [INFO] user logged in
2026-06-17 10:19:54 [INFO] health check ok
2026-06-17 10:19:55 [INFO] request completed
2026-06-17 10:19:56 [WARN] slow query detected
2026-06-17 10:19:57 [ERROR] connection refused
2026-06-17 10:19:58 [INFO] request completed
2026-06-17 10:19:59 [ERROR] database timeout
2026-06-17 10:20:00 [INFO] user logged in
2026-06-17 10:20:01 [WARN] retry attempt
2026-06-17 10:20:02 [INFO] user logged in
2026-06-17 10:20:03 [ERROR] connection refused
2026-06-17 10:20:04 [INFO] user logged in
2026-06-17 10:20:05 [WARN] high memory usage
2026-06-17 10:20:06 [ERROR] database timeout
2026-06-17 10:20:07 [ERROR] nil pointer
2026-06-17 10:20:08 [INFO] health check ok
2026-06-17 10:20:09 [ERROR] connection refused
2026-06-17 10:20:10 [WARN] slow query detected
2026-06-17 10:20:11 [WARN] slow query detected
2026-06-17 10:20:12 [ERROR] nil pointer
2026-06-17 10:20:13 [WARN] high memory usage
2026-06-17 10:20:14 [INFO] cache hit
2026-06-17 10:20:15 [ERROR] database timeout
2026-06-17 10:20:16 [ERROR] database timeout
2026-06-17 10:20:17 [INFO] cache hit
2026-06-17 10:20:18 [ERROR] request failed
2026-06-17 10:20:19 [INFO] health check ok
2026-06-17 10:20:20 [ERROR] nil pointer
2026-06-17 10:20:21 [WARN] retry attempt
2026-06-17 10:20:22 [INFO] user logged in
2026-06-17 10:20:23 [ERROR] connection refused
2026-06-17 10:20:24 [ERROR] nil pointer
2026-06-17 10:20:25 [ERROR] connection refused
2026-06-17 10:20:26 [INFO] cache hit
2026-06-17 10:20:27 [ERROR] database timeout
2026-06-17 10:20:28 [ERROR] database timeout
2026-06-17 10:20:29 [ERROR] request failed
2026-06-17 10:20:30 [ERROR] request failed
2026-06-17 10:20:31 [INFO] health check ok
2026-06-17 10:20:32 [ERROR] database timeout
2026-06-17 10:20:33 [INFO] request completed
2026-06-17 10:20:34 [INFO] request completed
2026-06-17 10:20:35 [INFO] health check ok
2026-06-17 10:20:36 [INFO] user logged in
2026-06-17 10:20:37 [INFO] user logged in
2026-06-17 10:20:38 [WARN] retry attempt
2026-06-17 10:20:39 [WARN] high memory usage
2026-06-17 10:20:40 [ERROR] database timeout
2026-06-17 10:20:41 [WARN] high memory usage
2026-06-17 10:20:42 [WARN] slow query detected
2026-06-17 10:20:43 [INFO] user logged in
2026-06-17 10:20:44 [INFO] user logged in
2026-06-17 10:20:45 [ERROR] request failed
2026-06-17 10:20:46 [INFO] cache hit
2026-06-17 10:20:47 [WARN] retry attempt
2026-06-17 10:20:48 [ERROR] database timeout
2026-06-17 10:20:49 [WARN] slow query detected
2026-06-17 10:20:50 [ERROR] request failed
2026-06-17 10:20:51 [ERROR] nil pointer
2026-06-17 10:20:52 [ERROR] nil pointer
2026-06-17 10:20:53 [INFO] request completed
2026-06-17 10:20:54 [WARN] high memory usage
2026-06-17 10:20:55 [ERROR] database timeout
2026-06-17 10:20:56 [ERROR] nil pointer
2026-06-17 10:20:57 [WARN] retry attempt
2026-06-17 10:20:58 [INFO] health check ok
2026-06-17 10:20:59 [ERROR] request failed
2026-06-17 10:21:00 [ERROR] connection refused
2026-06-17 10:21:01 [WARN] slow query detected
2026-06-17 10:21:02 [ERROR] nil pointer
2026-06-17 10:21:03 [ERROR] request failed
2026-06-17 10:21:04 [ERROR] connection refused
2026-06-17 10:21:05 [INFO] cache hit
2026-06-17 10:21:06 [ERROR] nil pointer
2026-06-17 10:21:07 [WARN] slow query detected
2026-06-17 10:21:08 [WARN] high memory usage
2026-06-17 10:21:09 [ERROR] request failed
2026-06-17 10:21:10 [ERROR] request failed
2026-06-17 10:21:11 [INFO] user logged in
2026-06-17 10:21:12 [INFO] request completed
2026-06-17 10:21:13 [ERROR] connection refused
2026-06-17 10:21:14 [WARN] slow query detected
2026-06-17 10:21:15 [ERROR] database timeout
2026-06-17 10:21:16 [INFO] user logged in
2026-06-17 10:21:17 [WARN] retry attempt
2026-06-17 10:21:18 [INFO] cache hit
2026-06-17 10:21:19 [WARN] high memory usage
2026-06-17 10:21:20 [ERROR] nil pointer
2026-06-17 10:21:21 [INFO] request completed
2026-06-17 10:21:22 [WARN] slow query detected
2026-06-17 10:21:23 [INFO] request completed
2026-06-17 10:21:24 [WARN] slow query detected
2026-06-17 10:21:25 [ERROR] nil pointer
2026-06-17 10:21:26 [INFO] health check ok
2026-06-17 10:21:27 [INFO] cache hit
2026-06-17 10:21:28 [ERROR] connection refused
2026-06-17 10:21:29 [ERROR] database timeout
2026-06-17 10:21:30 [INFO] request completed
2026-06-17 10:21:31 [ERROR] database timeout
2026-06-17 10:21:32 [ERROR] request failed
2026-06-17 10:21:33 [ERROR] connection refused
2026-06-17 10:21:34 [INFO] user logged in
2026-06-17 10:21:35 [ERROR] request failed
2026-06-17 10:21:36 [ERROR] request failed
2026-06-17 10:21:37 [INFO] health check ok
2026-06-17 10:21:38 [ERROR] nil pointer
2026-06-17 10:21:39 [INFO] request completed
2026-06-17 10:21:40 [INFO] user logged in
2026-06-17 10:21:41 [INFO] health check ok
2026-06-17 10:21:42 [ERROR] request failed
2026-06-17 10:21:43 [ERROR] connection refused
2026-06-17 10:21:44 [WARN] slow query detected
2026-06-17 10:21:45 [WARN] high memory usage
2026-06-17 10:21:46 [INFO] request completed
2026-06-17 10:21:47 [WARN] retry attempt
2026-06-17 10:21:48 [ERROR] database timeout
2026-06-17 10:21:49 [INFO] cache hit
2026-06-17 10:21:50 [WARN] high memory usage
2026-06-17 10:21:51 [ERROR] request failed
2026-06-17 10:21:52 [INFO] health check ok
2026-06-17 10:21:53 [INFO] health check ok
2026-06-17 10:21:54 [ERROR] nil pointer
2026-06-17 10:21:55 [INFO] cache hit
2026-06-17 10:21:56 [ERROR] nil pointer
2026-06-17 10:21:57 [WARN] high memory usage
2026-06-17 10:21:58 [WARN] high memory usage
2026-06-17 10:21:59 [INFO] request completed
2026-06-17 10:22:00 [WARN] retry attempt
2026-06-17 10:22:01 [WARN] high memory usage
2026-06-17 10:22:02 [INFO] health check ok
2026-06-17 10:22:03 [WARN] slow query detected
2026-06-17 10:22:04 [INFO] cache hit
2026-06-17 10:22:05 [WARN] high memory usage
2026-06-17 10:22:06 [ERROR] database timeout
2026-06-17 10:22:07 [INFO] user logged in
2026-06-17 10:22:08 [ERROR] connection refused
2026-06-17 10:22:09 [INFO] user logged in
2026-06-17 10:22:10 [ERROR] request failed
2026-06-17 10:22:11 [INFO] health check ok
2026-06-17 10:22:12 [WARN] slow query detected
2026-06-17 10:22:13 [WARN] retry attempt
2026-06-17 10:22:14 [ERROR] request failed
2026-06-17 10:22:15 [ERROR] nil pointer
2026-06-17 10:22:16 [WARN] slow query detected
2026-06-17 10:22:17 [WARN] high memory usage
2026-06-17 10:22:18 [WARN] high memory usage
2026-06-17 10:22:19 [WARN] retry attempt
2026-06-17 10:22:20 [WARN] retry attempt
2026-06-17 10:22:21 [ERROR] database timeout
2026-06-17 10:22:22 [WARN] high memory usage
2026-06-17 10:22:23 [WARN] retry attempt
2026-06-17 10:22:24 [ERROR] connection refused
2026-06-17 10:22:25 [WARN] high memory usage
2026-06-17 10:22:26 [ERROR] database timeout
2026-06-17 10:22:27 [INFO] request completed
2026-06-17 10:22:28 [ERROR] database timeout
2026-06-17 10:22:29 [INFO] cache hit
2026-06-17 10:22:30 [INFO] request completed
2026-06-17 10:22:31 [ERROR] connection refused
2026-06-17 10:22:32 [WARN] retry attempt
2026-06-17 10:22:33 [WARN] slow query detected
2026-06-17 10:22:34 [WARN] retry attempt
2026-06-17 10:22:35 [ERROR] nil pointer
2026-06-17 10:22:36 [INFO] health check ok
2026-06-17 10:22:37 [ERROR] connection refused
2026-06-17 10:22:38 [INFO] user logged in
2026-06-17 10:22:39 [ERROR] connection refused
2026-06-17 10:22:40 [INFO] request completed
2026-06-17 10:22:41 [INFO] user logged in
2026-06-17 10:22:42 [INFO] user logged in
2026-06-17 10:22:43 [INFO] request completed
2026-06-17 10:22:44 [INFO] request completed
2026-06-17 10:22:45 [INFO] cache hit
2026-06-17 10:22:46 [INFO] health check ok
2026-06-17 10:22:47 [INFO] health check ok
2026-06-17 10:22:48 [ERROR] connection refused
2026-06-17 10:22:49 [INFO] request completed
2026-06-17 10:22:50 [ERROR] connection refused
2026-06-17 10:22:51 [ERROR] database timeout
2026-06-17 10:22:52 [WARN] slow query detected
2026-06-17 10:22:53 [WARN] retry attempt
2026-06-17 10:22:54 [INFO] cache hit
2026-06-17 10:22:55 [INFO] cache hit
2026-06-17 10:22:56 [WARN] slow query detected
2026-06-17 10:22:57 [ERROR] nil pointer
2026-06-17 10:22:58 [ERROR] request failed
2026-06-17 10:22:59 [ERROR] request failed
2026-06-17 10:23:00 [INFO] health check ok
2026-06-17 10:23:01 [INFO] cache hit
2026-06-17 10:23:02 [ERROR] connection refused
2026-06-17 10:23:03 [ERROR] nil pointer
2026-06-17 10:23:04 [INFO] cache hit
2026-06-17 10:23:05 [ERROR] connection refused
2026-06-17 10:23:06 [INFO] user logged in
2026-06-17 10:23:07 [WARN] retry attempt
2026-06-17 10:23:08 [ERROR] database timeout
2026-06-17 10:23:09 [WARN] retry attempt
2026-06-17 10:23:10 [INFO] cache hit
2026-06-17 10:23:11 [ERROR] connection refused
2026-06-17 10:23:12 [WARN] slow query detected
2026-06-17 10:23:13 [INFO] health check ok
2026-06-17 10:23:14 [WARN] slow query detected
2026-06-17 10:23:15 [WARN] retry attempt
2026-06-17 10:23:16 [ERROR] request failed
2026-06-17 10:23:17 [INFO] cache hit
2026-06-17 10:23:18 [WARN] high memory usage
2026-06-17 10:23:19 [INFO] request completed
2026-06-17 10:23:20 [WARN] high memory usage
2026-06-17 10:23:21 [ERROR] nil pointer
2026-06-17 10:23:22 [ERROR] database timeout
2026-06-17 10:23:23 [ERROR] nil pointer
2026-06-17 10:23:24 [WARN] slow query detected
2026-06-17 10:23:25 [INFO] user logged in
2026-06-17 10:23:26 [WARN] retry attempt
2026-06-17 10:23:27 [WARN] high memory usage
2026-06-17 10:23:28 [WARN] retry attempt
2026-06-17 10:23:29 [WARN] slow query detected
2026-06-17 10:23:30 [INFO] cache hit
2026-06-17 10:23:31 [ERROR] nil pointer
2026-06-17 10:23:32 [ERROR] nil pointer
2026-06-17 10:23:33 [WARN] high memory usage
2026-06-17 10:23:34 [WARN] high memory usage
2026-06-17 10:23:35 [INFO] cache hit
2026-06-17 10:23:36 [ERROR] connection refused
2026-06-17 10:23:37 [WARN] retry attempt
2026-06-17 10:23:38 [ERROR] request failed
2026-06-17 10:23:39 [WARN] retry attempt
2026-06-17 10:23:40 [INFO] health check ok
2026-06-17 10:23:41 [INFO] cache hit
2026-06-17 10:23:42 [ERROR] connection refused
2026-06-17 10:23:43 [ERROR] connection refused
2026-06-17 10:23:44 [ERROR] database timeout
2026-06-17 10:23:45 [WARN] high memory usage
2026-06-17 10:23:46 [ERROR] nil pointer
2026-06-17 10:23:47 [WARN] slow query detected
2026-06-17 10:23:48 [INFO] request completed
2026-06-17 10:23:49 [INFO] health check ok
2026-06-17 10:23:50 [INFO] request completed
2026-06-17 10:23:51 [INFO] health check ok
2026-06-17 10:23:52 [INFO] user logged in
2026-06-17 10:23:53 [ERROR] connection refused
2026-06-17 10:23:54 [INFO] cache hit
2026-06-17 10:23:55 [INFO] cache hit
2026-06-17 10:23:56 [INFO] request completed
2026-06-17 10:23:57 [INFO] cache hit
2026-06-17 10:23:58 [INFO] health check ok
2026-06-17 10:23:59 [INFO] health check ok
2026-06-17 10:24:00 [WARN] slow query detected
2026-06-17 10:24:01 [INFO] health check ok
2026-06-17 10:24:02 [WARN] high memory usage
2026-06-17 10:24:03 [INFO] health check ok
2026-06-17 10:24:04 [INFO] health check ok
2026-06-17 10:24:05 [INFO] cache hit
2026-06-17 10:24:06 [ERROR] nil pointer
2026-06-17 10:24:07 [WARN] retry attempt
2026-06-17 10:24:08 [INFO] user logged in
2026-06-17 10:24:09 [WARN] high memory usage
2026-06-17 10:24:10 [INFO] cache hit
2026-06-17 10:24:11 [INFO] user logged in
2026-06-17 10:24:12 [ERROR] nil pointer
2026-06-17 10:24:13 [WARN] retry attempt
2026-06-17 10:24:14 [ERROR] connection refused
2026-06-17 10:24:15 [ERROR] nil pointer
2026-06-17 10:24:16 [ERROR] connection refused
2026-06-17 10:24:17 [WARN] high memory usage
2026-06-17 10:24:18 [ERROR] connection refused
2026-06-17 10:24:19 [INFO] user logged in
2026-06-17 10:24:20 [WARN] slow query detected
2026-06-17 10:24:21 [INFO] request completed
2026-06-17 10:24:22 [INFO] cache hit
2026-06-17 10:24:23 [WARN] retry attempt
2026-06-17 10:24:24 [ERROR] connection refused
2026-06-17 10:24:25 [WARN] retry attempt
2026-06-17 10:24:26 [WARN] slow query detected
2026-06-17 10:24:27 [ERROR] nil pointer
2026-06-17 10:24:28 [INFO] health check ok
2026-06-17 10:24:29 [WARN] slow query detected
2026-06-17 10:24:30 [ERROR] request failed
2026-06-17 10:24:31 [INFO] user logged in
2026-06-17 10:24:32 [WARN] slow query detected
2026-06-17 10:24:33 [ERROR] request failed
2026-06-17 10:24:34 [WARN] high memory usage
2026-06-17 10:24:35 [ERROR] connection refused
2026-06-17 10:24:36 [ERROR] nil pointer
2026-06-17 10:24:37 [WARN] high memory usage
2026-06-17 10:24:38 [INFO] user logged in
2026-06-17 10:24:39 [ERROR] request failed
2026-06-17 10:24:40 [INFO] health check ok
2026-06-17 10:24:41 [ERROR] nil pointer
2026-06-17 10:24:42 [INFO] cache hit
2026-06-17 10:24:43 [WARN] high memory usage
2026-06-17 10:24:44 [ERROR] connection refused
2026-06-17 10:24:45 [ERROR] nil pointer
2026-06-17 10:24:46 [ERROR] nil pointer
2026-06-17 10:24:47 [ERROR] nil pointer
2026-06-17 10:24:48 [INFO] request completed
2026-06-17 10:24:49 [INFO] health check ok
2026-06-17 10:24:50 [WARN] retry attempt
2026-06-17 10:24:51 [ERROR] nil pointer
2026-06-17 10:24:52 [INFO] request completed
2026-06-17 10:24:53 [WARN] retry attempt
2026-06-17 10:24:54 [ERROR] request failed
2026-06-17 10:24:55 [INFO] request completed
2026-06-17 10:24:56 [ERROR] nil pointer
2026-06-17 10:24:57 [ERROR] nil pointer
2026-06-17 10:24:58 [WARN] slow query detected
2026-06-17 10:24:59 [WARN] high memory usage
2026-06-17 10:25:00 [INFO] cache hit
2026-06-17 10:25:01 [WARN] retry attempt
2026-06-17 10:25:02 [INFO] health check ok
2026-06-17 10:25:03 [INFO] request completed
2026-06-17 10:25:04 [ERROR] database timeout
2026-06-17 10:25:05 [WARN] retry attempt
2026-06-17 10:25:06 [WARN] high memory usage
2026-06-17 10:25:07 [ERROR] connection refused
2026-06-17 10:25:08 [WARN] slow query detected
2026-06-17 10:25:09 [ERROR] request failed
2026-06-17 10:25:10 [WARN] retry attempt
2026-06-17 10:25:11 [ERROR] connection refused
2026-06-17 10:25:12 [INFO] user logged in
2026-06-17 10:25:13 [WARN] high memory usage
2026-06-17 10:25:14 [ERROR] request failed
2026-06-17 10:25:15 [ERROR] database timeout
2026-06-17 10:25:16 [ERROR] nil pointer
2026-06-17 10:25:17 [ERROR] nil pointer
2026-06-17 10:25:18 [WARN] retry attempt
2026-06-17 10:25:19 [INFO] cache hit
2026-06-17 10:25:20 [INFO] request completed
2026-06-17 10:25:21 [WARN] high memory usage
2026-06-17 10:25:22 [INFO] cache hit
2026-06-17 10:25:23 [ERROR] connection refused
2026-06-17 10:25:24 [WARN] slow query detected
2026-06-17 10:25:25 [INFO] user logged in
2026-06-17 10:25:26 [ERROR] connection refused
2026-06-17 10:25:27 [ERROR] request failed
2026-06-17 10:25:28 [ERROR] database timeout
2026-06-17 10:25:29 [WARN] slow query detected
2026-06-17 10:25:30 [INFO] cache hit
2026-06-17 10:25:31 [ERROR] database timeout
2026-06-17 10:25:32 [INFO] health check ok
2026-06-17 10:25:33 [WARN] slow query detected
2026-06-17 10:25:34 [INFO] user logged in
2026-06-17 10:25:35 [INFO] health check ok
2026-06-17 10:25:36 [INFO] health check ok
2026-06-17 10:25:37 [ERROR] nil pointer
2026-06-17 10:25:38 [INFO] user logged in
2026-06-17 10:25:39 [ERROR] nil pointer
2026-06-17 10:25:40 [ERROR] connection refused
2026-06-17 10:25:41 [ERROR] nil pointer
2026-06-17 10:25:42 [ERROR] connection refused
2026-06-17 10:25:43 [WARN] retry attempt
2026-06-17 10:25:44 [WARN] high memory usage
2026-06-17 10:25:45 [INFO] cache hit
2026-06-17 10:25:46 [WARN] high memory usage
2026-06-17 10:25:47 [INFO] cache hit
2026-06-17 10:25:48 [ERROR] nil pointer
2026-06-17 10:25:49 [WARN] high memory usage
2026-06-17 10:25:50 [WARN] high memory usage
2026-06-17 10:25:51 [ERROR] nil pointer
2026-06-17 10:25:52 [ERROR] connection refused
2026-06-17 10:25:53 [INFO] cache hit
2026-06-17 10:25:54 [WARN] high memory usage
2026-06-17 10:25:55 [ERROR] connection refused
2026-06-17 10:25:56 [WARN] slow query detected
2026-06-17 10:25:57 [INFO] user logged in
2026-06-17 10:25:58 [INFO] user logged in
2026-06-17 10:25:59 [WARN] slow query detected
2026-06-17 10:26:00 [WARN] retry attempt
2026-06-17 10:26:01 [WARN] slow query detected
2026-06-17 10:26:02 [ERROR] request failed
2026-06-17 10:26:03 [WARN] slow query detected
2026-06-17 10:26:04 [ERROR] request failed
2026-06-17 10:26:05 [ERROR] database timeout
2026-06-17 10:26:06 [ERROR] nil pointer
2026-06-17 10:26:07 [ERROR] database timeout
2026-06-17 10:26:08 [ERROR] connection refused
2026-06-17 10:26:09 [INFO] cache hit
2026-06-17 10:26:10 [ERROR] request failed
2026-06-17 10:26:11 [WARN] slow query detected
2026-06-17 10:26:12 [ERROR] connection refused
2026-06-17 10:26:13 [ERROR] nil pointer
2026-06-17 10:26:14 [ERROR] connection refused
2026-06-17 10:26:15 [WARN] slow query detected
2026-06-17 10:26:16 [WARN] slow query detected
2026-06-17 10:26:17 [INFO] health check ok
2026-06-17 10:26:18 [ERROR] database timeout
2026-06-17 10:26:19 [INFO] health check ok
2026-06-17 10:26:20 [ERROR] database timeout
2026-06-17 10:26:21 [WARN] slow query detected
2026-06-17 10:26:22 [INFO] request completed
2026-06-17 10:26:23 [WARN] retry attempt
2026-06-17 10:26:24 [WARN] high memory usage
2026-06-17 10:26:25 [INFO] user logged in
2026-06-17 10:26:26 [ERROR] nil pointer
2026-06-17 10:26:27 [WARN] retry attempt
2026-06-17 10:26:28 [WARN] high memory usage
2026-06-17 10:26:29 [ERROR] connection refused
2026-06-17 10:26:30 [WARN] high memory usage
2026-06-17 10:26:31 [WARN] retry attempt
2026-06-17 10:26:32 [INFO] cache hit
2026-06-17 10:26:33 [INFO] health check ok
2026-06-17 10:26:34 [ERROR] nil pointer
2026-06-17 10:26:35 [ERROR] connection refused
2026-06-17 10:26:36 [INFO] user logged in
2026-06-17 10:26:37 [WARN] slow query detected
2026-06-17 10:26:38 [ERROR] database timeout
2026-06-17 10:26:39 [ERROR] nil pointer
2026-06-17 10:26:40 [WARN] retry attempt
2026-06-17 10:26:41 [WARN] slow query detected
2026-06-17 10:26:42 [INFO] user logged in
2026-06-17 10:26:43 [WARN] slow query detected
2026-06-17 10:26:44 [WARN] retry attempt
2026-06-17 10:26:45 [ERROR] connection refused
2026-06-17 10:26:46 [INFO] user logged in
2026-06-17 10:26:47 [INFO] cache hit
2026-06-17 10:26:48 [ERROR] request failed
2026-06-17 10:26:49 [WARN] high memory usage
2026-06-17 10:26:50 [INFO] health check ok
2026-06-17 10:26:51 [INFO] health check ok
2026-06-17 10:26:52 [ERROR] nil pointer
2026-06-17 10:26:53 [ERROR] database timeout
2026-06-17 10:26:54 [ERROR] connection refused
2026-06-17 10:26:55 [INFO] cache hit
2026-06-17 10:26:56 [WARN] retry attempt
2026-06-17 10:26:57 [INFO] user logged in
2026-06-17 10:26:58 [WARN] retry attempt
2026-06-17 10:26:59 [WARN] slow query detected
2026-06-17 10:27:00 [ERROR] connection refused
2026-06-17 10:27:01 [ERROR] nil pointer
2026-06-17 10:27:02 [WARN] slow query detected
2026-06-17 10:27:03 [WARN] high memory usage
2026-06-17 10:27:04 [WARN] slow query detected
2026-06-17 10:27:05 [ERROR] request failed
2026-06-17 10:27:06 [WARN] retry attempt
2026-06-17 10:27:07 [WARN] high memory usage
2026-06-17 10:27:08 [WARN] slow query detected
2026-06-17 10:27:09 [INFO] request completed
2026-06-17 10:27:10 [ERROR] connection refused
2026-06-17 10:27:11 [INFO] cache hit
2026-06-17 10:27:12 [INFO] cache hit
2026-06-17 10:27:13 [INFO] user logged in
2026-06-17 10:27:14 [INFO] health check ok
2026-06-17 10:27:15 [ERROR] nil pointer
2026-06-17 10:27:16 [INFO] user logged in
2026-06-17 10:27:17 [ERROR] connection refused
2026-06-17 10:27:18 [ERROR] nil pointer
2026-06-17 10:27:19 [ERROR] nil pointer
2026-06-17 10:27:20 [WARN] slow query detected
2026-06-17 10:27:21 [WARN] slow query detected
2026-06-17 10:27:22 [INFO] health check ok
2026-06-17 10:27:23 [ERROR] nil pointer
2026-06-17 10:27:24 [INFO] cache hit
2026-06-17 10:27:25 [INFO] request completed
2026-06-17 10:27:26 [WARN] retry attempt
2026-06-17 10:27:27 [WARN] high memory usage
2026-06-17 10:27:28 [INFO] user logged in
2026-06-17 10:27:29 [ERROR] request failed
2026-06-17 10:27:30 [ERROR] connection refused
2026-06-17 10:27:31 [INFO] user logged in
2026-06-17 10:27:32 [ERROR] database timeout
2026-06-17 10:27:33 [WARN] high memory usage
2026-06-17 10:27:34 [ERROR] nil pointer
2026-06-17 10:27:35 [ERROR] nil pointer
2026-06-17 10:27:36 [INFO] request completed
2026-06-17 10:27:37 [ERROR] database timeout
2026-06-17 10:27:38 [INFO] request completed
2026-06-17 10:27:39 [WARN] slow query detected
2026-06-17 10:27:40 [WARN] retry attempt
2026-06-17 10:27:41 [ERROR] nil pointer
2026-06-17 10:27:42 [ERROR] nil pointer
2026-06-17 10:27:43 [INFO] cache hit
2026-06-17 10:27:44 [INFO] request completed
2026-06-17 10:27:45 [INFO] health check ok
2026-06-17 10:27:46 [INFO] request completed
2026-06-17 10:27:47 [ERROR] connection refused
2026-06-17 10:27:48 [ERROR] connection refused
2026-06-17 10:27:49 [WARN] high memory usage
2026-06-17 10:27:50 [ERROR] nil pointer
2026-06-17 10:27:51 [WARN] retry attempt
2026-06-17 10:27:52 [WARN] retry attempt
2026-06-17 10:27:53 [INFO] user logged in
2026-06-17 10:27:54 [INFO] request completed
2026-06-17 10:27:55 [WARN] retry attempt
2026-06-17 10:27:56 [ERROR] connection refused
2026-06-17 10:27:57 [WARN] slow query detected
2026-06-17 10:27:58 [WARN] high memory usage
2026-06-17 10:27:59 [WARN] retry attempt
2026-06-17 10:28:00 [WARN] retry attempt
2026-06-17 10:28:01 [ERROR] connection refused
2026-06-17 10:28:02 [WARN] retry attempt
2026-06-17 10:28:03 [WARN] slow query detected
2026-06-17 10:28:04 [ERROR] request failed
2026-06-17 10:28:05 [WARN] retry attempt
2026-06-17 10:28:06 [INFO] cache hit
2026-06-17 10:28:07 [INFO] request completed
2026-06-17 10:28:08 [WARN] slow query detected
2026-06-17 10:28:09 [INFO] user logged in
2026-06-17 10:28:10 [WARN] retry attempt
2026-06-17 10:28:11 [ERROR] nil pointer
2026-06-17 10:28:12 [WARN] high memory usage
2026-06-17 10:28:13 [ERROR] database timeout
2026-06-17 10:28:14 [WARN] high memory usage
2026-06-17 10:28:15 [WARN] high memory usage
2026-06-17 10:28:16 [ERROR] database timeout
2026-06-17 10:28:17 [ERROR] request failed
2026-06-17 10:28:18 [INFO] cache hit
2026-06-17 10:28:19 [INFO] user logged in
2026-06-17 10:28:20 [INFO] user logged in
2026-06-17 10:28:21 [WARN] slow query detected
2026-06-17 10:28:22 [ERROR] nil pointer
2026-06-17 10:28:23 [WARN] slow query detected
2026-06-17 10:28:24 [INFO] user logged in
2026-06-17 10:28:25 [ERROR] nil pointer
2026-06-17 10:28:26 [ERROR] request failed
2026-06-17 10:28:27 [WARN] retry attempt
2026-06-17 10:28:28 [ERROR] connection refused
2026-06-17 10:28:29 [INFO] health check ok
2026-06-17 10:28:30 [WARN] high memory usage
2026-06-17 10:28:31 [ERROR] connection refused
2026-06-17 10:28:32 [WARN] slow query detected
2026-06-17 10:28:33 [INFO] user logged in
2026-06-17 10:28:34 [ERROR] request failed
2026-06-17 10:28:35 [ERROR] connection refused
2026-06-17 10:28:36 [WARN] slow query detected
2026-06-17 10:28:37 [WARN] slow query detected
2026-06-17 10:28:38 [ERROR] connection refused
2026-06-17 10:28:39 [INFO] user logged in
2026-06-17 10:28:40 [ERROR] database timeout
2026-06-17 10:28:41 [WARN] retry attempt
2026-06-17 10:28:42 [WARN] retry attempt
2026-06-17 10:28:43 [WARN] retry attempt
2026-06-17 10:28:44 [ERROR] request failed
2026-06-17 10:28:45 [WARN] retry attempt
2026-06-17 10:28:46 [ERROR] request failed
2026-06-17 10:28:47 [WARN] slow query detected
2026-06-17 10:28:48 [WARN] high memory usage
2026-06-17 10:28:49 [INFO] request completed
2026-06-17 10:28:50 [WARN] retry attempt
2026-06-17 10:28:51 [INFO] cache hit
2026-06-17 10:28:52 [ERROR] database timeout
2026-06-17 10:28:53 [WARN] retry attempt
2026-06-17 10:28:54 [INFO] user logged in
2026-06-17 10:28:55 [ERROR] database timeout
2026-06-17 10:28:56 [WARN] slow query detected
2026-06-17 10:28:57 [INFO] cache hit
2026-06-17 10:28:58 [ERROR] connection refused
2026-06-17 10:28:59 [WARN] slow query detected
2026-06-17 10:29:00 [INFO] user logged in
2026-06-17 10:29:01 [WARN] high memory usage
2026-06-17 10:29:02 [INFO] health check ok
2026-06-17 10:29:03 [WARN] slow query detected
2026-06-17 10:29:04 [WARN] slow query detected
2026-06-17 10:29:05 [WARN] slow query detected
2026-06-17 10:29:06 [INFO] user logged in
2026-06-17 10:29:07 [WARN] slow query detected
2026-06-17 10:29:08 [WARN] high memory usage
2026-06-17 10:29:09 [WARN] slow query detected
2026-06-17 10:29:10 [ERROR] database timeout
2026-06-17 10:29:11 [WARN] high memory usage
2026-06-17 10:29:12 [ERROR] database timeout
2026-06-17 10:29:13 [ERROR] connection refused
2026-06-17 10:29:14 [WARN] retry attempt
2026-06-17 10:29:15 [INFO] cache hit
2026-06-17 10:29:16 [INFO] request completed
2026-06-17 10:29:17 [INFO] health check ok
2026-06-17 10:29:18 [INFO] request completed
2026-06-17 10:29:19 [ERROR] nil pointer
2026-06-17 10:29:20 [ERROR] request failed
2026-06-17 10:29:21 [ERROR] request failed
2026-06-17 10:29:22 [INFO] health check ok
2026-06-17 10:29:23 [ERROR] database timeout
2026-06-17 10:29:24 [WARN] slow query detected
2026-06-17 10:29:25 [INFO] user logged in
2026-06-17 10:29:26 [WARN] slow query detected
2026-06-17 10:29:27 [WARN] high memory usage
2026-06-17 10:29:28 [INFO] user logged in
2026-06-17 10:29:29 [INFO] request completed
2026-06-17 10:29:30 [ERROR] connection refused
2026-06-17 10:29:31 [INFO] user logged in
2026-06-17 10:29:32 [ERROR] connection refused
2026-06-17 10:29:33 [INFO] user logged in
2026-06-17 10:29:34 [ERROR] request failed
2026-06-17 10:29:35 [ERROR] database timeout
2026-06-17 10:29:36 [INFO] health check ok
2026-06-17 10:29:37 [ERROR] nil pointer
2026-06-17 10:29:38 [INFO] health check ok
2026-06-17 10:29:39 [ERROR] nil pointer
2026-06-17 10:29:40 [ERROR] nil pointer
2026-06-17 10:29:41 [INFO] health check ok
2026-06-17 10:29:42 [WARN] slow query detected
2026-06-17 10:29:43 [ERROR] database timeout
2026-06-17 10:29:44 [WARN] high memory usage
2026-06-17 10:29:45 [ERROR] database timeout
2026-06-17 10:29:46 [WARN] slow query detected
2026-06-17 10:29:47 [INFO] request completed
2026-06-17 10:29:48 [WARN] high memory usage
2026-06-17 10:29:49 [INFO] user logged in
2026-06-17 10:29:50 [ERROR] nil pointer
2026-06-17 10:29:51 [ERROR] connection refused
2026-06-17 10:29:52 [INFO] health check ok
2026-06-17 10:29:53 [INFO] user logged in
2026-06-17 10:29:54 [WARN] high memory usage
2026-06-17 10:29:55 [ERROR] connection refused
2026-06-17 10:29:56 [INFO] cache hit
2026-06-17 10:29:57 [INFO] request completed
2026-06-17 10:29:58 [ERROR] request failed
2026-06-17 10:29:59 [INFO] health check ok
2026-06-17 10:30:00 [INFO] health check ok
2026-06-17 10:30:01 [ERROR] request failed
2026-06-17 10:30:02 [WARN] slow query detected
2026-06-17 10:30:03 [INFO] cache hit
2026-06-17 10:30:04 [INFO] cache hit
2026-06-17 10:30:05 [INFO] cache hit
2026-06-17 10:30:06 [ERROR] request failed
2026-06-17 10:30:07 [WARN] high memory usage
2026-06-17 10:30:08 [WARN] retry attempt
2026-06-17 10:30:09 [ERROR] nil pointer
2026-06-17 10:30:10 [ERROR] database timeout
2026-06-17 10:30:11 [INFO] user logged in
2026-06-17 10:30:12 [WARN] retry attempt
2026-06-17 10:30:13 [INFO] request completed
2026-06-17 10:30:14 [ERROR] nil pointer
2026-06-17 10:30:15 [ERROR] connection refused
2026-06-17 10:30:16 [ERROR] connection refused
2026-06-17 10:30:17 [ERROR] request failed
2026-06-17 10:30:18 [ERROR] connection refused
2026-06-17 10:30:19 [ERROR] database timeout
2026-06-17 10:30:20 [ERROR] database timeout
2026-06-17 10:30:21 [ERROR] request failed
2026-06-17 10:30:22 [INFO] request completed
2026-06-17 10:30:23 [ERROR] connection refused
2026-06-17 10:30:24 [WARN] retry attempt
2026-06-17 10:30:25 [ERROR] request failed
2026-06-17 10:30:26 [ERROR] database timeout
2026-06-17 10:30:27 [INFO] cache hit
2026-06-17 10:30:28 [INFO] cache hit
2026-06-17 10:30:29 [ERROR] nil pointer
2026-06-17 10:30:30 [WARN] slow query detected
2026-06-17 10:30:31 [ERROR] request failed
2026-06-17 10:30:32 [ERROR] nil pointer
2026-06-17 10:30:33 [ERROR] request failed
2026-06-17 10:30:34 [WARN] high memory usage
2026-06-17 10:30:35 [INFO] cache hit
2026-06-17 10:30:36 [INFO] cache hit
2026-06-17 10:30:37 [WARN] high memory usage
2026-06-17 10:30:38 [INFO] cache hit
2026-06-17 10:30:39 [WARN] high memory usage
2026-06-17 10:30:40 [INFO] health check ok
2026-06-17 10:30:41 [INFO] request completed
2026-06-17 10:30:42 [WARN] retry attempt
2026-06-17 10:30:43 [WARN] retry attempt
2026-06-17 10:30:44 [INFO] request completed
2026-06-17 10:30:45 [INFO] health check ok
2026-06-17 10:30:46 [WARN] retry attempt
2026-06-17 10:30:47 [INFO] cache hit
2026-06-17 10:30:48 [ERROR] request failed
2026-06-17 10:30:49 [INFO] health check ok
2026-06-17 10:30:50 [WARN] slow query detected
2026-06-17 10:30:51 [WARN] high memory usage
2026-06-17 10:30:52 [INFO] health check ok
2026-06-17 10:30:53 [INFO] user logged in
2026-06-17 10:30:54 [ERROR] database timeout
2026-06-17 10:30:55 [WARN] high memory usage
2026-06-17 10:30:56 [WARN] slow query detected
2026-06-17 10:30:57 [WARN] retry attempt
2026-06-17 10:30:58 [ERROR] request failed
2026-06-17 10:30:59 [INFO] health check ok
2026-06-17 10:31:00 [ERROR] database timeout
2026-06-17 10:31:01 [WARN] retry attempt
2026-06-17 10:31:02 [WARN] high memory usage
2026-06-17 10:31:03 [INFO] user logged in
2026-06-17 10:31:04 [ERROR] nil pointer
2026-06-17 10:31:05 [INFO] cache hit
2026-06-17 10:31:06 [ERROR] nil pointer
2026-06-17 10:31:07 [INFO] cache hit
2026-06-17 10:31:08 [ERROR] nil pointer
2026-06-17 10:31:09 [ERROR] connection refused
2026-06-17 10:31:10 [INFO] health check ok
2026-06-17 10:31:11 [INFO] cache hit
2026-06-17 10:31:12 [WARN] retry attempt
2026-06-17 10:31:13 [WARN] retry attempt
2026-06-17 10:31:14 [ERROR] connection refused
2026-06-17 10:31:15 [INFO] request completed
2026-06-17 10:31:16 [INFO] request completed
2026-06-17 10:31:17 [INFO] health check ok
2026-06-17 10:31:18 [ERROR] connection refused
2026-06-17 10:31:19 [INFO] request completed
2026-06-17 10:31:20 [ERROR] connection refused
2026-06-17 10:31:21 [WARN] high memory usage
2026-06-17 10:31:22 [INFO] request completed
2026-06-17 10:31:23 [ERROR] nil pointer
2026-06-17 10:31:24 [ERROR] nil pointer
2026-06-17 10:31:25 [WARN] slow query detected
2026-06-17 10:31:26 [INFO] user logged in
2026-06-17 10:31:27 [ERROR] request failed
2026-06-17 10:31:28 [INFO] cache hit
2026-06-17 10:31:29 [INFO] request completed
2026-06-17 10:31:30 [INFO] cache hit
2026-06-17 10:31:31 [ERROR] nil pointer
2026-06-17 10:31:32 [INFO] request completed
2026-06-17 10:31:33 [WARN] slow query detected
2026-06-17 10:31:34 [WARN] retry attempt
2026-06-17 10:31:35 [ERROR] connection refused
2026-06-17 10:31:36 [WARN] retry attempt
2026-06-17 10:31:37 [INFO] user logged in
2026-06-17 10:31:38 [INFO] request completed
2026-06-17 10:31:39 [INFO] user logged in
2026-06-17 10:31:40 [WARN] retry attempt
2026-06-17 10:31:41 [WARN] slow query detected
2026-06-17 10:31:42 [WARN] retry attempt
2026-06-17 10:31:43 [INFO] health check ok
2026-06-17 10:31:44 [WARN] high memory usage
2026-06-17 10:31:45 [WARN] retry attempt
2026-06-17 10:31:46 [WARN] slow query detected
2026-06-17 10:31:47 [ERROR] nil pointer
2026-06-17 10:31:48 [INFO] user logged in
2026-06-17 10:31:49 [WARN] slow query detected
2026-06-17 10:31:50 [INFO] user logged in
2026-06-17 10:31:51 [ERROR] request failed
2026-06-17 10:31:52 [WARN] retry attempt
2026-06-17 10:31:53 [WARN] high memory usage
2026-06-17 10:31:54 [WARN] slow query detected
2026-06-17 10:31:55 [ERROR] request failed
2026-06-17 10:31:56 [INFO] cache hit
2026-06-17 10:31:57 [WARN] retry attempt
2026-06-17 10:31:58 [INFO] user logged in
2026-06-17 10:31:59 [ERROR] request failed
2026-06-17 10:32:00 [INFO] request completed
2026-06-17 10:32:01 [WARN] retry attempt
2026-06-17 10:32:02 [WARN] high memory usage
2026-06-17 10:32:03 [INFO] cache hit
2026-06-17 10:32:04 [WARN] retry attempt
2026-06-17 10:32:05 [INFO] request completed
2026-06-17 10:32:06 [ERROR] nil pointer
2026-06-17 10:32:07 [WARN] high memory usage
2026-06-17 10:32:08 [ERROR] nil pointer
2026-06-17 10:32:09 [WARN] high memory usage
2026-06-17 10:32:10 [WARN] high memory usage
2026-06-17 10:32:11 [INFO] health check ok
2026-06-17 10:32:12 [INFO] health check ok
2026-06-17 10:32:13 [ERROR] request failed
2026-06-17 10:32:14 [INFO] user logged in
2026-06-17 10:32:15 [ERROR] database timeout
2026-06-17 10:32:16 [ERROR] request failed
2026-06-17 10:32:17 [WARN] high memory usage
2026-06-17 10:32:18 [WARN] retry attempt
2026-06-17 10:32:19 [WARN] retry attempt
2026-06-17 10:32:20 [INFO] user logged in
2026-06-17 10:32:21 [INFO] request completed
2026-06-17 10:32:22 [INFO] user logged in
2026-06-17 10:32:23 [INFO] cache hit
2026-06-17 10:32:24 [WARN] slow query detected
2026-06-17 10:32:25 [ERROR] request failed
2026-06-17 10:32:26 [WARN] high memory usage
2026-06-17 10:32:27 [ERROR] request failed
2026-06-17 10:32:28 [ERROR] nil pointer
2026-06-17 10:32:29 [ERROR] database timeout
2026-06-17 10:32:30 [ERROR] nil pointer
2026-06-17 10:32:31 [WARN] retry attempt
2026-06-17 10:32:32 [WARN] slow query detected
2026-06-17 10:32:33 [ERROR] database timeout
2026-06-17 10:32:34 [INFO] user logged in
2026-06-17 10:32:35 [WARN] slow query detected
2026-06-17 10:32:36 [ERROR] nil pointer
2026-06-17 10:32:37 [INFO] user logged in
2026-06-17 10:32:38 [WARN] retry attempt
2026-06-17 10:32:39 [INFO] user logged in
2026-06-17 10:32:40 [INFO] request completed
2026-06-17 10:32:41 [ERROR] connection refused
2026-06-17 10:32:42 [WARN] retry attempt
2026-06-17 10:32:43 [WARN] high memory usage
2026-06-17 10:32:44 [WARN] retry attempt
2026-06-17 10:32:45 [INFO] cache hit
2026-06-17 10:32:46 [WARN] slow query detected
2026-06-17 10:32:47 [ERROR] nil pointer
2026-06-17 10:32:48 [INFO] cache hit
2026-06-17 10:32:49 [WARN] slow query detected
2026-06-17 10:32:50 [WARN] slow query detected
2026-06-17 10:32:51 [ERROR] request failed
2026-06-17 10:32:52 [INFO] request completed
2026-06-17 10:32:53 [WARN] slow query detected
2026-06-17 10:32:54 [ERROR] nil pointer
2026-06-17 10:32:55 [INFO] cache hit
2026-06-17 10:32:56 [WARN] retry attempt
2026-06-17 10:32:57 [ERROR] request failed
2026-06-17 10:32:58 [WARN] slow query detected
2026-06-17 10:32:59 [ERROR] request failed
2026-06-17 10:33:00 [INFO] cache hit
2026-06-17 10:33:01 [ERROR] connection refused
2026-06-17 10:33:02 [ERROR] request failed
2026-06-17 10:33:03 [WARN] slow query detected
2026-06-17 10:33:04 [WARN] high memory usage
2026-06-17 10:33:05 [INFO] request completed
2026-06-17 10:33:06 [INFO] request completed
2026-06-17 10:33:07 [WARN] retry attempt
2026-06-17 10:33:08 [ERROR] request failed
2026-06-17 10:33:09 [INFO] health check ok
2026-06-17 10:33:10 [INFO] user logged in
2026-06-17 10:33:11 [INFO] cache hit
2026-06-17 10:33:12 [WARN] slow query detected
2026-06-17 10:33:13 [ERROR] request failed
2026-06-17 10:33:14 [INFO] request completed
2026-06-17 10:33:15 [WARN] slow query detected
2026-06-17 10:33:16 [WARN] retry attempt
2026-06-17 10:33:17 [WARN] retry attempt
2026-06-17 10:33:18 [WARN] high memory usage
2026-06-17 10:33:19 [ERROR] nil pointer
2026-06-17 10:33:20 [ERROR] connection refused
2026-06-17 10:33:21 [ERROR] connection refused
2026-06-17 10:33:22 [INFO] cache hit
2026-06-17 10:33:23 [INFO] health check ok
2026-06-17 10:33:24 [ERROR] connection refused
2026-06-17 10:33:25 [INFO] cache hit
2026-06-17 10:33:26 [INFO] user logged in
2026-06-17 10:33:27 [INFO] health check ok
2026-06-17 10:33:28 [INFO] request completed
2026-06-17 10:33:29 [ERROR] nil pointer
2026-06-17 10:33:30 [ERROR] database timeout
2026-06-17 10:33:31 [INFO] request completed
2026-06-17 10:33:32 [ERROR] connection refused
2026-06-17 10:33:33 [WARN] high memory usage
2026-06-17 10:33:34 [INFO] health check ok
2026-06-17 10:33:35 [ERROR] database timeout
2026-06-17 10:33:36 [INFO] user logged in
2026-06-17 10:33:37 [ERROR] connection refused
2026-06-17 10:33:38 [INFO] user logged in
2026-06-17 10:33:39 [WARN] slow query detected
2026-06-17 10:33:40 [INFO] user logged in
2026-06-17 10:33:41 [ERROR] database timeout
2026-06-17 10:33:42 [ERROR] nil pointer
2026-06-17 10:33:43 [ERROR] request failed
2026-06-17 10:33:44 [INFO] user logged in
2026-06-17 10:33:45 [INFO] health check ok
2026-06-17 10:33:46 [INFO] cache hit
2026-06-17 10:33:47 [WARN] slow query detected
2026-06-17 10:33:48 [INFO] cache hit
2026-06-17 10:33:49 [ERROR] database timeout
2026-06-17 10:33:50 [INFO] user logged in
2026-06-17 10:33:51 [ERROR] database timeout
2026-06-17 10:33:52 [ERROR] nil pointer
2026-06-17 10:33:53 [WARN] high memory usage
2026-06-17 10:33:54 [WARN] high memory usage
2026-06-17 10:33:55 [WARN] retry attempt
2026-06-17 10:33:56 [ERROR] nil pointer
2026-06-17 10:33:57 [ERROR] request failed
2026-06-17 10:33:58 [INFO] request completed
2026-06-17 10:33:59 [ERROR] request failed
2026-06-17 10:34:00 [WARN] slow query detected
2026-06-17 10:34:01 [WARN] high memory usage
2026-06-17 10:34:02 [ERROR] request failed
2026-06-17 10:34:03 [WARN] high memory usage
2026-06-17 10:34:04 [INFO] user logged in
2026-06-17 10:34:05 [ERROR] database timeout
2026-06-17 10:34:06 [ERROR] nil pointer
2026-06-17 10:34:07 [INFO] request completed
2026-06-17 10:34:08 [ERROR] nil pointer
2026-06-17 10:34:09 [ERROR] database timeout
2026-06-17 10:34:10 [ERROR] database timeout
2026-06-17 10:34:11 [INFO] cache hit
2026-06-17 10:34:12 [WARN] slow query detected
2026-06-17 10:34:13 [ERROR] connection refused
2026-06-17 10:34:14 [ERROR] request failed
2026-06-17 10:34:15 [INFO] health check ok
2026-06-17 10:34:16 [INFO] health check ok
2026-06-17 10:34:17 [INFO] cache hit
2026-06-17 10:34:18 [ERROR] database timeout
2026-06-17 10:34:19 [ERROR] connection refused
2026-06-17 10:34:20 [INFO] user logged in
2026-06-17 10:34:21 [INFO] user logged in
2026-06-17 10:34:22 [WARN] retry attempt
2026-06-17 10:34:23 [ERROR] database timeout
2026-06-17 10:34:24 [WARN] slow query detected
2026-06-17 10:34:25 [INFO] request completed
2026-06-17 10:34:26 [INFO] user logged in
2026-06-17 10:34:27 [ERROR] connection refused
2026-06-17 10:34:28 [WARN] high memory usage
2026-06-17 10:34:29 [INFO] health check ok
2026-06-17 10:34:30 [INFO] user logged in
2026-06-17 10:34:31 [ERROR] database timeout
2026-06-17 10:34:32 [ERROR] connection refused
2026-06-17 10:34:33 [WARN] high memory usage
2026-06-17 10:34:34 [INFO] request completed
2026-06-17 10:34:35 [ERROR] nil pointer
2026-06-17 10:34:36 [WARN] slow query detected
2026-06-17 10:34:37 [ERROR] connection refused
2026-06-17 10:34:38 [ERROR] request failed
2026-06-17 10:34:39 [ERROR] request failed
2026-06-17 10:34:40 [INFO] health check ok
2026-06-17 10:34:41 [WARN] slow query detected
2026-06-17 10:34:42 [INFO] health check ok
2026-06-17 10:34:43 [ERROR] request failed
2026-06-17 10:34:44 [WARN] retry attempt
2026-06-17 10:34:45 [ERROR] connection refused
2026-06-17 10:34:46 [INFO] cache hit
2026-06-17 10:34:47 [WARN] high memory usage
2026-06-17 10:34:48 [INFO] user logged in
2026-06-17 10:34:49 [ERROR] connection refused
2026-06-17 10:34:50 [WARN] high memory usage
2026-06-17 10:34:51 [ERROR] nil pointer
2026-06-17 10:34:52 [WARN] retry attempt
2026-06-17 10:34:53 [WARN] retry attempt
2026-06-17 10:34:54 [WARN] slow query detected
2026-06-17 10:34:55 [ERROR] database timeout
2026-06-17 10:34:56 [ERROR] nil pointer
2026-06-17 10:34:57 [INFO] cache hit
2026-06-17 10:34:58 [INFO] cache hit
2026-06-17 10:34:59 [WARN] slow query detected
2026-06-17 10:35:00 [ERROR] database timeout
2026-06-17 10:35:01 [ERROR] nil pointer
2026-06-17 10:35:02 [ERROR] database timeout
2026-06-17 10:35:03 [WARN] retry attempt
2026-06-17 10:35:04 [ERROR] connection refused
2026-06-17 10:35:05 [WARN] high memory usage
2026-06-17 10:35:06 [ERROR] connection refused
2026-06-17 10:35:07 [INFO] cache hit
2026-06-17 10:35:08 [WARN] slow query detected
2026-06-17 10:35:09 [WARN] retry attempt
2026-06-17 10:35:10 [ERROR] database timeout
2026-06-17 10:35:11 [WARN] high memory usage
2026-06-17 10:35:12 [WARN] high memory usage
2026-06-17 10:35:13 [WARN] high memory usage
2026-06-17 10:35:14 [WARN] retry attempt
2026-06-17 10:35:15 [ERROR] request failed
2026-06-17 10:35:16 [INFO] cache hit
2026-06-17 10:35:17 [WARN] retry attempt
2026-06-17 10:35:18 [ERROR] database timeout
2026-06-17 10:35:19 [WARN] high memory usage
2026-06-17 10:35:20 [ERROR] database timeout
2026-06-17 10:35:21 [WARN] high memory usage
2026-06-17 10:35:22 [INFO] request completed
2026-06-17 10:35:23 [ERROR] nil pointer
2026-06-17 10:35:24 [INFO] health check ok
2026-06-17 10:35:25 [INFO] health check ok
2026-06-17 10:35:26 [ERROR] connection refused
2026-06-17 10:35:27 [ERROR] request failed
2026-06-17 10:35:28 [WARN] slow query detected
2026-06-17 10:35:29 [ERROR] nil pointer
2026-06-17 10:35:30 [WARN] slow query detected
2026-06-17 10:35:31 [INFO] request completed
2026-06-17 10:35:32 [INFO] user logged in
2026-06-17 10:35:33 [ERROR] database timeout
2026-06-17 10:35:34 [WARN] high memory usage
2026-06-17 10:35:35 [WARN] retry attempt
2026-06-17 10:35:36 [WARN] slow query detected
2026-06-17 10:35:37 [ERROR] database timeout
2026-06-17 10:35:38 [ERROR] request failed
2026-06-17 10:35:39 [ERROR] database timeout
2026-06-17 10:35:40 [INFO] cache hit
2026-06-17 10:35:41 [WARN] retry attempt
2026-06-17 10:35:42 [WARN] high memory usage
2026-06-17 10:35:43 [ERROR] connection refused
2026-06-17 10:35:44 [INFO] request completed
2026-06-17 10:35:45 [INFO] cache hit
2026-06-17 10:35:46 [INFO] health check ok
2026-06-17 10:35:47 [INFO] user logged in
2026-06-17 10:35:48 [ERROR] nil pointer
2026-06-17 10:35:49 [INFO] request completed
2026-06-17 10:35:50 [WARN] slow query detected
2026-06-17 10:35:51 [INFO] cache hit
2026-06-17 10:35:52 [ERROR] database timeout
2026-06-17 10:35:53 [WARN] slow query detected
2026-06-17 10:35:54 [INFO] request completed
2026-06-17 10:35:55 [WARN] slow query detected
2026-06-17 10:35:56 [INFO] request completed
2026-06-17 10:35:57 [WARN] retry attempt
2026-06-17 10:35:58 [WARN] high memory usage
2026-06-17 10:35:59 [WARN] retry attempt
2026-06-17 10:36:00 [INFO] request completed
2026-06-17 10:36:01 [WARN] high memory usage
2026-06-17 10:36:02 [INFO] cache hit
2026-06-17 10:36:03 [WARN] retry attempt
2026-06-17 10:36:04 [INFO] cache hit
2026-06-17 10:36:05 [ERROR] request failed
2026-06-17 10:36:06 [INFO] user logged in
2026-06-17 10:36:07 [WARN] slow query detected
2026-06-17 10:36:08 [ERROR] database timeout
2026-06-17 10:36:09 [WARN] retry attempt
2026-06-17 10:36:10 [WARN] high memory usage
2026-06-17 10:36:11 [WARN] high memory usage
2026-06-17 10:36:12 [WARN] retry attempt
2026-06-17 10:36:13 [INFO] user logged in
2026-06-17 10:36:14 [ERROR] connection refused
2026-06-17 10:36:15 [ERROR] database timeout
2026-06-17 10:36:16 [INFO] cache hit
2026-06-17 10:36:17 [INFO] health check ok
2026-06-17 10:36:18 [ERROR] database timeout
2026-06-17 10:36:19 [ERROR] nil pointer
2026-06-17 10:36:20 [ERROR] database timeout
2026-06-17 10:36:21 [INFO] cache hit
2026-06-17 10:36:22 [WARN] high memory usage
2026-06-17 10:36:23 [INFO] cache hit
2026-06-17 10:36:24 [ERROR] nil pointer
2026-06-17 10:36:25 [INFO] request completed
2026-06-17 10:36:26 [INFO] cache hit
2026-06-17 10:36:27 [ERROR] connection refused
2026-06-17 10:36:28 [INFO] cache hit
2026-06-17 10:36:29 [INFO] user logged in
2026-06-17 10:36:30 [ERROR] request failed
2026-06-17 10:36:31 [WARN] slow query detected
2026-06-17 10:36:32 [WARN] retry attempt
2026-06-17 10:36:33 [ERROR] nil pointer
2026-06-17 10:36:34 [INFO] user logged in
2026-06-17 10:36:35 [INFO] cache hit
2026-06-17 10:36:36 [INFO] cache hit
2026-06-17 10:36:37 [ERROR] request failed
2026-06-17 10:36:38 [INFO] user logged in
2026-06-17 10:36:39 [ERROR] nil pointer
2026-06-17 10:36:40 [INFO] request completed
2026-06-17 10:36:41 [INFO] cache hit
2026-06-17 10:36:42 [ERROR] nil pointer
2026-06-17 10:36:43 [WARN] high memory usage
2026-06-17 10:36:44 [ERROR] database timeout
2026-06-17 10:36:45 [ERROR] database timeout
2026-06-17 10:36:46 [INFO] user logged in
2026-06-17 10:36:47 [ERROR] connection refused
2026-06-17 10:36:48 [ERROR] connection refused
2026-06-17 10:36:49 [WARN] slow query detected
2026-06-17 10:36:50 [WARN] retry attempt
2026-06-17 10:36:51 [ERROR] database timeout
2026-06-17 10:36:52 [ERROR] connection refused
2026-06-17 10:36:53 [INFO] cache hit
2026-06-17 10:36:54 [ERROR] connection refused
2026-06-17 10:36:55 [ERROR] nil pointer
2026-06-17 10:36:56 [ERROR] database timeout
2026-06-17 10:36:57 [WARN] retry attempt
2026-06-17 10:36:58 [WARN] slow query detected
2026-06-17 10:36:59 [INFO] cache hit
2026-06-17 10:37:00 [WARN] retry attempt
2026-06-17 10:37:01 [ERROR] connection refused
2026-06-17 10:37:02 [ERROR] database timeout
2026-06-17 10:37:03 [WARN] high memory usage
2026-06-17 10:37:04 [INFO] user logged in
2026-06-17 10:37:05 [ERROR] database timeout
2026-06-17 10:37:06 [ERROR] nil pointer
2026-06-17 10:37:07 [WARN] retry attempt
2026-06-17 10:37:08 [INFO] user logged in
2026-06-17 10:37:09 [ERROR] nil pointer
2026-06-17 10:37:10 [WARN] retry attempt
2026-06-17 10:37:11 [WARN] slow query detected
2026-06-17 10:37:12 [ERROR] database timeout
2026-06-17 10:37:13 [WARN] high memory usage
2026-06-17 10:37:14 [INFO] user logged in
2026-06-17 10:37:15 [INFO] user logged in
2026-06-17 10:37:16 [WARN] retry attempt
2026-06-17 10:37:17 [WARN] retry attempt
2026-06-17 10:37:18 [ERROR] request failed
2026-06-17 10:37:19 [INFO] cache hit
2026-06-17 10:37:20 [ERROR] request failed
2026-06-17 10:37:21 [WARN] slow query detected
2026-06-17 10:37:22 [ERROR] database timeout
2026-06-17 10:37:23 [WARN] slow query detected
2026-06-17 10:37:24 [WARN] retry attempt
2026-06-17 10:37:25 [INFO] health check ok
2026-06-17 10:37:26 [ERROR] nil pointer
2026-06-17 10:37:27 [INFO] health check ok
2026-06-17 10:37:28 [INFO] user logged in
2026-06-17 10:37:29 [INFO] health check ok
2026-06-17 10:37:30 [WARN] high memory usage
2026-06-17 10:37:31 [INFO] user logged in
2026-06-17 10:37:32 [ERROR] connection refused
2026-06-17 10:37:33 [WARN] high memory usage
2026-06-17 10:37:34 [INFO] request completed
2026-06-17 10:37:35 [WARN] high memory usage
2026-06-17 10:37:36 [WARN] high memory usage
2026-06-17 10:37:37 [WARN] high memory usage
2026-06-17 10:37:38 [ERROR] database timeout
2026-06-17 10:37:39 [INFO] user logged in
2026-06-17 10:37:40 [ERROR] request failed
2026-06-17 10:37:41 [WARN] high memory usage
2026-06-17 10:37:42 [INFO] user logged in
2026-06-17 10:37:43 [WARN] high memory usage
2026-06-17 10:37:44 [ERROR] nil pointer
2026-06-17 10:37:45 [INFO] health check ok
2026-06-17 10:37:46 [INFO] health check ok
2026-06-17 10:37:47 [INFO] user logged in
2026-06-17 10:37:48 [INFO] user logged in
2026-06-17 10:37:49 [INFO] request completed
2026-06-17 10:37:50 [INFO] health check ok
2026-06-17 10:37:51 [INFO] request completed
2026-06-17 10:37:52 [WARN] high memory usage
2026-06-17 10:37:53 [INFO] user logged in
2026-06-17 10:37:54 [WARN] high memory usage
2026-06-17 10:37:55 [INFO] user logged in
2026-06-17 10:37:56 [ERROR] request failed
2026-06-17 10:37:57 [INFO] cache hit
2026-06-17 10:37:58 [WARN] retry attempt
2026-06-17 10:37:59 [INFO] user logged in
2026-06-17 10:38:00 [ERROR] database timeout
2026-06-17 10:38:01 [INFO] health check ok
2026-06-17 10:38:02 [WARN] slow query detected
2026-06-17 10:38:03 [WARN] retry attempt
2026-06-17 10:38:04 [WARN] high memory usage
2026-06-17 10:38:05 [INFO] health check ok
2026-06-17 10:38:06 [ERROR] nil pointer
2026-06-17 10:38:07 [ERROR] connection refused
2026-06-17 10:38:08 [WARN] retry attempt
2026-06-17 10:38:09 [INFO] health check ok
2026-06-17 10:38:10 [ERROR] nil pointer
2026-06-17 10:38:11 [ERROR] connection refused
2026-06-17 10:38:12 [ERROR] connection refused
2026-06-17 10:38:13 [WARN] slow query detected
2026-06-17 10:38:14 [ERROR] nil pointer
2026-06-17 10:38:15 [WARN] retry attempt
2026-06-17 10:38:16 [INFO] health check ok
2026-06-17 10:38:17 [INFO] health check ok
2026-06-17 10:38:18 [INFO] request completed
2026-06-17 10:38:19 [INFO] health check ok
2026-06-17 10:38:20 [INFO] health check ok
2026-06-17 10:38:21 [INFO] user logged in
2026-06-17 10:38:22 [INFO] user logged in
2026-06-17 10:38:23 [WARN] retry attempt
2026-06-17 10:38:24 [ERROR] database timeout
2026-06-17 10:38:25 [WARN] slow query detected
2026-06-17 10:38:26 [INFO] health check ok
2026-06-17 10:38:27 [WARN] slow query detected
2026-06-17 10:38:28 [ERROR] request failed
2026-06-17 10:38:29 [INFO] health check ok
2026-06-17 10:38:30 [WARN] high memory usage
2026-06-17 10:38:31 [INFO] user logged in
2026-06-17 10:38:32 [ERROR] database timeout
2026-06-17 10:38:33 [ERROR] nil pointer
2026-06-17 10:38:34 [WARN] slow query detected
2026-06-17 10:38:35 [INFO] user logged in
2026-06-17 10:38:36 [INFO] user logged in
2026-06-17 10:38:37 [ERROR] connection refused
2026-06-17 10:38:38 [WARN] retry attempt
2026-06-17 10:38:39 [ERROR] request failed
2026-06-17 10:38:40 [INFO] cache hit
2026-06-17 10:38:41 [ERROR] connection refused
2026-06-17 10:38:42 [WARN] slow query detected
2026-06-17 10:38:43 [ERROR] nil pointer
2026-06-17 10:38:44 [ERROR] nil pointer
2026-06-17 10:38:45 [INFO] cache hit
2026-06-17 10:38:46 [INFO] cache hit
2026-06-17 10:38:47 [ERROR] nil pointer
2026-06-17 10:38:48 [ERROR] database timeout
2026-06-17 10:38:49 [INFO] user logged in
2026-06-17 10:38:50 [WARN] retry attempt
2026-06-17 10:38:51 [ERROR] nil pointer
2026-06-17 10:38:52 [WARN] high memory usage
2026-06-17 10:38:53 [ERROR] database timeout
2026-06-17 10:38:54 [ERROR] connection refused
2026-06-17 10:38:55 [WARN] high memory usage
2026-06-17 10:38:56 [INFO] request completed
2026-06-17 10:38:57 [INFO] user logged in
2026-06-17 10:38:58 [ERROR] connection refused
2026-06-17 10:38:59 [INFO] request completed
2026-06-17 10:39:00 [INFO] request completed
2026-06-17 10:39:01 [INFO] cache hit
2026-06-17 10:39:02 [WARN] slow query detected
2026-06-17 10:39:03 [WARN] slow query detected
2026-06-17 10:39:04 [ERROR] connection refused
2026-06-17 10:39:05 [WARN] high memory usage
2026-06-17 10:39:06 [WARN] slow query detected
2026-06-17 10:39:07 [ERROR] connection refused
2026-06-17 10:39:08 [WARN] retry attempt
2026-06-17 10:39:09 [WARN] slow query detected
2026-06-17 10:39:10 [WARN] slow query detected
2026-06-17 10:39:11 [WARN] high memory usage
2026-06-17 10:39:12 [WARN] slow query detected
2026-06-17 10:39:13 [WARN] slow query detected
2026-06-17 10:39:14 [ERROR] request failed
2026-06-17 10:39:15 [WARN] retry attempt
2026-06-17 10:39:16 [WARN] slow query detected
2026-06-17 10:39:17 [ERROR] request failed
2026-06-17 10:39:18 [ERROR] nil pointer
2026-06-17 10:39:19 [ERROR] database timeout
2026-06-17 10:39:20 [WARN] high memory usage
2026-06-17 10:39:21 [INFO] request completed
2026-06-17 10:39:22 [ERROR] database timeout
2026-06-17 10:39:23 [WARN] retry attempt
2026-06-17 10:39:24 [INFO] request completed
2026-06-17 10:39:25 [INFO] cache hit
2026-06-17 10:39:26 [ERROR] request failed
2026-06-17 10:39:27 [ERROR] database timeout
2026-06-17 10:39:28 [ERROR] request failed
2026-06-17 10:39:29 [ERROR] database timeout
2026-06-17 10:39:30 [ERROR] database timeout
2026-06-17 10:39:31 [WARN] retry attempt
2026-06-17 10:39:32 [ERROR] connection refused
2026-06-17 10:39:33 [INFO] request completed
2026-06-17 10:39:34 [ERROR] nil pointer
2026-06-17 10:39:35 [WARN] high memory usage
2026-06-17 10:39:36 [WARN] high memory usage
2026-06-17 10:39:37 [INFO] user logged in
2026-06-17 10:39:38 [INFO] health check ok
2026-06-17 10:39:39 [WARN] slow query detected
2026-06-17 10:39:40 [ERROR] nil pointer
2026-06-17 10:39:41 [INFO] health check ok
2026-06-17 10:39:42 [INFO] user logged in
2026-06-17 10:39:43 [ERROR] nil pointer
2026-06-17 10:39:44 [INFO] health check ok
2026-06-17 10:39:45 [INFO] health check ok
2026-06-17 10:39:46 [INFO] user logged in
2026-06-17 10:39:47 [ERROR] connection refused
2026-06-17 10:39:48 [ERROR] nil pointer
2026-06-17 10:39:49 [ERROR] connection refused
2026-06-17 10:39:50 [INFO] request completed
2026-06-17 10:39:51 [WARN] high memory usage
2026-06-17 10:39:52 [ERROR] database timeout
2026-06-17 10:39:53 [INFO] health check ok
2026-06-17 10:39:54 [INFO] request completed
2026-06-17 10:39:55 [WARN] high memory usage
2026-06-17 10:39:56 [ERROR] connection refused
2026-06-17 10:39:57 [WARN] retry attempt
2026-06-17 10:39:58 [WARN] high memory usage
2026-06-17 10:39:59 [WARN] retry attempt
2026-06-17 10:40:00 [ERROR] nil pointer
2026-06-17 10:40:01 [ERROR] nil pointer
2026-06-17 10:40:02 [WARN] high memory usage
2026-06-17 10:40:03 [INFO] cache hit
2026-06-17 10:40:04 [ERROR] request failed
2026-06-17 10:40:05 [INFO] user logged in
2026-06-17 10:40:06 [WARN] slow query detected
2026-06-17 10:40:07 [WARN] retry attempt
2026-06-17 10:40:08 [WARN] high memory usage
2026-06-17 10:40:09 [ERROR] nil pointer
2026-06-17 10:40:10 [WARN] retry attempt
2026-06-17 10:40:11 [WARN] retry attempt
2026-06-17 10:40:12 [ERROR] request failed
2026-06-17 10:40:13 [ERROR] request failed
2026-06-17 10:40:14 [ERROR] database timeout
2026-06-17 10:40:15 [WARN] retry attempt
2026-06-17 10:40:16 [WARN] slow query detected
2026-06-17 10:40:17 [WARN] high memory usage
2026-06-17 10:40:18 [WARN] high memory usage
2026-06-17 10:40:19 [INFO] request completed
2026-06-17 10:40:20 [WARN] slow query detected
2026-06-17 10:40:21 [ERROR] database timeout
2026-06-17 10:40:22 [INFO] health check ok
2026-06-17 10:40:23 [WARN] retry attempt
2026-06-17 10:40:24 [WARN] slow query detected
2026-06-17 10:40:25 [INFO] health check ok
2026-06-17 10:40:26 [INFO] cache hit
2026-06-17 10:40:27 [ERROR] connection refused
2026-06-17 10:40:28 [WARN] high memory usage
2026-06-17 10:40:29 [ERROR] database timeout
2026-06-17 10:40:30 [WARN] high memory usage
2026-06-17 10:40:31 [WARN] high memory usage
2026-06-17 10:40:32 [WARN] high memory usage
2026-06-17 10:40:33 [ERROR] nil pointer
2026-06-17 10:40:34 [ERROR] database timeout
2026-06-17 10:40:35 [ERROR] database timeout
2026-06-17 10:40:36 [INFO] request completed
2026-06-17 10:40:37 [ERROR] database timeout
2026-06-17 10:40:38 [INFO] user logged in
2026-06-17 10:40:39 [ERROR] database timeout
2026-06-17 10:40:40 [INFO] cache hit
2026-06-17 10:40:41 [INFO] request completed
2026-06-17 10:40:42 [ERROR] request failed
2026-06-17 10:40:43 [INFO] health check ok
2026-06-17 10:40:44 [ERROR] nil pointer
2026-06-17 10:40:45 [ERROR] database timeout
2026-06-17 10:40:46 [WARN] slow query detected
2026-06-17 10:40:47 [ERROR] request failed
2026-06-17 10:40:48 [INFO] health check ok
2026-06-17 10:40:49 [ERROR] connection refused
2026-06-17 10:40:50 [WARN] slow query detected
2026-06-17 10:40:51 [ERROR] connection refused
2026-06-17 10:40:52 [WARN] slow query detected
2026-06-17 10:40:53 [ERROR] request failed
2026-06-17 10:40:54 [INFO] health check ok
2026-06-17 10:40:55 [INFO] cache hit
2026-06-17 10:40:56 [INFO] cache hit
2026-06-17 10:40:57 [WARN] retry attempt
2026-06-17 10:40:58 [ERROR] connection refused
2026-06-17 10:40:59 [INFO] request completed
2026-06-17 10:41:00 [ERROR] database timeout
2026-06-17 10:41:01 [ERROR] request failed
2026-06-17 10:41:02 [WARN] slow query detected
2026-06-17 10:41:03 [INFO] cache hit
2026-06-17 10:41:04 [ERROR] database timeout
2026-06-17 10:41:05 [INFO] user logged in
2026-06-17 10:41:06 [INFO] health check ok
2026-06-17 10:41:07 [ERROR] nil pointer
2026-06-17 10:41:08 [WARN] slow query detected
2026-06-17 10:41:09 [WARN] slow query detected
2026-06-17 10:41:10 [WARN] slow query detected
2026-06-17 10:41:11 [INFO] health check ok
2026-06-17 10:41:12 [WARN] retry attempt
2026-06-17 10:41:13 [ERROR] request failed
2026-06-17 10:41:14 [WARN] retry attempt
2026-06-17 10:41:15 [WARN] slow query detected
2026-06-17 10:41:16 [INFO] user logged in
2026-06-17 10:41:17 [WARN] retry attempt
2026-06-17 10:41:18 [INFO] health check ok
2026-06-17 10:41:19 [WARN] retry attempt
2026-06-17 10:41:20 [INFO] user logged in
2026-06-17 10:41:21 [ERROR] database timeout
2026-06-17 10:41:22 [WARN] slow query detected
2026-06-17 10:41:23 [INFO] request completed
2026-06-17 10:41:24 [WARN] slow query detected
2026-06-17 10:41:25 [INFO] cache hit
2026-06-17 10:41:26 [WARN] retry attempt
2026-06-17 10:41:27 [WARN] high memory usage
2026-06-17 10:41:28 [INFO] user logged in
2026-06-17 10:41:29 [WARN] slow query detected
2026-06-17 10:41:30 [INFO] cache hit
2026-06-17 10:41:31 [INFO] cache hit
2026-06-17 10:41:32 [ERROR] connection refused
2026-06-17 10:41:33 [ERROR] database timeout
2026-06-17 10:41:34 [INFO] health check ok
2026-06-17 10:41:35 [ERROR] request failed
2026-06-17 10:41:36 [WARN] high memory usage
2026-06-17 10:41:37 [ERROR] connection refused
2026-06-17 10:41:38 [INFO] cache hit
2026-06-17 10:41:39 [ERROR] nil pointer
2026-06-17 10:41:40 [ERROR] nil pointer
2026-06-17 10:41:41 [INFO] health check ok
2026-06-17 10:41:42 [WARN] retry attempt
2026-06-17 10:41:43 [ERROR] connection refused
2026-06-17 10:41:44 [WARN] retry attempt
2026-06-17 10:41:45 [INFO] health check ok
2026-06-17 10:41:46 [ERROR] nil pointer
2026-06-17 10:41:47 [INFO] user logged in
2026-06-17 10:41:48 [WARN] high memory usage
2026-06-17 10:41:49 [INFO] cache hit
2026-06-17 10:41:50 [ERROR] connection refused
2026-06-17 10:41:51 [WARN] retry attempt
2026-06-17 10:41:52 [INFO] health check ok
2026-06-17 10:41:53 [WARN] high memory usage
2026-06-17 10:41:54 [WARN] high memory usage
2026-06-17 10:41:55 [INFO] health check ok
2026-06-17 10:41:56 [WARN] retry attempt
2026-06-17 10:41:57 [WARN] high memory usage
2026-06-17 10:41:58 [INFO] user logged in
2026-06-17 10:41:59 [WARN] high memory usage
2026-06-17 10:42:00 [WARN] retry attempt
2026-06-17 10:42:01 [ERROR] connection refused
2026-06-17 10:42:02 [INFO] request completed
2026-06-17 10:42:03 [ERROR] connection refused
2026-06-17 10:42:04 [WARN] high memory usage
2026-06-17 10:42:05 [INFO] user logged in
2026-06-17 10:42:06 [ERROR] request failed
2026-06-17 10:42:07 [ERROR] nil pointer
2026-06-17 10:42:08 [ERROR] request failed
2026-06-17 10:42:09 [WARN] high memory usage
2026-06-17 10:42:10 [INFO] health check ok
2026-06-17 10:42:11 [INFO] health check ok
2026-06-17 10:42:12 [ERROR] connection refused
2026-06-17 10:42:13 [ERROR] connection refused
2026-06-17 10:42:14 [ERROR] connection refused
2026-06-17 10:42:15 [ERROR] nil pointer
2026-06-17 10:42:16 [ERROR] nil pointer
2026-06-17 10:42:17 [WARN] retry attempt
2026-06-17 10:42:18 [INFO] health check ok
2026-06-17 10:42:19 [ERROR] connection refused
2026-06-17 10:42:20 [INFO] health check ok
2026-06-17 10:42:21 [ERROR] connection refused
2026-06-17 10:42:22 [INFO] request completed
2026-06-17 10:42:23 [WARN] high memory usage
2026-06-17 10:42:24 [WARN] high memory usage
2026-06-17 10:42:25 [ERROR] nil pointer
2026-06-17 10:42:26 [ERROR] connection refused
2026-06-17 10:42:27 [WARN] high memory usage
2026-06-17 10:42:28 [INFO] health check ok
2026-06-17 10:42:29 [INFO] cache hit
2026-06-17 10:42:30 [ERROR] nil pointer
2026-06-17 10:42:31 [ERROR] connection refused
2026-06-17 10:42:32 [ERROR] request failed
2026-06-17 10:42:33 [INFO] health check ok
2026-06-17 10:42:34 [INFO] user logged in
2026-06-17 10:42:35 [WARN] retry attempt
2026-06-17 10:42:36 [INFO] cache hit
2026-06-17 10:42:37 [INFO] health check ok
2026-06-17 10:42:38 [ERROR] request failed
2026-06-17 10:42:39 [INFO] health check ok
2026-06-17 10:42:40 [WARN] high memory usage
2026-06-17 10:42:41 [ERROR] database timeout
2026-06-17 10:42:42 [ERROR] nil pointer
2026-06-17 10:42:43 [WARN] retry attempt
2026-06-17 10:42:44 [ERROR] connection refused
2026-06-17 10:42:45 [ERROR] request failed
2026-06-17 10:42:46 [WARN] high memory usage
2026-06-17 10:42:47 [INFO] user logged in
2026-06-17 10:42:48 [INFO] request completed
2026-06-17 10:42:49 [ERROR] connection refused
2026-06-17 10:42:50 [WARN] slow query detected
2026-06-17 10:42:51 [ERROR] database timeout
2026-06-17 10:42:52 [WARN] retry attempt
2026-06-17 10:42:53 [INFO] request completed
2026-06-17 10:42:54 [ERROR] connection refused
2026-06-17 10:42:55 [WARN] retry attempt
2026-06-17 10:42:56 [INFO] health check ok
2026-06-17 10:42:57 [ERROR] request failed
2026-06-17 10:42:58 [ERROR] nil pointer
2026-06-17 10:42:59 [ERROR] nil pointer
2026-06-17 10:43:00 [INFO] user logged in
2026-06-17 10:43:01 [INFO] request completed
2026-06-17 10:43:02 [WARN] retry attempt
2026-06-17 10:43:03 [WARN] retry attempt
2026-06-17 10:43:04 [INFO] request completed
2026-06-17 10:43:05 [WARN] retry attempt
2026-06-17 10:43:06 [INFO] user logged in
2026-06-17 10:43:07 [ERROR] database timeout
2026-06-17 10:43:08 [INFO] user logged in
2026-06-17 10:43:09 [WARN] slow query detected
2026-06-17 10:43:10 [INFO] request completed
2026-06-17 10:43:11 [INFO] request completed
2026-06-17 10:43:12 [ERROR] connection refused
2026-06-17 10:43:13 [INFO] cache hit
2026-06-17 10:43:14 [INFO] user logged in
2026-06-17 10:43:15 [INFO] user logged in
2026-06-17 10:43:16 [WARN] high memory usage
2026-06-17 10:43:17 [ERROR] nil pointer
2026-06-17 10:43:18 [WARN] high memory usage
2026-06-17 10:43:19 [WARN] slow query detected
2026-06-17 10:43:20 [INFO] cache hit
2026-06-17 10:43:21 [ERROR] connection refused
2026-06-17 10:43:22 [ERROR] nil pointer
2026-06-17 10:43:23 [WARN] retry attempt
2026-06-17 10:43:24 [WARN] high memory usage
2026-06-17 10:43:25 [INFO] request completed
2026-06-17 10:43:26 [ERROR] connection refused
2026-06-17 10:43:27 [INFO] user logged in
2026-06-17 10:43:28 [ERROR] request failed
2026-06-17 10:43:29 [INFO] request completed
2026-06-17 10:43:30 [WARN] retry attempt
2026-06-17 10:43:31 [WARN] slow query detected
2026-06-17 10:43:32 [WARN] retry attempt
2026-06-17 10:43:33 [ERROR] connection refused
2026-06-17 10:43:34 [ERROR] request failed
2026-06-17 10:43:35 [ERROR] connection refused
2026-06-17 10:43:36 [ERROR] nil pointer
2026-06-17 10:43:37 [INFO] health check ok
2026-06-17 10:43:38 [WARN] high memory usage
2026-06-17 10:43:39 [INFO] health check ok
2026-06-17 10:43:40 [ERROR] nil pointer
2026-06-17 10:43:41 [ERROR] nil pointer
2026-06-17 10:43:42 [ERROR] connection refused
2026-06-17 10:43:43 [WARN] high memory usage
2026-06-17 10:43:44 [INFO] request completed
2026-06-17 10:43:45 [ERROR] connection refused
2026-06-17 10:43:46 [WARN] slow query detected
2026-06-17 10:43:47 [WARN] high memory usage
2026-06-17 10:43:48 [WARN] high memory usage
2026-06-17 10:43:49 [ERROR] request failed
2026-06-17 10:43:50 [ERROR] request failed
2026-06-17 10:43:51 [ERROR] connection refused
2026-06-17 10:43:52 [ERROR] connection refused
2026-06-17 10:43:53 [INFO] health check ok
2026-06-17 10:43:54 [WARN] retry attempt
2026-06-17 10:43:55 [WARN] high memory usage
2026-06-17 10:43:56 [ERROR] request failed
2026-06-17 10:43:57 [ERROR] nil pointer
2026-06-17 10:43:58 [WARN] high memory usage
2026-06-17 10:43:59 [INFO] user logged in
2026-06-17 10:44:00 [WARN] high memory usage
2026-06-17 10:44:01 [INFO] user logged in
2026-06-17 10:44:02 [WARN] retry attempt
2026-06-17 10:44:03 [WARN] retry attempt
2026-06-17 10:44:04 [ERROR] nil pointer
2026-06-17 10:44:05 [WARN] slow query detected
2026-06-17 10:44:06 [WARN] high memory usage
2026-06-17 10:44:07 [ERROR] connection refused
2026-06-17 10:44:08 [WARN] retry attempt
2026-06-17 10:44:09 [ERROR] database timeout
2026-06-17 10:44:10 [WARN] slow query detected
2026-06-17 10:44:11 [INFO] cache hit
2026-06-17 10:44:12 [ERROR] request failed
2026-06-17 10:44:13 [ERROR] database timeout
2026-06-17 10:44:14 [ERROR] database timeout
2026-06-17 10:44:15 [WARN] slow query detected
2026-06-17 10:44:16 [WARN] high memory usage
2026-06-17 10:44:17 [ERROR] request failed
2026-06-17 10:44:18 [ERROR] database timeout
2026-06-17 10:44:19 [INFO] health check ok
2026-06-17 10:44:20 [WARN] slow query detected
2026-06-17 10:44:21 [WARN] slow query detected
2026-06-17 10:44:22 [WARN] slow query detected
2026-06-17 10:44:23 [WARN] retry attempt
2026-06-17 10:44:24 [ERROR] connection refused
2026-06-17 10:44:25 [ERROR] nil pointer
2026-06-17 10:44:26 [ERROR] nil pointer
2026-06-17 10:44:27 [ERROR] request failed
2026-06-17 10:44:28 [INFO] user logged in
2026-06-17 10:44:29 [ERROR] database timeout
2026-06-17 10:44:30 [INFO] user logged in
2026-06-17 10:44:31 [WARN] high memory usage
2026-06-17 10:44:32 [WARN] retry attempt
2026-06-17 10:44:33 [INFO] health check ok
2026-06-17 10:44:34 [WARN] high memory usage
2026-06-17 10:44:35 [WARN] slow query detected
2026-06-17 10:44:36 [WARN] slow query detected
2026-06-17 10:44:37 [INFO] health check ok
2026-06-17 10:44:38 [INFO] user logged in
2026-06-17 10:44:39 [INFO] user logged in
2026-06-17 10:44:40 [WARN] retry attempt
2026-06-17 10:44:41 [ERROR] database timeout
2026-06-17 10:44:42 [INFO] health check ok
2026-06-17 10:44:43 [INFO] cache hit
2026-06-17 10:44:44 [WARN] slow query detected
2026-06-17 10:44:45 [WARN] retry attempt
2026-06-17 10:44:46 [ERROR] request failed
2026-06-17 10:44:47 [WARN] high memory usage
2026-06-17 10:44:48 [ERROR] nil pointer
2026-06-17 10:44:49 [ERROR] nil pointer
2026-06-17 10:44:50 [ERROR] nil pointer
2026-06-17 10:44:51 [ERROR] nil pointer
2026-06-17 10:44:52 [WARN] high memory usage
2026-06-17 10:44:53 [INFO] health check ok
2026-06-17 10:44:54 [WARN] slow query detected
2026-06-17 10:44:55 [WARN] slow query detected
2026-06-17 10:44:56 [ERROR] connection refused
2026-06-17 10:44:57 [ERROR] request failed
2026-06-17 10:44:58 [WARN] high memory usage
2026-06-17 10:44:59 [INFO] health check ok
2026-06-17 10:45:00 [WARN] high memory usage
2026-06-17 10:45:01 [INFO] user logged in
2026-06-17 10:45:02 [WARN] retry attempt
2026-06-17 10:45:03 [INFO] cache hit
2026-06-17 10:45:04 [ERROR] database timeout
2026-06-17 10:45:05 [ERROR] nil pointer
2026-06-17 10:45:06 [INFO] health check ok
2026-06-17 10:45:07 [INFO] user logged in
2026-06-17 10:45:08 [INFO] request completed
2026-06-17 10:45:09 [ERROR] nil pointer
2026-06-17 10:45:10 [INFO] health check ok
2026-06-17 10:45:11 [ERROR] database timeout
2026-06-17 10:45:12 [ERROR] nil pointer
2026-06-17 10:45:13 [WARN] retry attempt
2026-06-17 10:45:14 [INFO] request completed
2026-06-17 10:45:15 [INFO] health check ok
2026-06-17 10:45:16 [INFO] request completed
2026-06-17 10:45:17 [WARN] high memory usage
2026-06-17 10:45:18 [INFO] request completed
2026-06-17 10:45:19 [WARN] slow query detected
2026-06-17 10:45:20 [INFO] cache hit
2026-06-17 10:45:21 [INFO] health check ok
2026-06-17 10:45:22 [WARN] high memory usage
2026-06-17 10:45:23 [INFO] health check ok
2026-06-17 10:45:24 [WARN] slow query detected
2026-06-17 10:45:25 [ERROR] nil pointer
2026-06-17 10:45:26 [ERROR] connection refused
2026-06-17 10:45:27 [INFO] cache hit
2026-06-17 10:45:28 [INFO] request completed
2026-06-17 10:45:29 [WARN] retry attempt
2026-06-17 10:45:30 [INFO] user logged in
2026-06-17 10:45:31 [WARN] high memory usage
2026-06-17 10:45:32 [ERROR] connection refused
2026-06-17 10:45:33 [ERROR] database timeout
2026-06-17 10:45:34 [ERROR] nil pointer
2026-06-17 10:45:35 [INFO] cache hit
2026-06-17 10:45:36 [WARN] slow query detected
2026-06-17 10:45:37 [INFO] cache hit
2026-06-17 10:45:38 [INFO] cache hit
2026-06-17 10:45:39 [WARN] high memory usage
2026-06-17 10:45:40 [WARN] slow query detected
2026-06-17 10:45:41 [ERROR] request failed
2026-06-17 10:45:42 [WARN] slow query detected
2026-06-17 10:45:43 [INFO] request completed
2026-06-17 10:45:44 [INFO] cache hit
2026-06-17 10:45:45 [ERROR] connection refused
2026-06-17 10:45:46 [WARN] high memory usage
2026-06-17 10:45:47 [INFO] cache hit
2026-06-17 10:45:48 [WARN] retry attempt
2026-06-17 10:45:49 [WARN] high memory usage
2026-06-17 10:45:50 [ERROR] connection refused
2026-06-17 10:45:51 [WARN] slow query detected
2026-06-17 10:45:52 [WARN] slow query detected
2026-06-17 10:45:53 [WARN] high memory usage
2026-06-17 10:45:54 [INFO] health check ok
2026-06-17 10:45:55 [INFO] cache hit
2026-06-17 10:45:56 [ERROR] nil pointer
2026-06-17 10:45:57 [ERROR] request failed
2026-06-17 10:45:58 [ERROR] connection refused
2026-06-17 10:45:59 [INFO] request completed
2026-06-17 10:46:00 [INFO] user logged in
2026-06-17 10:46:01 [WARN] retry attempt
2026-06-17 10:46:02 [ERROR] request failed
2026-06-17 10:46:03 [INFO] health check ok
2026-06-17 10:46:04 [INFO] cache hit
2026-06-17 10:46:05 [INFO] request completed
2026-06-17 10:46:06 [ERROR] request failed
2026-06-17 10:46:07 [ERROR] connection refused
2026-06-17 10:46:08 [ERROR] request failed
2026-06-17 10:46:09 [WARN] high memory usage
2026-06-17 10:46:10 [INFO] user logged in
2026-06-17 10:46:11 [ERROR] request failed
2026-06-17 10:46:12 [WARN] retry attempt
2026-06-17 10:46:13 [ERROR] connection refused
2026-06-17 10:46:14 [INFO] request completed
2026-06-17 10:46:15 [INFO] cache hit
2026-06-17 10:46:16 [INFO] user logged in
2026-06-17 10:46:17 [INFO] user logged in
2026-06-17 10:46:18 [WARN] slow query detected
2026-06-17 10:46:19 [INFO] cache hit
2026-06-17 10:46:20 [ERROR] nil pointer
2026-06-17 10:46:21 [WARN] slow query detected
2026-06-17 10:46:22 [INFO] request completed
2026-06-17 10:46:23 [WARN] retry attempt
2026-06-17 10:46:24 [WARN] retry attempt
2026-06-17 10:46:25 [ERROR] database timeout
2026-06-17 10:46:26 [WARN] slow query detected
2026-06-17 10:46:27 [INFO] request completed
2026-06-17 10:46:28 [ERROR] request failed
2026-06-17 10:46:29 [INFO] user logged in
2026-06-17 10:46:30 [ERROR] connection refused
2026-06-17 10:46:31 [ERROR] connection refused
2026-06-17 10:46:32 [ERROR] connection refused
2026-06-17 10:46:33 [ERROR] connection refused
2026-06-17 10:46:34 [WARN] slow query detected
2026-06-17 10:46:35 [WARN] high memory usage
2026-06-17 10:46:36 [ERROR] request failed
2026-06-17 10:46:37 [WARN] slow query detected
2026-06-17 10:46:38 [WARN] slow query detected
2026-06-17 10:46:39 [INFO] cache hit
2026-06-17 10:46:40 [ERROR] database timeout
2026-06-17 10:46:41 [ERROR] nil pointer
2026-06-17 10:46:42 [WARN] slow query detected
2026-06-17 10:46:43 [INFO] health check ok
2026-06-17 10:46:44 [INFO] user logged in
2026-06-17 10:46:45 [ERROR] nil pointer
2026-06-17 10:46:46 [ERROR] request failed
2026-06-17 10:46:47 [INFO] cache hit
2026-06-17 10:46:48 [ERROR] nil pointer
2026-06-17 10:46:49 [ERROR] nil pointer
2026-06-17 10:46:50 [WARN] high memory usage
2026-06-17 10:46:51 [WARN] retry attempt
2026-06-17 10:46:52 [WARN] high memory usage
2026-06-17 10:46:53 [ERROR] request failed
2026-06-17 10:46:54 [INFO] request completed
2026-06-17 10:46:55 [ERROR] database timeout
2026-06-17 10:46:56 [ERROR] database timeout
2026-06-17 10:46:57 [ERROR] database timeout
2026-06-17 10:46:58 [WARN] retry attempt
2026-06-17 10:46:59 [INFO] health check ok
2026-06-17 10:47:00 [ERROR] database timeout
2026-06-17 10:47:01 [ERROR] database timeout
2026-06-17 10:47:02 [WARN] retry attempt
2026-06-17 10:47:03 [ERROR] database timeout
2026-06-17 10:47:04 [ERROR] connection refused
2026-06-17 10:47:05 [WARN] retry attempt
2026-06-17 10:47:06 [INFO] health check ok
2026-06-17 10:47:07 [ERROR] nil pointer
2026-06-17 10:47:08 [ERROR] nil pointer
2026-06-17 10:47:09 [ERROR] connection refused
2026-06-17 10:47:10 [ERROR] connection refused
2026-06-17 10:47:11 [ERROR] nil pointer
2026-06-17 10:47:12 [ERROR] connection refused
2026-06-17 10:47:13 [ERROR] nil pointer
2026-06-17 10:47:14 [INFO] user logged in
2026-06-17 10:47:15 [ERROR] request failed
2026-06-17 10:47:16 [WARN] retry attempt
2026-06-17 10:47:17 [INFO] request completed
2026-06-17 10:47:18 [INFO] cache hit
2026-06-17 10:47:19 [INFO] user logged in
2026-06-17 10:47:20 [ERROR] request failed
2026-06-17 10:47:21 [WARN] high memory usage
2026-06-17 10:47:22 [INFO] cache hit
2026-06-17 10:47:23 [WARN] high memory usage
2026-06-17 10:47:24 [WARN] high memory usage
2026-06-17 10:47:25 [INFO] user logged in
2026-06-17 10:47:26 [ERROR] database timeout
2026-06-17 10:47:27 [WARN] retry attempt
2026-06-17 10:47:28 [ERROR] connection refused
2026-06-17 10:47:29 [INFO] cache hit
2026-06-17 10:47:30 [INFO] request completed
2026-06-17 10:47:31 [ERROR] nil pointer
2026-06-17 10:47:32 [WARN] high memory usage
2026-06-17 10:47:33 [ERROR] database timeout
2026-06-17 10:47:34 [INFO] cache hit
2026-06-17 10:47:35 [WARN] slow query detected
2026-06-17 10:47:36 [WARN] slow query detected
2026-06-17 10:47:37 [INFO] cache hit
2026-06-17 10:47:38 [INFO] request completed
2026-06-17 10:47:39 [ERROR] nil pointer
2026-06-17 10:47:40 [ERROR] nil pointer
2026-06-17 10:47:41 [ERROR] nil pointer
2026-06-17 10:47:42 [ERROR] nil pointer
2026-06-17 10:47:43 [WARN] high memory usage
2026-06-17 10:47:44 [ERROR] database timeout
2026-06-17 10:47:45 [INFO] health check ok
2026-06-17 10:47:46 [ERROR] request failed
2026-06-17 10:47:47 [INFO] request completed
2026-06-17 10:47:48 [INFO] user logged in
2026-06-17 10:47:49 [INFO] cache hit
2026-06-17 10:47:50 [WARN] slow query detected
2026-06-17 10:47:51 [WARN] high memory usage
2026-06-17 10:47:52 [WARN] slow query detected
2026-06-17 10:47:53 [ERROR] request failed
2026-06-17 10:47:54 [INFO] user logged in
2026-06-17 10:47:55 [INFO] request completed
2026-06-17 10:47:56 [ERROR] request failed
2026-06-17 10:47:57 [ERROR] request failed
2026-06-17 10:47:58 [ERROR] connection refused
2026-06-17 10:47:59 [ERROR] connection refused
2026-06-17 10:48:00 [WARN] retry attempt
2026-06-17 10:48:01 [WARN] retry attempt
2026-06-17 10:48:02 [WARN] retry attempt
2026-06-17 10:48:03 [ERROR] connection refused
2026-06-17 10:48:04 [INFO] user logged in
2026-06-17 10:48:05 [ERROR] database timeout
2026-06-17 10:48:06 [WARN] retry attempt
2026-06-17 10:48:07 [INFO] request completed
2026-06-17 10:48:08 [ERROR] nil pointer
2026-06-17 10:48:09 [INFO] cache hit
2026-06-17 10:48:10 [WARN] high memory usage
2026-06-17 10:48:11 [INFO] health check ok
2026-06-17 10:48:12 [ERROR] connection refused
2026-06-17 10:48:13 [ERROR] connection refused
2026-06-17 10:48:14 [INFO] health check ok
2026-06-17 10:48:15 [WARN] slow query detected
2026-06-17 10:48:16 [INFO] cache hit
2026-06-17 10:48:17 [WARN] high memory usage
2026-06-17 10:48:18 [INFO] request completed
2026-06-17 10:48:19 [WARN] high memory usage
2026-06-17 10:48:20 [WARN] slow query detected
2026-06-17 10:48:21 [WARN] retry attempt
2026-06-17 10:48:22 [INFO] health check ok
2026-06-17 10:48:23 [ERROR] request failed
2026-06-17 10:48:24 [INFO] request completed
2026-06-17 10:48:25 [INFO] health check ok
2026-06-17 10:48:26 [ERROR] database timeout
2026-06-17 10:48:27 [INFO] health check ok
2026-06-17 10:48:28 [WARN] retry attempt
2026-06-17 10:48:29 [ERROR] nil pointer
2026-06-17 10:48:30 [ERROR] database timeout
2026-06-17 10:48:31 [WARN] slow query detected
2026-06-17 10:48:32 [WARN] slow query detected
2026-06-17 10:48:33 [INFO] health check ok
2026-06-17 10:48:34 [ERROR] nil pointer
2026-06-17 10:48:35 [INFO] health check ok
2026-06-17 10:48:36 [INFO] request completed
2026-06-17 10:48:37 [WARN] retry attempt
2026-06-17 10:48:38 [ERROR] nil pointer
2026-06-17 10:48:39 [ERROR] nil pointer
2026-06-17 10:48:40 [ERROR] database timeout
2026-06-17 10:48:41 [ERROR] nil pointer
2026-06-17 10:48:42 [ERROR] request failed
2026-06-17 10:48:43 [WARN] high memory usage
2026-06-17 10:48:44 [INFO] cache hit
2026-06-17 10:48:45 [WARN] retry attempt
2026-06-17 10:48:46 [WARN] high memory usage
2026-06-17 10:48:47 [ERROR] connection refused
2026-06-17 10:48:48 [WARN] slow query detected
2026-06-17 10:48:49 [WARN] high memory usage
2026-06-17 10:48:50 [WARN] high memory usage
2026-06-17 10:48:51 [WARN] retry attempt
2026-06-17 10:48:52 [ERROR] connection refused
2026-06-17 10:48:53 [ERROR] request failed
2026-06-17 10:48:54 [WARN] retry attempt
2026-06-17 10:48:55 [WARN] retry attempt
2026-06-17 10:48:56 [WARN] retry attempt
2026-06-17 10:48:57 [INFO] user logged in
2026-06-17 10:48:58 [ERROR] nil pointer
2026-06-17 10:48:59 [WARN] slow query detected
2026-06-17 10:49:00 [WARN] slow query detected
2026-06-17 10:49:01 [ERROR] nil pointer
2026-06-17 10:49:02 [INFO] user logged in
2026-06-17 10:49:03 [WARN] retry attempt
2026-06-17 10:49:04 [WARN] retry attempt
2026-06-17 10:49:05 [ERROR] request failed
2026-06-17 10:49:06 [ERROR] connection refused
2026-06-17 10:49:07 [WARN] slow query detected
2026-06-17 10:49:08 [INFO] user logged in
2026-06-17 10:49:09 [ERROR] nil pointer
2026-06-17 10:49:10 [WARN] high memory usage
2026-06-17 10:49:11 [ERROR] database timeout
2026-06-17 10:49:12 [WARN] slow query detected
2026-06-17 10:49:13 [WARN] retry attempt
2026-06-17 10:49:14 [WARN] retry attempt
2026-06-17 10:49:15 [WARN] high memory usage
2026-06-17 10:49:16 [INFO] user logged in
2026-06-17 10:49:17 [WARN] high memory usage
2026-06-17 10:49:18 [INFO] request completed
2026-06-17 10:49:19 [ERROR] database timeout
2026-06-17 10:49:20 [WARN] retry attempt
2026-06-17 10:49:21 [INFO] health check ok
2026-06-17 10:49:22 [INFO] request completed
2026-06-17 10:49:23 [INFO] cache hit
2026-06-17 10:49:24 [ERROR] connection refused
2026-06-17 10:49:25 [INFO] user logged in
2026-06-17 10:49:26 [INFO] request completed
2026-06-17 10:49:27 [INFO] request completed
2026-06-17 10:49:28 [INFO] request completed
2026-06-17 10:49:29 [WARN] high memory usage
2026-06-17 10:49:30 [ERROR] request failed
2026-06-17 10:49:31 [ERROR] nil pointer
2026-06-17 10:49:32 [INFO] health check ok
2026-06-17 10:49:33 [ERROR] database timeout
2026-06-17 10:49:34 [ERROR] connection refused
2026-06-17 10:49:35 [WARN] slow query detected
2026-06-17 10:49:36 [INFO] health check ok
2026-06-17 10:49:37 [ERROR] nil pointer
2026-06-17 10:49:38 [WARN] slow query detected
2026-06-17 10:49:39 [WARN] retry attempt
2026-06-17 10:49:40 [INFO] request completed
2026-06-17 10:49:41 [INFO] request completed
2026-06-17 10:49:42 [INFO] health check ok
2026-06-17 10:49:43 [INFO] request completed
2026-06-17 10:49:44 [WARN] retry attempt
2026-06-17 10:49:45 [INFO] health check ok
2026-06-17 10:49:46 [INFO] cache hit
2026-06-17 10:49:47 [WARN] slow query detected
2026-06-17 10:49:48 [INFO] health check ok
2026-06-17 10:49:49 [WARN] high memory usage
2026-06-17 10:49:50 [INFO] user logged in
2026-06-17 10:49:51 [WARN] slow query detected
2026-06-17 10:49:52 [WARN] high memory usage
2026-06-17 10:49:53 [ERROR] connection refused
2026-06-17 10:49:54 [INFO] request completed
2026-06-17 10:49:55 [WARN] retry attempt
2026-06-17 10:49:56 [INFO] health check ok
2026-06-17 10:49:57 [ERROR] connection refused
2026-06-17 10:49:58 [INFO] user logged in
2026-06-17 10:49:59 [WARN] retry attempt
2026-06-17 10:50:00 [ERROR] nil pointer
2026-06-17 10:50:01 [WARN] high memory usage
2026-06-17 10:50:02 [WARN] retry attempt
2026-06-17 10:50:03 [INFO] user logged in
2026-06-17 10:50:04 [INFO] request completed
2026-06-17 10:50:05 [ERROR] nil pointer
2026-06-17 10:50:06 [INFO] health check ok
2026-06-17 10:50:07 [INFO] health check ok
2026-06-17 10:50:08 [WARN] high memory usage
2026-06-17 10:50:09 [WARN] slow query detected
2026-06-17 10:50:10 [ERROR] request failed
2026-06-17 10:50:11 [WARN] high memory usage
2026-06-17 10:50:12 [WARN] retry attempt
2026-06-17 10:50:13 [WARN] retry attempt
2026-06-17 10:50:14 [INFO] health check ok
2026-06-17 10:50:15 [ERROR] nil pointer
2026-06-17 10:50:16 [INFO] user logged in
2026-06-17 10:50:17 [INFO] cache hit
2026-06-17 10:50:18 [WARN] retry attempt
2026-06-17 10:50:19 [ERROR] nil pointer
2026-06-17 10:50:20 [INFO] user logged in
2026-06-17 10:50:21 [INFO] health check ok
2026-06-17 10:50:22 [INFO] health check ok
2026-06-17 10:50:23 [WARN] high memory usage
2026-06-17 10:50:24 [ERROR] nil pointer
2026-06-17 10:50:25 [INFO] user logged in
2026-06-17 10:50:26 [WARN] slow query detected
2026-06-17 10:50:27 [INFO] request completed
2026-06-17 10:50:28 [WARN] high memory usage
2026-06-17 10:50:29 [WARN] slow query detected
2026-06-17 10:50:30 [INFO] request completed
2026-06-17 10:50:31 [INFO] user logged in
2026-06-17 10:50:32 [WARN] high memory usage
2026-06-17 10:50:33 [INFO] user logged in
2026-06-17 10:50:34 [WARN] high memory usage
2026-06-17 10:50:35 [WARN] high memory usage
2026-06-17 10:50:36 [INFO] health check ok
2026-06-17 10:50:37 [ERROR] request failed
2026-06-17 10:50:38 [INFO] request completed
2026-06-17 10:50:39 [INFO] request completed
2026-06-17 10:50:40 [ERROR] request failed
2026-06-17 10:50:41 [ERROR] database timeout
2026-06-17 10:50:42 [WARN] slow query detected
2026-06-17 10:50:43 [WARN] slow query detected
2026-06-17 10:50:44 [INFO] user logged in
2026-06-17 10:50:45 [ERROR] nil pointer
2026-06-17 10:50:46 [INFO] cache hit
2026-06-17 10:50:47 [INFO] health check ok
2026-06-17 10:50:48 [ERROR] connection refused
2026-06-17 10:50:49 [WARN] high memory usage
2026-06-17 10:50:50 [INFO] request completed
2026-06-17 10:50:51 [WARN] high memory usage
2026-06-17 10:50:52 [ERROR] database timeout
2026-06-17 10:50:53 [ERROR] request failed
2026-06-17 10:50:54 [ERROR] database timeout
2026-06-17 10:50:55 [ERROR] connection refused
2026-06-17 10:50:56 [ERROR] connection refused
2026-06-17 10:50:57 [WARN] slow query detected
2026-06-17 10:50:58 [INFO] request completed
2026-06-17 10:50:59 [WARN] retry attempt
2026-06-17 10:51:00 [WARN] retry attempt
2026-06-17 10:51:01 [ERROR] nil pointer
2026-06-17 10:51:02 [WARN] slow query detected
2026-06-17 10:51:03 [WARN] retry attempt
2026-06-17 10:51:04 [INFO] user logged in
2026-06-17 10:51:05 [ERROR] nil pointer
2026-06-17 10:51:06 [INFO] request completed
2026-06-17 10:51:07 [WARN] slow query detected
2026-06-17 10:51:08 [ERROR] request failed
2026-06-17 10:51:09 [INFO] cache hit
2026-06-17 10:51:10 [WARN] retry attempt
2026-06-17 10:51:11 [ERROR] nil pointer
2026-06-17 10:51:12 [ERROR] database timeout
2026-06-17 10:51:13 [INFO] cache hit
2026-06-17 10:51:14 [ERROR] database timeout
2026-06-17 10:51:15 [INFO] request completed
2026-06-17 10:51:16 [INFO] request completed
2026-06-17 10:51:17 [INFO] cache hit
2026-06-17 10:51:18 [INFO] cache hit
2026-06-17 10:51:19 [INFO] request completed
2026-06-17 10:51:20 [ERROR] nil pointer
2026-06-17 10:51:21 [WARN] slow query detected
2026-06-17 10:51:22 [WARN] slow query detected
2026-06-17 10:51:23 [WARN] retry attempt
2026-06-17 10:51:24 [WARN] retry attempt
2026-06-17 10:51:25 [ERROR] nil pointer
2026-06-17 10:51:26 [INFO] health check ok
2026-06-17 10:51:27 [WARN] slow query detected
2026-06-17 10:51:28 [ERROR] connection refused
2026-06-17 10:51:29 [WARN] retry attempt
2026-06-17 10:51:30 [INFO] cache hit
2026-06-17 10:51:31 [ERROR] nil pointer
2026-06-17 10:51:32 [WARN] retry attempt
2026-06-17 10:51:33 [WARN] high memory usage
2026-06-17 10:51:34 [ERROR] request failed
2026-06-17 10:51:35 [WARN] high memory usage
2026-06-17 10:51:36 [ERROR] connection refused
2026-06-17 10:51:37 [ERROR] connection refused
2026-06-17 10:51:38 [INFO] request completed
2026-06-17 10:51:39 [ERROR] database timeout
2026-06-17 10:51:40 [ERROR] request failed
2026-06-17 10:51:41 [ERROR] nil pointer
2026-06-17 10:51:42 [ERROR] connection refused
2026-06-17 10:51:43 [ERROR] nil pointer
2026-06-17 10:51:44 [INFO] user logged in
2026-06-17 10:51:45 [WARN] high memory usage
2026-06-17 10:51:46 [INFO] user logged in
2026-06-17 10:51:47 [WARN] slow query detected
2026-06-17 10:51:48 [INFO] cache hit
2026-06-17 10:51:49 [WARN] slow query detected
2026-06-17 10:51:50 [ERROR] connection refused
2026-06-17 10:51:51 [ERROR] nil pointer
2026-06-17 10:51:52 [WARN] slow query detected
2026-06-17 10:51:53 [ERROR] connection refused
2026-06-17 10:51:54 [WARN] slow query detected
2026-06-17 10:51:55 [WARN] slow query detected
2026-06-17 10:51:56 [ERROR] nil pointer
2026-06-17 10:51:57 [INFO] request completed
2026-06-17 10:51:58 [ERROR] request failed
2026-06-17 10:51:59 [WARN] high memory usage
2026-06-17 10:52:00 [ERROR] nil pointer
2026-06-17 10:52:01 [INFO] request completed
2026-06-17 10:52:02 [INFO] cache hit
2026-06-17 10:52:03 [INFO] health check ok
2026-06-17 10:52:04 [WARN] retry attempt
2026-06-17 10:52:05 [INFO] request completed
2026-06-17 10:52:06 [WARN] retry attempt
2026-06-17 10:52:07 [WARN] high memory usage
2026-06-17 10:52:08 [WARN] retry attempt
2026-06-17 10:52:09 [INFO] health check ok
2026-06-17 10:52:10 [ERROR] nil pointer
2026-06-17 10:52:11 [WARN] high memory usage
2026-06-17 10:52:12 [ERROR] nil pointer
2026-06-17 10:52:13 [WARN] slow query detected
2026-06-17 10:52:14 [ERROR] connection refused
2026-06-17 10:52:15 [INFO] health check ok
2026-06-17 10:52:16 [ERROR] connection refused
2026-06-17 10:52:17 [ERROR] nil pointer
2026-06-17 10:52:18 [WARN] high memory usage
2026-06-17 10:52:19 [ERROR] request failed
2026-06-17 10:52:20 [INFO] user logged in
2026-06-17 10:52:21 [WARN] retry attempt
2026-06-17 10:52:22 [INFO] request completed
2026-06-17 10:52:23 [WARN] retry attempt
2026-06-17 10:52:24 [INFO] cache hit
2026-06-17 10:52:25 [WARN] slow query detected
2026-06-17 10:52:26 [WARN] retry attempt
2026-06-17 10:52:27 [WARN] retry attempt
2026-06-17 10:52:28 [INFO] cache hit
2026-06-17 10:52:29 [WARN] high memory usage
2026-06-17 10:52:30 [INFO] health check ok
2026-06-17 10:52:31 [INFO] cache hit
2026-06-17 10:52:32 [WARN] slow query detected
2026-06-17 10:52:33 [WARN] retry attempt
2026-06-17 10:52:34 [WARN] slow query detected
2026-06-17 10:52:35 [ERROR] nil pointer
2026-06-17 10:52:36 [WARN] slow query detected
2026-06-17 10:52:37 [WARN] slow query detected
2026-06-17 10:52:38 [INFO] user logged in
2026-06-17 10:52:39 [ERROR] database timeout
2026-06-17 10:52:40 [ERROR] database timeout
2026-06-17 10:52:41 [WARN] retry attempt
2026-06-17 10:52:42 [WARN] retry attempt
2026-06-17 10:52:43 [ERROR] nil pointer
2026-06-17 10:52:44 [ERROR] request failed
2026-06-17 10:52:45 [WARN] retry attempt
2026-06-17 10:52:46 [ERROR] connection refused
2026-06-17 10:52:47 [INFO] user logged in
2026-06-17 10:52:48 [WARN] slow query detected
2026-06-17 10:52:49 [INFO] cache hit
2026-06-17 10:52:50 [WARN] retry attempt
2026-06-17 10:52:51 [WARN] retry attempt
2026-06-17 10:52:52 [ERROR] database timeout
2026-06-17 10:52:53 [WARN] slow query detected
2026-06-17 10:52:54 [INFO] health check ok
2026-06-17 10:52:55 [INFO] cache hit
2026-06-17 10:52:56 [ERROR] request failed
2026-06-17 10:52:57 [INFO] health check ok
2026-06-17 10:52:58 [INFO] user logged in
2026-06-17 10:52:59 [ERROR] connection refused
2026-06-17 10:53:00 [WARN] retry attempt
2026-06-17 10:53:01 [ERROR] connection refused
2026-06-17 10:53:02 [WARN] high memory usage
2026-06-17 10:53:03 [WARN] slow query detected
2026-06-17 10:53:04 [INFO] user logged in
2026-06-17 10:53:05 [INFO] health check ok
2026-06-17 10:53:06 [INFO] user logged in
2026-06-17 10:53:07 [INFO] request completed
2026-06-17 10:53:08 [ERROR] connection refused
2026-06-17 10:53:09 [ERROR] connection refused
2026-06-17 10:53:10 [WARN] high memory usage
2026-06-17 10:53:11 [INFO] user logged in
2026-06-17 10:53:12 [INFO] user logged in
2026-06-17 10:53:13 [ERROR] connection refused
2026-06-17 10:53:14 [WARN] retry attempt
2026-06-17 10:53:15 [WARN] retry attempt
2026-06-17 10:53:16 [WARN] slow query detected
2026-06-17 10:53:17 [WARN] slow query detected
2026-06-17 10:53:18 [INFO] health check ok
2026-06-17 10:53:19 [ERROR] connection refused
2026-06-17 10:53:20 [ERROR] connection refused
2026-06-17 10:53:21 [INFO] cache hit
2026-06-17 10:53:22 [WARN] retry attempt
2026-06-17 10:53:23 [ERROR] request failed
2026-06-17 10:53:24 [WARN] retry attempt
2026-06-17 10:53:25 [WARN] retry attempt
2026-06-17 10:53:26 [INFO] health check ok
2026-06-17 10:53:27 [WARN] high memory usage
2026-06-17 10:53:28 [WARN] retry attempt
2026-06-17 10:53:29 [WARN] high memory usage
2026-06-17 10:53:30 [ERROR] database timeout
2026-06-17 10:53:31 [WARN] high memory usage
2026-06-17 10:53:32 [ERROR] nil pointer
2026-06-17 10:53:33 [WARN] retry attempt
2026-06-17 10:53:34 [INFO] cache hit
2026-06-17 10:53:35 [INFO] request completed
2026-06-17 10:53:36 [ERROR] database timeout
2026-06-17 10:53:37 [ERROR] connection refused
2026-06-17 10:53:38 [WARN] retry attempt
2026-06-17 10:53:39 [WARN] high memory usage
2026-06-17 10:53:40 [WARN] slow query detected
2026-06-17 10:53:41 [WARN] slow query detected
2026-06-17 10:53:42 [INFO] cache hit
2026-06-17 10:53:43 [INFO] user logged in
2026-06-17 10:53:44 [ERROR] request failed
2026-06-17 10:53:45 [WARN] high memory usage
2026-06-17 10:53:46 [ERROR] database timeout
2026-06-17 10:53:47 [ERROR] connection refused
2026-06-17 10:53:48 [ERROR] request failed
2026-06-17 10:53:49 [ERROR] database timeout
2026-06-17 10:53:50 [INFO] health check ok
2026-06-17 10:53:51 [ERROR] nil pointer
2026-06-17 10:53:52 [ERROR] request failed
2026-06-17 10:53:53 [WARN] high memory usage
2026-06-17 10:53:54 [WARN] retry attempt
2026-06-17 10:53:55 [INFO] user logged in
2026-06-17 10:53:56 [ERROR] connection refused
2026-06-17 10:53:57 [WARN] slow query detected
2026-06-17 10:53:58 [WARN] high memory usage
2026-06-17 10:53:59 [INFO] user logged in
2026-06-17 10:54:00 [WARN] high memory usage
2026-06-17 10:54:01 [INFO] health check ok
2026-06-17 10:54:02 [WARN] high memory usage
2026-06-17 10:54:03 [ERROR] database timeout
2026-06-17 10:54:04 [INFO] health check ok
2026-06-17 10:54:05 [INFO] health check ok
2026-06-17 10:54:06 [ERROR] database timeout
2026-06-17 10:54:07 [WARN] retry attempt
2026-06-17 10:54:08 [INFO] cache hit
2026-06-17 10:54:09 [WARN] slow query detected
2026-06-17 10:54:10 [ERROR] nil pointer
2026-06-17 10:54:11 [ERROR] nil pointer
2026-06-17 10:54:12 [WARN] retry attempt
2026-06-17 10:54:13 [INFO] user logged in
2026-06-17 10:54:14 [WARN] retry attempt
2026-06-17 10:54:15 [WARN] slow query detected
2026-06-17 10:54:16 [WARN] high memory usage
2026-06-17 10:54:17 [ERROR] request failed
2026-06-17 10:54:18 [INFO] request completed
2026-06-17 10:54:19 [INFO] request completed
2026-06-17 10:54:20 [INFO] cache hit
2026-06-17 10:54:21 [ERROR] nil pointer
2026-06-17 10:54:22 [ERROR] nil pointer
2026-06-17 10:54:23 [INFO] cache hit
2026-06-17 10:54:24 [INFO] request completed
2026-06-17 10:54:25 [ERROR] database timeout
2026-06-17 10:54:26 [INFO] health check ok
2026-06-17 10:54:27 [ERROR] nil pointer
2026-06-17 10:54:28 [ERROR] nil pointer
2026-06-17 10:54:29 [INFO] user logged in
2026-06-17 10:54:30 [INFO] user logged in
2026-06-17 10:54:31 [WARN] high memory usage
2026-06-17 10:54:32 [ERROR] database timeout
2026-06-17 10:54:33 [WARN] slow query detected
2026-06-17 10:54:34 [WARN] slow query detected
2026-06-17 10:54:35 [WARN] high memory usage
2026-06-17 10:54:36 [WARN] slow query detected
2026-06-17 10:54:37 [WARN] high memory usage
2026-06-17 10:54:38 [ERROR] nil pointer
2026-06-17 10:54:39 [INFO] user logged in
2026-06-17 10:54:40 [ERROR] request failed
2026-06-17 10:54:41 [ERROR] connection refused
2026-06-17 10:54:42 [WARN] retry attempt
2026-06-17 10:54:43 [ERROR] database timeout
2026-06-17 10:54:44 [INFO] health check ok
2026-06-17 10:54:45 [INFO] health check ok
2026-06-17 10:54:46 [INFO] cache hit
2026-06-17 10:54:47 [WARN] high memory usage
2026-06-17 10:54:48 [ERROR] database timeout
2026-06-17 10:54:49 [ERROR] nil pointer
2026-06-17 10:54:50 [WARN] retry attempt
2026-06-17 10:54:51 [WARN] slow query detected
2026-06-17 10:54:52 [INFO] cache hit
2026-06-17 10:54:53 [ERROR] database timeout
2026-06-17 10:54:54 [ERROR] connection refused
2026-06-17 10:54:55 [INFO] health check ok
2026-06-17 10:54:56 [ERROR] request failed
2026-06-17 10:54:57 [ERROR] nil pointer
2026-06-17 10:54:58 [WARN] slow query detected
2026-06-17 10:54:59 [INFO] user logged in
2026-06-17 10:55:00 [WARN] high memory usage
2026-06-17 10:55:01 [ERROR] nil pointer
2026-06-17 10:55:02 [ERROR] request failed
2026-06-17 10:55:03 [ERROR] nil pointer
2026-06-17 10:55:04 [INFO] request completed
2026-06-17 10:55:05 [ERROR] nil pointer
2026-06-17 10:55:06 [WARN] slow query detected
2026-06-17 10:55:07 [WARN] high memory usage
2026-06-17 10:55:08 [WARN] retry attempt
2026-06-17 10:55:09 [ERROR] connection refused
2026-06-17 10:55:10 [ERROR] request failed
2026-06-17 10:55:11 [WARN] slow query detected
2026-06-17 10:55:12 [INFO] cache hit
2026-06-17 10:55:13 [INFO] user logged in
2026-06-17 10:55:14 [WARN] high memory usage
2026-06-17 10:55:15 [ERROR] database timeout
2026-06-17 10:55:16 [ERROR] request failed
2026-06-17 10:55:17 [INFO] cache hit
2026-06-17 10:55:18 [WARN] high memory usage
2026-06-17 10:55:19 [ERROR] nil pointer
2026-06-17 10:55:20 [WARN] high memory usage
2026-06-17 10:55:21 [ERROR] nil pointer
2026-06-17 10:55:22 [WARN] retry attempt
2026-06-17 10:55:23 [WARN] retry attempt
2026-06-17 10:55:24 [ERROR] connection refused
2026-06-17 10:55:25 [INFO] health check ok
2026-06-17 10:55:26 [ERROR] connection refused
2026-06-17 10:55:27 [INFO] health check ok
2026-06-17 10:55:28 [WARN] slow query detected
2026-06-17 10:55:29 [INFO] cache hit
2026-06-17 10:55:30 [INFO] user logged in
2026-06-17 10:55:31 [INFO] request completed
2026-06-17 10:55:32 [ERROR] connection refused
2026-06-17 10:55:33 [ERROR] database timeout
2026-06-17 10:55:34 [WARN] high memory usage
2026-06-17 10:55:35 [WARN] high memory usage
2026-06-17 10:55:36 [INFO] health check ok
2026-06-17 10:55:37 [ERROR] connection refused
2026-06-17 10:55:38 [INFO] user logged in
2026-06-17 10:55:39 [WARN] high memory usage
2026-06-17 10:55:40 [ERROR] request failed
2026-06-17 10:55:41 [WARN] slow query detected
2026-06-17 10:55:42 [INFO] request completed
2026-06-17 10:55:43 [ERROR] request failed
2026-06-17 10:55:44 [ERROR] nil pointer
2026-06-17 10:55:45 [INFO] request completed
2026-06-17 10:55:46 [WARN] slow query detected
2026-06-17 10:55:47 [INFO] request completed
2026-06-17 10:55:48 [ERROR] nil pointer
2026-06-17 10:55:49 [WARN] retry attempt
2026-06-17 10:55:50 [WARN] slow query detected
2026-06-17 10:55:51 [INFO] user logged in
2026-06-17 10:55:52 [INFO] request completed
2026-06-17 10:55:53 [ERROR] request failed
2026-06-17 10:55:54 [WARN] retry attempt
2026-06-17 10:55:55 [INFO] health check ok
2026-06-17 10:55:56 [WARN] retry attempt
2026-06-17 10:55:57 [INFO] cache hit
2026-06-17 10:55:58 [INFO] user logged in
2026-06-17 10:55:59 [INFO] cache hit
2026-06-17 10:56:00 [WARN] slow query detected
2026-06-17 10:56:01 [ERROR] nil pointer
2026-06-17 10:56:02 [WARN] slow query detected
2026-06-17 10:56:03 [ERROR] request failed
2026-06-17 10:56:04 [WARN] slow query detected
2026-06-17 10:56:05 [ERROR] request failed
2026-06-17 10:56:06 [WARN] retry attempt
2026-06-17 10:56:07 [WARN] retry attempt
2026-06-17 10:56:08 [INFO] cache hit
2026-06-17 10:56:09 [WARN] high memory usage
2026-06-17 10:56:10 [WARN] slow query detected
2026-06-17 10:56:11 [ERROR] nil pointer
2026-06-17 10:56:12 [INFO] health check ok
2026-06-17 10:56:13 [WARN] high memory usage
2026-06-17 10:56:14 [ERROR] database timeout
2026-06-17 10:56:15 [ERROR] nil pointer
2026-06-17 10:56:16 [ERROR] connection refused
2026-06-17 10:56:17 [ERROR] nil pointer
2026-06-17 10:56:18 [WARN] slow query detected
2026-06-17 10:56:19 [ERROR] request failed
2026-06-17 10:56:20 [INFO] health check ok
2026-06-17 10:56:21 [WARN] slow query detected
2026-06-17 10:56:22 [INFO] health check ok
2026-06-17 10:56:23 [ERROR] nil pointer
2026-06-17 10:56:24 [INFO] request completed
2026-06-17 10:56:25 [INFO] request completed
2026-06-17 10:56:26 [ERROR] connection refused
2026-06-17 10:56:27 [INFO] cache hit
2026-06-17 10:56:28 [INFO] user logged in
2026-06-17 10:56:29 [WARN] high memory usage
2026-06-17 10:56:30 [INFO] cache hit
2026-06-17 10:56:31 [ERROR] nil pointer
2026-06-17 10:56:32 [WARN] retry attempt
2026-06-17 10:56:33 [WARN] retry attempt
2026-06-17 10:56:34 [INFO] user logged in
2026-06-17 10:56:35 [ERROR] database timeout
2026-06-17 10:56:36 [WARN] slow query detected
2026-06-17 10:56:37 [INFO] cache hit
2026-06-17 10:56:38 [ERROR] nil pointer
2026-06-17 10:56:39 [INFO] health check ok
2026-06-17 10:56:40 [ERROR] nil pointer
2026-06-17 10:56:41 [ERROR] nil pointer
2026-06-17 10:56:42 [INFO] user logged in
2026-06-17 10:56:43 [ERROR] database timeout
2026-06-17 10:56:44 [ERROR] database timeout
2026-06-17 10:56:45 [INFO] request completed
2026-06-17 10:56:46 [WARN] retry attempt
2026-06-17 10:56:47 [WARN] retry attempt
2026-06-17 10:56:48 [ERROR] database timeout
2026-06-17 10:56:49 [WARN] retry attempt
2026-06-17 10:56:50 [WARN] high memory usage
2026-06-17 10:56:51 [WARN] high memory usage
2026-06-17 10:56:52 [WARN] retry attempt
2026-06-17 10:56:53 [ERROR] connection refused
2026-06-17 10:56:54 [ERROR] nil pointer
2026-06-17 10:56:55 [WARN] high memory usage
2026-06-17 10:56:56 [ERROR] database timeout
2026-06-17 10:56:57 [INFO] user logged in
2026-06-17 10:56:58 [INFO] user logged in
2026-06-17 10:56:59 [INFO] user logged in
2026-06-17 10:57:00 [WARN] high memory usage
2026-06-17 10:57:01 [WARN] slow query detected
2026-06-17 10:57:02 [ERROR] database timeout
2026-06-17 10:57:03 [INFO] user logged in
2026-06-17 10:57:04 [ERROR] database timeout
2026-06-17 10:57:05 [INFO] request completed
2026-06-17 10:57:06 [ERROR] request failed
2026-06-17 10:57:07 [WARN] slow query detected
2026-06-17 10:57:08 [WARN] retry attempt
2026-06-17 10:57:09 [INFO] cache hit
2026-06-17 10:57:10 [WARN] slow query detected
2026-06-17 10:57:11 [ERROR] request failed
2026-06-17 10:57:12 [ERROR] database timeout
2026-06-17 10:57:13 [ERROR] database timeout
2026-06-17 10:57:14 [INFO] request completed
2026-06-17 10:57:15 [WARN] slow query detected
2026-06-17 10:57:16 [ERROR] database timeout
2026-06-17 10:57:17 [INFO] cache hit
2026-06-17 10:57:18 [ERROR] nil pointer
2026-06-17 10:57:19 [ERROR] database timeout
2026-06-17 10:57:20 [ERROR] nil pointer
2026-06-17 10:57:21 [INFO] health check ok
2026-06-17 10:57:22 [INFO] user logged in
2026-06-17 10:57:23 [INFO] health check ok
2026-06-17 10:57:24 [ERROR] connection refused
2026-06-17 10:57:25 [INFO] health check ok
2026-06-17 10:57:26 [ERROR] nil pointer
2026-06-17 10:57:27 [WARN] retry attempt
2026-06-17 10:57:28 [INFO] health check ok
2026-06-17 10:57:29 [INFO] request completed
2026-06-17 10:57:30 [ERROR] nil pointer
2026-06-17 10:57:31 [WARN] retry attempt
2026-06-17 10:57:32 [INFO] user logged in
2026-06-17 10:57:33 [WARN] slow query detected
2026-06-17 10:57:34 [INFO] cache hit
2026-06-17 10:57:35 [WARN] high memory usage
2026-06-17 10:57:36 [INFO] request completed
2026-06-17 10:57:37 [INFO] user logged in
2026-06-17 10:57:38 [ERROR] request failed
2026-06-17 10:57:39 [INFO] cache hit
2026-06-17 10:57:40 [ERROR] connection refused
2026-06-17 10:57:41 [WARN] retry attempt
2026-06-17 10:57:42 [WARN] slow query detected
2026-06-17 10:57:43 [ERROR] request failed
2026-06-17 10:57:44 [INFO] cache hit
2026-06-17 10:57:45 [ERROR] nil pointer
2026-06-17 10:57:46 [ERROR] nil pointer
2026-06-17 10:57:47 [INFO] request completed
2026-06-17 10:57:48 [WARN] retry attempt
2026-06-17 10:57:49 [ERROR] database timeout
2026-06-17 10:57:50 [WARN] slow query detected
2026-06-17 10:57:51 [ERROR] nil pointer
2026-06-17 10:57:52 [WARN] retry attempt
2026-06-17 10:57:53 [INFO] cache hit
2026-06-17 10:57:54 [INFO] user logged in
2026-06-17 10:57:55 [WARN] retry attempt
2026-06-17 10:57:56 [ERROR] request failed
2026-06-17 10:57:57 [WARN] slow query detected
2026-06-17 10:57:58 [WARN] slow query detected
2026-06-17 10:57:59 [ERROR] connection refused
2026-06-17 10:58:00 [INFO] cache hit
2026-06-17 10:58:01 [INFO] user logged in
2026-06-17 10:58:02 [ERROR] nil pointer
2026-06-17 10:58:03 [WARN] high memory usage
2026-06-17 10:58:04 [WARN] high memory usage
2026-06-17 10:58:05 [INFO] cache hit
2026-06-17 10:58:06 [ERROR] nil pointer
2026-06-17 10:58:07 [ERROR] connection refused
2026-06-17 10:58:08 [INFO] cache hit
2026-06-17 10:58:09 [ERROR] request failed
2026-06-17 10:58:10 [ERROR] request failed
2026-06-17 10:58:11 [ERROR] nil pointer
2026-06-17 10:58:12 [INFO] health check ok
2026-06-17 10:58:13 [WARN] slow query detected
2026-06-17 10:58:14 [WARN] slow query detected
2026-06-17 10:58:15 [WARN] retry attempt
2026-06-17 10:58:16 [ERROR] nil pointer
2026-06-17 10:58:17 [WARN] slow query detected
2026-06-17 10:58:18 [ERROR] connection refused
2026-06-17 10:58:19 [ERROR] connection refused
2026-06-17 10:58:20 [ERROR] request failed
2026-06-17 10:58:21 [WARN] slow query detected
2026-06-17 10:58:22 [INFO] request completed
2026-06-17 10:58:23 [ERROR] database timeout
2026-06-17 10:58:24 [WARN] retry attempt
2026-06-17 10:58:25 [INFO] cache hit
2026-06-17 10:58:26 [WARN] retry attempt
2026-06-17 10:58:27 [WARN] slow query detected
2026-06-17 10:58:28 [INFO] cache hit
2026-06-17 10:58:29 [WARN] retry attempt
2026-06-17 10:58:30 [INFO] request completed
2026-06-17 10:58:31 [INFO] cache hit
2026-06-17 10:58:32 [ERROR] database timeout
2026-06-17 10:58:33 [INFO] health check ok
2026-06-17 10:58:34 [WARN] high memory usage
2026-06-17 10:58:35 [WARN] slow query detected
2026-06-17 10:58:36 [INFO] health check ok
2026-06-17 10:58:37 [ERROR] nil pointer
2026-06-17 10:58:38 [INFO] user logged in
2026-06-17 10:58:39 [WARN] slow query detected
2026-06-17 10:58:40 [INFO] request completed
2026-06-17 10:58:41 [INFO] request completed
2026-06-17 10:58:42 [WARN] slow query detected
2026-06-17 10:58:43 [ERROR] database timeout
2026-06-17 10:58:44 [ERROR] database timeout
2026-06-17 10:58:45 [ERROR] nil pointer
2026-06-17 10:58:46 [WARN] retry attempt
2026-06-17 10:58:47 [WARN] retry attempt
2026-06-17 10:58:48 [WARN] slow query detected
2026-06-17 10:58:49 [ERROR] nil pointer
2026-06-17 10:58:50 [WARN] retry attempt
2026-06-17 10:58:51 [WARN] retry attempt
2026-06-17 10:58:52 [WARN] retry attempt
2026-06-17 10:58:53 [ERROR] database timeout
2026-06-17 10:58:54 [INFO] user logged in
2026-06-17 10:58:55 [ERROR] database timeout
2026-06-17 10:58:56 [ERROR] nil pointer
2026-06-17 10:58:57 [INFO] cache hit
2026-06-17 10:58:58 [WARN] slow query detected
2026-06-17 10:58:59 [INFO] request completed
2026-06-17 10:59:00 [INFO] health check ok
2026-06-17 10:59:01 [INFO] user logged in
2026-06-17 10:59:02 [INFO] user logged in
2026-06-17 10:59:03 [INFO] request completed
2026-06-17 10:59:04 [WARN] retry attempt
2026-06-17 10:59:05 [WARN] slow query detected
2026-06-17 10:59:06 [ERROR] nil pointer
2026-06-17 10:59:07 [WARN] slow query detected
2026-06-17 10:59:08 [WARN] slow query detected
2026-06-17 10:59:09 [ERROR] connection refused
2026-06-17 10:59:10 [INFO] user logged in
2026-06-17 10:59:11 [INFO] request completed
2026-06-17 10:59:12 [ERROR] connection refused
2026-06-17 10:59:13 [ERROR] nil pointer
2026-06-17 10:59:14 [WARN] slow query detected
2026-06-17 10:59:15 [WARN] retry attempt
2026-06-17 10:59:16 [INFO] cache hit
2026-06-17 10:59:17 [WARN] high memory usage
2026-06-17 10:59:18 [WARN] slow query detected
2026-06-17 10:59:19 [ERROR] nil pointer
2026-06-17 10:59:20 [INFO] user logged in
2026-06-17 10:59:21 [ERROR] nil pointer
2026-06-17 10:59:22 [WARN] retry attempt
2026-06-17 10:59:23 [ERROR] connection refused
2026-06-17 10:59:24 [INFO] cache hit
2026-06-17 10:59:25 [WARN] high memory usage
2026-06-17 10:59:26 [ERROR] database timeout
2026-06-17 10:59:27 [ERROR] database timeout
2026-06-17 10:59:28 [INFO] cache hit
2026-06-17 10:59:29 [WARN] slow query detected
2026-06-17 10:59:30 [WARN] high memory usage
2026-06-17 10:59:31 [WARN] slow query detected
2026-06-17 10:59:32 [WARN] high memory usage
2026-06-17 10:59:33 [WARN] retry attempt
2026-06-17 10:59:34 [ERROR] nil pointer
2026-06-17 10:59:35 [ERROR] connection refused
2026-06-17 10:59:36 [INFO] request completed
2026-06-17 10:59:37 [INFO] request completed
2026-06-17 10:59:38 [ERROR] connection refused
2026-06-17 10:59:39 [WARN] high memory usage
2026-06-17 10:59:40 [INFO] cache hit
2026-06-17 10:59:41 [INFO] cache hit
2026-06-17 10:59:42 [INFO] health check ok
2026-06-17 10:59:43 [WARN] retry attempt
2026-06-17 10:59:44 [INFO] user logged in
2026-06-17 10:59:45 [INFO] user logged in
2026-06-17 10:59:46 [ERROR] nil pointer
2026-06-17 10:59:47 [ERROR] nil pointer
2026-06-17 10:59:48 [INFO] request completed
2026-06-17 10:59:49 [INFO] health check ok
2026-06-17 10:59:50 [WARN] retry attempt
2026-06-17 10:59:51 [INFO] cache hit
2026-06-17 10:59:52 [INFO] cache hit
2026-06-17 10:59:53 [ERROR] nil pointer
2026-06-17 10:59:54 [ERROR] nil pointer
2026-06-17 10:59:55 [ERROR] request failed
2026-06-17 10:59:56 [INFO] cache hit
2026-06-17 10:59:57 [WARN] high memory usage
2026-06-17 10:59:58 [WARN] slow query detected
2026-06-17 10:59:59 [WARN] high memory usage
2026-06-17 11:00:00 [WARN] retry attempt
2026-06-17 11:00:01 [ERROR] database timeout
2026-06-17 11:00:02 [ERROR] connection refused
2026-06-17 11:00:03 [INFO] user logged in
2026-06-17 11:00:04 [INFO] cache hit
2026-06-17 11:00:05 [WARN] slow query detected
2026-06-17 11:00:06 [ERROR] request failed
2026-06-17 11:00:07 [INFO] user logged in
2026-06-17 11:00:08 [WARN] retry attempt
2026-06-17 11:00:09 [ERROR] database timeout
2026-06-17 11:00:10 [ERROR] database timeout
2026-06-17 11:00:11 [INFO] health check ok
2026-06-17 11:00:12 [ERROR] nil pointer
2026-06-17 11:00:13 [ERROR] request failed
2026-06-17 11:00:14 [WARN] retry attempt
2026-06-17 11:00:15 [ERROR] nil pointer
2026-06-17 11:00:16 [INFO] health check ok
2026-06-17 11:00:17 [WARN] slow query detected
2026-06-17 11:00:18 [INFO] health check ok
2026-06-17 11:00:19 [ERROR] request failed
2026-06-17 11:00:20 [ERROR] request failed
2026-06-17 11:00:21 [ERROR] request failed
2026-06-17 11:00:22 [WARN] high memory usage
2026-06-17 11:00:23 [ERROR] nil pointer
2026-06-17 11:00:24 [INFO] health check ok
2026-06-17 11:00:25 [INFO] health check ok
2026-06-17 11:00:26 [INFO] user logged in
2026-06-17 11:00:27 [INFO] cache hit
2026-06-17 11:00:28 [WARN] retry attempt
2026-06-17 11:00:29 [INFO] request completed
2026-06-17 11:00:30 [INFO] cache hit
2026-06-17 11:00:31 [INFO] user logged in
2026-06-17 11:00:32 [WARN] slow query detected
2026-06-17 11:00:33 [ERROR] connection refused
2026-06-17 11:00:34 [WARN] high memory usage
2026-06-17 11:00:35 [INFO] cache hit
2026-06-17 11:00:36 [INFO] user logged in
2026-06-17 11:00:37 [ERROR] nil pointer
2026-06-17 11:00:38 [WARN] retry attempt
2026-06-17 11:00:39 [ERROR] database timeout
2026-06-17 11:00:40 [ERROR] database timeout
2026-06-17 11:00:41 [WARN] slow query detected
2026-06-17 11:00:42 [INFO] cache hit
2026-06-17 11:00:43 [INFO] cache hit
2026-06-17 11:00:44 [WARN] retry attempt
2026-06-17 11:00:45 [ERROR] request failed
2026-06-17 11:00:46 [ERROR] database timeout
2026-06-17 11:00:47 [WARN] slow query detected
2026-06-17 11:00:48 [WARN] retry attempt
2026-06-17 11:00:49 [WARN] slow query detected
2026-06-17 11:00:50 [INFO] request completed
2026-06-17 11:00:51 [WARN] slow query detected
2026-06-17 11:00:52 [WARN] high memory usage
2026-06-17 11:00:53 [WARN] retry attempt
2026-06-17 11:00:54 [INFO] user logged in
2026-06-17 11:00:55 [WARN] high memory usage
2026-06-17 11:00:56 [INFO] user logged in
2026-06-17 11:00:57 [ERROR] database timeout
2026-06-17 11:00:58 [WARN] retry attempt
2026-06-17 11:00:59 [INFO] request completed
2026-06-17 11:01:00 [INFO] cache hit
2026-06-17 11:01:01 [ERROR] connection refused
2026-06-17 11:01:02 [WARN] high memory usage
2026-06-17 11:01:03 [INFO] request completed
2026-06-17 11:01:04 [ERROR] database timeout
2026-06-17 11:01:05 [ERROR] nil pointer
2026-06-17 11:01:06 [INFO] request completed
2026-06-17 11:01:07 [WARN] retry attempt
2026-06-17 11:01:08 [INFO] request completed
2026-06-17 11:01:09 [ERROR] database timeout
2026-06-17 11:01:10 [WARN] retry attempt
2026-06-17 11:01:11 [WARN] slow query detected
2026-06-17 11:01:12 [INFO] cache hit
2026-06-17 11:01:13 [ERROR] database timeout
2026-06-17 11:01:14 [ERROR] nil pointer
2026-06-17 11:01:15 [ERROR] database timeout
2026-06-17 11:01:16 [INFO] user logged in
2026-06-17 11:01:17 [INFO] user logged in
2026-06-17 11:01:18 [WARN] slow query detected
2026-06-17 11:01:19 [ERROR] connection refused
2026-06-17 11:01:20 [ERROR] nil pointer
2026-06-17 11:01:21 [INFO] request completed
2026-06-17 11:01:22 [ERROR] nil pointer
2026-06-17 11:01:23 [INFO] cache hit
2026-06-17 11:01:24 [WARN] high memory usage
2026-06-17 11:01:25 [ERROR] request failed
2026-06-17 11:01:26 [INFO] user logged in
2026-06-17 11:01:27 [WARN] slow query detected
2026-06-17 11:01:28 [WARN] high memory usage
2026-06-17 11:01:29 [WARN] slow query detected
2026-06-17 11:01:30 [ERROR] database timeout
2026-06-17 11:01:31 [ERROR] nil pointer
2026-06-17 11:01:32 [ERROR] connection refused
2026-06-17 11:01:33 [WARN] slow query detected
2026-06-17 11:01:34 [WARN] retry attempt
2026-06-17 11:01:35 [INFO] request completed
2026-06-17 11:01:36 [WARN] retry attempt
2026-06-17 11:01:37 [WARN] slow query detected
2026-06-17 11:01:38 [ERROR] connection refused
2026-06-17 11:01:39 [ERROR] nil pointer
2026-06-17 11:01:40 [ERROR] request failed
2026-06-17 11:01:41 [ERROR] database timeout
2026-06-17 11:01:42 [WARN] retry attempt
2026-06-17 11:01:43 [WARN] slow query detected
2026-06-17 11:01:44 [INFO] user logged in
2026-06-17 11:01:45 [WARN] retry attempt
2026-06-17 11:01:46 [INFO] health check ok
2026-06-17 11:01:47 [ERROR] request failed
2026-06-17 11:01:48 [WARN] slow query detected
2026-06-17 11:01:49 [WARN] slow query detected
2026-06-17 11:01:50 [WARN] slow query detected
2026-06-17 11:01:51 [WARN] slow query detected
2026-06-17 11:01:52 [ERROR] nil pointer
2026-06-17 11:01:53 [ERROR] database timeout
2026-06-17 11:01:54 [ERROR] connection refused
2026-06-17 11:01:55 [WARN] retry attempt
2026-06-17 11:01:56 [INFO] cache hit
2026-06-17 11:01:57 [INFO] user logged in
2026-06-17 11:01:58 [INFO] user logged in
2026-06-17 11:01:59 [WARN] high memory usage
2026-06-17 11:02:00 [INFO] health check ok
2026-06-17 11:02:01 [INFO] user logged in
2026-06-17 11:02:02 [INFO] cache hit
2026-06-17 11:02:03 [WARN] retry attempt
2026-06-17 11:02:04 [ERROR] database timeout
2026-06-17 11:02:05 [INFO] cache hit
2026-06-17 11:02:06 [INFO] cache hit
2026-06-17 11:02:07 [INFO] health check ok
2026-06-17 11:02:08 [INFO] request completed
2026-06-17 11:02:09 [WARN] retry attempt
2026-06-17 11:02:10 [INFO] request completed
2026-06-17 11:02:11 [ERROR] database timeout
2026-06-17 11:02:12 [ERROR] request failed
2026-06-17 11:02:13 [WARN] high memory usage
2026-06-17 11:02:14 [ERROR] request failed
2026-06-17 11:02:15 [WARN] high memory usage
2026-06-17 11:02:16 [ERROR] database timeout
2026-06-17 11:02:17 [INFO] health check ok
2026-06-17 11:02:18 [WARN] retry attempt
2026-06-17 11:02:19 [ERROR] connection refused
2026-06-17 11:02:20 [ERROR] database timeout
2026-06-17 11:02:21 [ERROR] nil pointer
2026-06-17 11:02:22 [ERROR] connection refused
2026-06-17 11:02:23 [ERROR] database timeout
2026-06-17 11:02:24 [WARN] retry attempt
2026-06-17 11:02:25 [INFO] health check ok
2026-06-17 11:02:26 [WARN] retry attempt
2026-06-17 11:02:27 [WARN] retry attempt
2026-06-17 11:02:28 [WARN] retry attempt
2026-06-17 11:02:29 [ERROR] request failed
2026-06-17 11:02:30 [ERROR] nil pointer
2026-06-17 11:02:31 [INFO] cache hit
2026-06-17 11:02:32 [WARN] retry attempt
2026-06-17 11:02:33 [ERROR] request failed
2026-06-17 11:02:34 [ERROR] request failed
2026-06-17 11:02:35 [INFO] cache hit
2026-06-17 11:02:36 [INFO] user logged in
2026-06-17 11:02:37 [ERROR] request failed
2026-06-17 11:02:38 [ERROR] connection refused
2026-06-17 11:02:39 [INFO] user logged in
2026-06-17 11:02:40 [INFO] cache hit
2026-06-17 11:02:41 [WARN] high memory usage
2026-06-17 11:02:42 [ERROR] nil pointer
2026-06-17 11:02:43 [ERROR] request failed
2026-06-17 11:02:44 [ERROR] connection refused
2026-06-17 11:02:45 [ERROR] nil pointer
2026-06-17 11:02:46 [WARN] retry attempt
2026-06-17 11:02:47 [INFO] request completed
2026-06-17 11:02:48 [WARN] retry attempt
2026-06-17 11:02:49 [INFO] health check ok
2026-06-17 11:02:50 [ERROR] nil pointer
2026-06-17 11:02:51 [WARN] high memory usage
2026-06-17 11:02:52 [WARN] retry attempt
2026-06-17 11:02:53 [ERROR] database timeout
2026-06-17 11:02:54 [ERROR] request failed
2026-06-17 11:02:55 [INFO] health check ok
2026-06-17 11:02:56 [WARN] retry attempt
2026-06-17 11:02:57 [INFO] health check ok
2026-06-17 11:02:58 [INFO] user logged in
2026-06-17 11:02:59 [ERROR] connection refused
2026-06-17 11:03:00 [INFO] request completed
2026-06-17 11:03:01 [INFO] health check ok
2026-06-17 11:03:02 [ERROR] request failed
2026-06-17 11:03:03 [ERROR] database timeout
2026-06-17 11:03:04 [WARN] slow query detected
2026-06-17 11:03:05 [ERROR] nil pointer
2026-06-17 11:03:06 [INFO] request completed
2026-06-17 11:03:07 [ERROR] database timeout
2026-06-17 11:03:08 [WARN] slow query detected
2026-06-17 11:03:09 [WARN] slow query detected
2026-06-17 11:03:10 [WARN] retry attempt
2026-06-17 11:03:11 [ERROR] connection refused
2026-06-17 11:03:12 [INFO] request completed
2026-06-17 11:03:13 [ERROR] database timeout
2026-06-17 11:03:14 [ERROR] database timeout
2026-06-17 11:03:15 [INFO] user logged in
2026-06-17 11:03:16 [WARN] high memory usage
2026-06-17 11:03:17 [ERROR] connection refused
2026-06-17 11:03:18 [ERROR] request failed
2026-06-17 11:03:19 [ERROR] connection refused
2026-06-17 11:03:20 [WARN] high memory usage
2026-06-17 11:03:21 [INFO] cache hit
2026-06-17 11:03:22 [INFO] health check ok
2026-06-17 11:03:23 [INFO] user logged in
2026-06-17 11:03:24 [WARN] retry attempt
2026-06-17 11:03:25 [WARN] high memory usage
2026-06-17 11:03:26 [ERROR] nil pointer
2026-06-17 11:03:27 [WARN] retry attempt
2026-06-17 11:03:28 [ERROR] database timeout
2026-06-17 11:03:29 [WARN] high memory usage
2026-06-17 11:03:30 [ERROR] request failed
2026-06-17 11:03:31 [WARN] retry attempt
2026-06-17 11:03:32 [ERROR] nil pointer
2026-06-17 11:03:33 [WARN] high memory usage
2026-06-17 11:03:34 [INFO] user logged in
2026-06-17 11:03:35 [INFO] cache hit
2026-06-17 11:03:36 [ERROR] database timeout
2026-06-17 11:03:37 [INFO] health check ok
2026-06-17 11:03:38 [WARN] high memory usage
2026-06-17 11:03:39 [INFO] health check ok
2026-06-17 11:03:40 [WARN] slow query detected
2026-06-17 11:03:41 [WARN] high memory usage
2026-06-17 11:03:42 [INFO] user logged in
2026-06-17 11:03:43 [WARN] slow query detected
2026-06-17 11:03:44 [WARN] slow query detected
2026-06-17 11:03:45 [WARN] high memory usage
2026-06-17 11:03:46 [ERROR] connection refused
2026-06-17 11:03:47 [WARN] high memory usage
2026-06-17 11:03:48 [INFO] health check ok
2026-06-17 11:03:49 [INFO] health check ok
2026-06-17 11:03:50 [ERROR] nil pointer
2026-06-17 11:03:51 [WARN] high memory usage
2026-06-17 11:03:52 [INFO] request completed
2026-06-17 11:03:53 [WARN] high memory usage
2026-06-17 11:03:54 [ERROR] connection refused
2026-06-17 11:03:55 [WARN] retry attempt
2026-06-17 11:03:56 [ERROR] connection refused
2026-06-17 11:03:57 [ERROR] nil pointer
2026-06-17 11:03:58 [WARN] high memory usage
2026-06-17 11:03:59 [INFO] request completed
2026-06-17 11:04:00 [INFO] request completed
2026-06-17 11:04:01 [INFO] request completed
2026-06-17 11:04:02 [INFO] user logged in
2026-06-17 11:04:03 [INFO] health check ok
2026-06-17 11:04:04 [INFO] cache hit
2026-06-17 11:04:05 [WARN] retry attempt
2026-06-17 11:04:06 [ERROR] nil pointer
2026-06-17 11:04:07 [INFO] request completed
2026-06-17 11:04:08 [ERROR] nil pointer
2026-06-17 11:04:09 [WARN] slow query detected
2026-06-17 11:04:10 [ERROR] nil pointer
2026-06-17 11:04:11 [ERROR] request failed
2026-06-17 11:04:12 [ERROR] nil pointer
2026-06-17 11:04:13 [WARN] slow query detected
2026-06-17 11:04:14 [WARN] retry attempt
2026-06-17 11:04:15 [INFO] request completed
2026-06-17 11:04:16 [ERROR] connection refused
2026-06-17 11:04:17 [ERROR] connection refused
2026-06-17 11:04:18 [WARN] retry attempt
2026-06-17 11:04:19 [ERROR] request failed
2026-06-17 11:04:20 [INFO] health check ok
2026-06-17 11:04:21 [ERROR] database timeout
2026-06-17 11:04:22 [ERROR] nil pointer
2026-06-17 11:04:23 [WARN] high memory usage
2026-06-17 11:04:24 [INFO] request completed
2026-06-17 11:04:25 [INFO] request completed
2026-06-17 11:04:26 [ERROR] request failed
2026-06-17 11:04:27 [INFO] health check ok
2026-06-17 11:04:28 [INFO] health check ok
2026-06-17 11:04:29 [ERROR] nil pointer
2026-06-17 11:04:30 [ERROR] request failed
2026-06-17 11:04:31 [INFO] user logged in
2026-06-17 11:04:32 [ERROR] nil pointer
2026-06-17 11:04:33 [INFO] user logged in
2026-06-17 11:04:34 [WARN] slow query detected
2026-06-17 11:04:35 [WARN] slow query detected
2026-06-17 11:04:36 [INFO] health check ok
2026-06-17 11:04:37 [INFO] health check ok
2026-06-17 11:04:38 [WARN] slow query detected
2026-06-17 11:04:39 [WARN] retry attempt
2026-06-17 11:04:40 [WARN] high memory usage
2026-06-17 11:04:41 [INFO] request completed
2026-06-17 11:04:42 [ERROR] nil pointer
2026-06-17 11:04:43 [INFO] health check ok
2026-06-17 11:04:44 [ERROR] database timeout
2026-06-17 11:04:45 [INFO] cache hit
2026-06-17 11:04:46 [WARN] slow query detected
2026-06-17 11:04:47 [ERROR] database timeout
2026-06-17 11:04:48 [INFO] user logged in
2026-06-17 11:04:49 [ERROR] nil pointer
2026-06-17 11:04:50 [ERROR] request failed
2026-06-17 11:04:51 [ERROR] database timeout
2026-06-17 11:04:52 [INFO] user logged in
2026-06-17 11:04:53 [INFO] cache hit
2026-06-17 11:04:54 [INFO] cache hit
2026-06-17 11:04:55 [WARN] high memory usage
2026-06-17 11:04:56 [INFO] health check ok
2026-06-17 11:04:57 [WARN] high memory usage
2026-06-17 11:04:58 [WARN] retry attempt
2026-06-17 11:04:59 [ERROR] request failed
2026-06-17 11:05:00 [WARN] slow query detected
2026-06-17 11:05:01 [ERROR] connection refused
2026-06-17 11:05:02 [WARN] high memory usage
2026-06-17 11:05:03 [WARN] high memory usage
2026-06-17 11:05:04 [WARN] high memory usage
2026-06-17 11:05:05 [ERROR] database timeout
2026-06-17 11:05:06 [WARN] slow query detected
2026-06-17 11:05:07 [INFO] request completed
2026-06-17 11:05:08 [WARN] retry attempt
2026-06-17 11:05:09 [INFO] user logged in
2026-06-17 11:05:10 [ERROR] database timeout
2026-06-17 11:05:11 [INFO] cache hit
2026-06-17 11:05:12 [WARN] slow query detected
2026-06-17 11:05:13 [INFO] request completed
2026-06-17 11:05:14 [ERROR] request failed
2026-06-17 11:05:15 [WARN] high memory usage
2026-06-17 11:05:16 [ERROR] nil pointer
2026-06-17 11:05:17 [ERROR] connection refused
2026-06-17 11:05:18 [ERROR] connection refused
2026-06-17 11:05:19 [ERROR] connection refused
2026-06-17 11:05:20 [INFO] request completed
2026-06-17 11:05:21 [ERROR] connection refused
2026-06-17 11:05:22 [ERROR] nil pointer
2026-06-17 11:05:23 [INFO] request completed
2026-06-17 11:05:24 [ERROR] database timeout
2026-06-17 11:05:25 [ERROR] request failed
2026-06-17 11:05:26 [INFO] request completed
2026-06-17 11:05:27 [WARN] retry attempt
2026-06-17 11:05:28 [INFO] request completed
2026-06-17 11:05:29 [ERROR] nil pointer
2026-06-17 11:05:30 [WARN] retry attempt
2026-06-17 11:05:31 [ERROR] nil pointer
2026-06-17 11:05:32 [ERROR] request failed
2026-06-17 11:05:33 [INFO] cache hit
2026-06-17 11:05:34 [INFO] user logged in
2026-06-17 11:05:35 [ERROR] nil pointer
2026-06-17 11:05:36 [WARN] high memory usage
2026-06-17 11:05:37 [INFO] health check ok
2026-06-17 11:05:38 [ERROR] connection refused
2026-06-17 11:05:39 [ERROR] connection refused
2026-06-17 11:05:40 [INFO] health check ok
2026-06-17 11:05:41 [ERROR] database timeout
2026-06-17 11:05:42 [ERROR] request failed
2026-06-17 11:05:43 [ERROR] database timeout
2026-06-17 11:05:44 [ERROR] connection refused
2026-06-17 11:05:45 [ERROR] connection refused
2026-06-17 11:05:46 [INFO] health check ok
2026-06-17 11:05:47 [ERROR] request failed
2026-06-17 11:05:48 [ERROR] nil pointer
2026-06-17 11:05:49 [INFO] cache hit
2026-06-17 11:05:50 [WARN] retry attempt
2026-06-17 11:05:51 [INFO] cache hit
2026-06-17 11:05:52 [INFO] request completed
2026-06-17 11:05:53 [INFO] cache hit
2026-06-17 11:05:54 [ERROR] database timeout
2026-06-17 11:05:55 [ERROR] nil pointer
2026-06-17 11:05:56 [WARN] retry attempt
2026-06-17 11:05:57 [INFO] request completed
2026-06-17 11:05:58 [ERROR] database timeout
2026-06-17 11:05:59 [INFO] request completed
2026-06-17 11:06:00 [ERROR] database timeout
2026-06-17 11:06:01 [ERROR] connection refused
2026-06-17 11:06:02 [WARN] retry attempt
2026-06-17 11:06:03 [INFO] cache hit
2026-06-17 11:06:04 [WARN] high memory usage
2026-06-17 11:06:05 [INFO] request completed
2026-06-17 11:06:06 [ERROR] connection refused
2026-06-17 11:06:07 [ERROR] nil pointer
2026-06-17 11:06:08 [ERROR] nil pointer
2026-06-17 11:06:09 [ERROR] database timeout
2026-06-17 11:06:10 [WARN] high memory usage
2026-06-17 11:06:11 [ERROR] request failed
2026-06-17 11:06:12 [INFO] cache hit
2026-06-17 11:06:13 [WARN] retry attempt
2026-06-17 11:06:14 [WARN] retry attempt
2026-06-17 11:06:15 [INFO] request completed
2026-06-17 11:06:16 [INFO] cache hit
2026-06-17 11:06:17 [WARN] retry attempt
2026-06-17 11:06:18 [INFO] request completed
2026-06-17 11:06:19 [ERROR] database timeout
2026-06-17 11:06:20 [INFO] request completed
2026-06-17 11:06:21 [INFO] cache hit
2026-06-17 11:06:22 [WARN] slow query detected
2026-06-17 11:06:23 [INFO] cache hit
2026-06-17 11:06:24 [INFO] cache hit
2026-06-17 11:06:25 [WARN] retry attempt
2026-06-17 11:06:26 [WARN] slow query detected
2026-06-17 11:06:27 [INFO] user logged in
2026-06-17 11:06:28 [WARN] high memory usage
2026-06-17 11:06:29 [WARN] slow query detected
2026-06-17 11:06:30 [WARN] slow query detected
2026-06-17 11:06:31 [WARN] high memory usage
2026-06-17 11:06:32 [ERROR] connection refused
2026-06-17 11:06:33 [INFO] health check ok
2026-06-17 11:06:34 [INFO] user logged in
2026-06-17 11:06:35 [WARN] high memory usage
2026-06-17 11:06:36 [ERROR] database timeout
2026-06-17 11:06:37 [ERROR] nil pointer
2026-06-17 11:06:38 [ERROR] connection refused
2026-06-17 11:06:39 [INFO] user logged in
2026-06-17 11:06:40 [ERROR] nil pointer
2026-06-17 11:06:41 [INFO] cache hit
2026-06-17 11:06:42 [INFO] user logged in
2026-06-17 11:06:43 [ERROR] connection refused
2026-06-17 11:06:44 [ERROR] request failed
2026-06-17 11:06:45 [INFO] health check ok
2026-06-17 11:06:46 [ERROR] connection refused
2026-06-17 11:06:47 [INFO] request completed
2026-06-17 11:06:48 [WARN] slow query detected
2026-06-17 11:06:49 [WARN] retry attempt
2026-06-17 11:06:50 [WARN] retry attempt
2026-06-17 11:06:51 [ERROR] connection refused
2026-06-17 11:06:52 [WARN] retry attempt
2026-06-17 11:06:53 [ERROR] request failed
2026-06-17 11:06:54 [WARN] high memory usage
2026-06-17 11:06:55 [INFO] health check ok
2026-06-17 11:06:56 [WARN] retry attempt
2026-06-17 11:06:57 [WARN] high memory usage
2026-06-17 11:06:58 [INFO] user logged in
2026-06-17 11:06:59 [INFO] health check ok
2026-06-17 11:07:00 [WARN] high memory usage
2026-06-17 11:07:01 [ERROR] nil pointer
2026-06-17 11:07:02 [WARN] retry attempt
2026-06-17 11:07:03 [WARN] high memory usage
2026-06-17 11:07:04 [ERROR] nil pointer
2026-06-17 11:07:05 [ERROR] connection refused
2026-06-17 11:07:06 [INFO] health check ok
2026-06-17 11:07:07 [ERROR] connection refused
2026-06-17 11:07:08 [INFO] cache hit
2026-06-17 11:07:09 [WARN] high memory usage
2026-06-17 11:07:10 [WARN] slow query detected
2026-06-17 11:07:11 [WARN] high memory usage
2026-06-17 11:07:12 [INFO] request completed
2026-06-17 11:07:13 [WARN] slow query detected
2026-06-17 11:07:14 [INFO] user logged in
2026-06-17 11:07:15 [INFO] health check ok
2026-06-17 11:07:16 [ERROR] nil pointer
2026-06-17 11:07:17 [WARN] slow query detected
2026-06-17 11:07:18 [ERROR] database timeout
2026-06-17 11:07:19 [ERROR] database timeout
2026-06-17 11:07:20 [WARN] high memory usage
2026-06-17 11:07:21 [INFO] health check ok
2026-06-17 11:07:22 [INFO] cache hit
2026-06-17 11:07:23 [INFO] cache hit
2026-06-17 11:07:24 [WARN] retry attempt
2026-06-17 11:07:25 [ERROR] request failed
2026-06-17 11:07:26 [ERROR] connection refused
2026-06-17 11:07:27 [WARN] retry attempt
2026-06-17 11:07:28 [ERROR] request failed
2026-06-17 11:07:29 [INFO] health check ok
2026-06-17 11:07:30 [INFO] health check ok
2026-06-17 11:07:31 [WARN] slow query detected
2026-06-17 11:07:32 [ERROR] request failed
2026-06-17 11:07:33 [ERROR] database timeout
2026-06-17 11:07:34 [INFO] user logged in
2026-06-17 11:07:35 [ERROR] request failed
2026-06-17 11:07:36 [ERROR] connection refused
2026-06-17 11:07:37 [WARN] retry attempt
2026-06-17 11:07:38 [INFO] user logged in
2026-06-17 11:07:39 [INFO] user logged in
2026-06-17 11:07:40 [WARN] slow query detected
2026-06-17 11:07:41 [ERROR] request failed
2026-06-17 11:07:42 [WARN] slow query detected
2026-06-17 11:07:43 [WARN] slow query detected
2026-06-17 11:07:44 [ERROR] database timeout
2026-06-17 11:07:45 [WARN] slow query detected
2026-06-17 11:07:46 [WARN] slow query detected
2026-06-17 11:07:47 [WARN] slow query detected
2026-06-17 11:07:48 [INFO] health check ok
2026-06-17 11:07:49 [ERROR] nil pointer
2026-06-17 11:07:50 [WARN] high memory usage
2026-06-17 11:07:51 [ERROR] nil pointer
2026-06-17 11:07:52 [WARN] high memory usage
2026-06-17 11:07:53 [ERROR] request failed
2026-06-17 11:07:54 [ERROR] connection refused
2026-06-17 11:07:55 [INFO] user logged in
2026-06-17 11:07:56 [INFO] health check ok
2026-06-17 11:07:57 [ERROR] request failed
2026-06-17 11:07:58 [WARN] high memory usage
2026-06-17 11:07:59 [ERROR] connection refused
2026-06-17 11:08:00 [ERROR] connection refused
2026-06-17 11:08:01 [INFO] request completed
2026-06-17 11:08:02 [WARN] high memory usage
2026-06-17 11:08:03 [ERROR] nil pointer
2026-06-17 11:08:04 [WARN] slow query detected
2026-06-17 11:08:05 [ERROR] database timeout
2026-06-17 11:08:06 [ERROR] connection refused
2026-06-17 11:08:07 [WARN] high memory usage
2026-06-17 11:08:08 [INFO] cache hit
2026-06-17 11:08:09 [INFO] user logged in
2026-06-17 11:08:10 [WARN] high memory usage
2026-06-17 11:08:11 [ERROR] connection refused
2026-06-17 11:08:12 [WARN] retry attempt
2026-06-17 11:08:13 [WARN] high memory usage
2026-06-17 11:08:14 [INFO] cache hit
2026-06-17 11:08:15 [WARN] high memory usage
2026-06-17 11:08:16 [ERROR] connection refused
2026-06-17 11:08:17 [WARN] slow query detected
2026-06-17 11:08:18 [INFO] user logged in
2026-06-17 11:08:19 [INFO] health check ok
2026-06-17 11:08:20 [WARN] high memory usage
2026-06-17 11:08:21 [INFO] health check ok
2026-06-17 11:08:22 [INFO] request completed
2026-06-17 11:08:23 [INFO] cache hit
2026-06-17 11:08:24 [WARN] slow query detected
2026-06-17 11:08:25 [WARN] high memory usage
2026-06-17 11:08:26 [INFO] request completed
2026-06-17 11:08:27 [ERROR] request failed
2026-06-17 11:08:28 [INFO] request completed
2026-06-17 11:08:29 [ERROR] nil pointer
2026-06-17 11:08:30 [ERROR] connection refused
2026-06-17 11:08:31 [INFO] user logged in
2026-06-17 11:08:32 [ERROR] request failed
2026-06-17 11:08:33 [INFO] health check ok
2026-06-17 11:08:34 [INFO] request completed
2026-06-17 11:08:35 [WARN] high memory usage
2026-06-17 11:08:36 [ERROR] connection refused
2026-06-17 11:08:37 [ERROR] nil pointer
2026-06-17 11:08:38 [ERROR] nil pointer
2026-06-17 11:08:39 [WARN] high memory usage
2026-06-17 11:08:40 [INFO] health check ok
2026-06-17 11:08:41 [INFO] request completed
2026-06-17 11:08:42 [INFO] health check ok
2026-06-17 11:08:43 [WARN] retry attempt
2026-06-17 11:08:44 [INFO] cache hit
2026-06-17 11:08:45 [INFO] request completed
2026-06-17 11:08:46 [ERROR] connection refused
2026-06-17 11:08:47 [WARN] retry attempt
2026-06-17 11:08:48 [WARN] retry attempt
2026-06-17 11:08:49 [INFO] health check ok
2026-06-17 11:08:50 [INFO] request completed
2026-06-17 11:08:51 [ERROR] request failed
2026-06-17 11:08:52 [INFO] cache hit
2026-06-17 11:08:53 [INFO] health check ok
2026-06-17 11:08:54 [WARN] retry attempt
2026-06-17 11:08:55 [ERROR] request failed
2026-06-17 11:08:56 [WARN] slow query detected
2026-06-17 11:08:57 [ERROR] nil pointer
2026-06-17 11:08:58 [WARN] high memory usage
2026-06-17 11:08:59 [WARN] high memory usage
2026-06-17 11:09:00 [ERROR] database timeout
2026-06-17 11:09:01 [ERROR] request failed
2026-06-17 11:09:02 [ERROR] connection refused
2026-06-17 11:09:03 [WARN] retry attempt
2026-06-17 11:09:04 [INFO] health check ok
2026-06-17 11:09:05 [INFO] health check ok
2026-06-17 11:09:06 [WARN] high memory usage
2026-06-17 11:09:07 [WARN] retry attempt
2026-06-17 11:09:08 [ERROR] database timeout
2026-06-17 11:09:09 [INFO] request completed
2026-06-17 11:09:10 [INFO] user logged in
2026-06-17 11:09:11 [WARN] slow query detected
2026-06-17 11:09:12 [WARN] high memory usage
2026-06-17 11:09:13 [ERROR] nil pointer
2026-06-17 11:09:14 [ERROR] nil pointer
2026-06-17 11:09:15 [INFO] user logged in
2026-06-17 11:09:16 [INFO] request completed
2026-06-17 11:09:17 [ERROR] database timeout
2026-06-17 11:09:18 [ERROR] nil pointer
2026-06-17 11:09:19 [WARN] high memory usage
2026-06-17 11:09:20 [INFO] user logged in
2026-06-17 11:09:21 [ERROR] request failed
2026-06-17 11:09:22 [WARN] retry attempt
2026-06-17 11:09:23 [ERROR] request failed
2026-06-17 11:09:24 [ERROR] nil pointer
2026-06-17 11:09:25 [WARN] high memory usage
2026-06-17 11:09:26 [ERROR] database timeout
2026-06-17 11:09:27 [INFO] cache hit
2026-06-17 11:09:28 [ERROR] request failed
2026-06-17 11:09:29 [INFO] health check ok
2026-06-17 11:09:30 [ERROR] nil pointer
2026-06-17 11:09:31 [WARN] high memory usage
2026-06-17 11:09:32 [WARN] high memory usage
2026-06-17 11:09:33 [INFO] request completed
2026-06-17 11:09:34 [INFO] health check ok
2026-06-17 11:09:35 [WARN] retry attempt
2026-06-17 11:09:36 [ERROR] nil pointer
2026-06-17 11:09:37 [INFO] health check ok
2026-06-17 11:09:38 [INFO] cache hit
2026-06-17 11:09:39 [INFO] user logged in
2026-06-17 11:09:40 [ERROR] nil pointer
2026-06-17 11:09:41 [WARN] retry attempt
2026-06-17 11:09:42 [INFO] user logged in
2026-06-17 11:09:43 [WARN] slow query detected
2026-06-17 11:09:44 [WARN] high memory usage
2026-06-17 11:09:45 [ERROR] nil pointer
2026-06-17 11:09:46 [ERROR] nil pointer
2026-06-17 11:09:47 [INFO] request completed
2026-06-17 11:09:48 [ERROR] request failed
2026-06-17 11:09:49 [ERROR] database timeout
2026-06-17 11:09:50 [ERROR] request failed
2026-06-17 11:09:51 [ERROR] request failed
2026-06-17 11:09:52 [INFO] health check ok
2026-06-17 11:09:53 [ERROR] nil pointer
2026-06-17 11:09:54 [INFO] health check ok
2026-06-17 11:09:55 [INFO] cache hit
2026-06-17 11:09:56 [INFO] request completed
2026-06-17 11:09:57 [INFO] request completed
2026-06-17 11:09:58 [ERROR] nil pointer
2026-06-17 11:09:59 [WARN] slow query detected
2026-06-17 11:10:00 [INFO] user logged in
2026-06-17 11:10:01 [ERROR] request failed
2026-06-17 11:10:02 [INFO] health check ok
2026-06-17 11:10:03 [WARN] slow query detected
2026-06-17 11:10:04 [INFO] request completed
2026-06-17 11:10:05 [WARN] slow query detected
2026-06-17 11:10:06 [WARN] slow query detected
2026-06-17 11:10:07 [INFO] request completed
2026-06-17 11:10:08 [ERROR] database timeout
2026-06-17 11:10:09 [INFO] cache hit
2026-06-17 11:10:10 [WARN] high memory usage
2026-06-17 11:10:11 [WARN] slow query detected
2026-06-17 11:10:12 [ERROR] nil pointer
2026-06-17 11:10:13 [INFO] user logged in
2026-06-17 11:10:14 [WARN] high memory usage
2026-06-17 11:10:15 [INFO] user logged in
2026-06-17 11:10:16 [ERROR] database timeout
2026-06-17 11:10:17 [WARN] slow query detected
2026-06-17 11:10:18 [INFO] cache hit
2026-06-17 11:10:19 [INFO] health check ok
2026-06-17 11:10:20 [INFO] health check ok
2026-06-17 11:10:21 [INFO] user logged in
2026-06-17 11:10:22 [ERROR] request failed
2026-06-17 11:10:23 [ERROR] database timeout
2026-06-17 11:10:24 [WARN] slow query detected
2026-06-17 11:10:25 [ERROR] connection refused
2026-06-17 11:10:26 [WARN] high memory usage
2026-06-17 11:10:27 [INFO] health check ok
2026-06-17 11:10:28 [ERROR] database timeout
2026-06-17 11:10:29 [ERROR] database timeout
2026-06-17 11:10:30 [INFO] user logged in
2026-06-17 11:10:31 [WARN] retry attempt
2026-06-17 11:10:32 [ERROR] nil pointer
2026-06-17 11:10:33 [INFO] request completed
2026-06-17 11:10:34 [INFO] request completed
2026-06-17 11:10:35 [WARN] high memory usage
2026-06-17 11:10:36 [WARN] high memory usage
2026-06-17 11:10:37 [WARN] high memory usage
2026-06-17 11:10:38 [INFO] cache hit
2026-06-17 11:10:39 [INFO] user logged in
2026-06-17 11:10:40 [INFO] request completed
2026-06-17 11:10:41 [INFO] cache hit
2026-06-17 11:10:42 [INFO] user logged in
2026-06-17 11:10:43 [WARN] high memory usage
2026-06-17 11:10:44 [INFO] cache hit
2026-06-17 11:10:45 [ERROR] nil pointer
2026-06-17 11:10:46 [WARN] retry attempt
2026-06-17 11:10:47 [INFO] user logged in
2026-06-17 11:10:48 [ERROR] connection refused
2026-06-17 11:10:49 [WARN] retry attempt
2026-06-17 11:10:50 [INFO] user logged in
2026-06-17 11:10:51 [ERROR] request failed
2026-06-17 11:10:52 [INFO] health check ok
2026-06-17 11:10:53 [WARN] retry attempt
2026-06-17 11:10:54 [WARN] high memory usage
2026-06-17 11:10:55 [INFO] request completed
2026-06-17 11:10:56 [ERROR] request failed
2026-06-17 11:10:57 [WARN] retry attempt
2026-06-17 11:10:58 [WARN] slow query detected
2026-06-17 11:10:59 [ERROR] request failed
2026-06-17 11:11:00 [WARN] high memory usage
2026-06-17 11:11:01 [WARN] high memory usage
2026-06-17 11:11:02 [WARN] high memory usage
2026-06-17 11:11:03 [ERROR] connection refused
2026-06-17 11:11:04 [INFO] user logged in
2026-06-17 11:11:05 [WARN] high memory usage
2026-06-17 11:11:06 [WARN] high memory usage
2026-06-17 11:11:07 [ERROR] connection refused
2026-06-17 11:11:08 [INFO] cache hit
2026-06-17 11:11:09 [ERROR] connection refused
2026-06-17 11:11:10 [INFO] request completed
2026-06-17 11:11:11 [INFO] health check ok
2026-06-17 11:11:12 [INFO] request completed
2026-06-17 11:11:13 [WARN] high memory usage
2026-06-17 11:11:14 [WARN] retry attempt
2026-06-17 11:11:15 [ERROR] database timeout
2026-06-17 11:11:16 [ERROR] database timeout
2026-06-17 11:11:17 [ERROR] database timeout
2026-06-17 11:11:18 [WARN] retry attempt
2026-06-17 11:11:19 [WARN] retry attempt
2026-06-17 11:11:20 [ERROR] database timeout
2026-06-17 11:11:21 [WARN] slow query detected
2026-06-17 11:11:22 [ERROR] connection refused
2026-06-17 11:11:23 [WARN] slow query detected
2026-06-17 11:11:24 [WARN] high memory usage
2026-06-17 11:11:25 [WARN] retry attempt
2026-06-17 11:11:26 [INFO] cache hit
2026-06-17 11:11:27 [ERROR] database timeout
2026-06-17 11:11:28 [INFO] request completed
2026-06-17 11:11:29 [ERROR] request failed
2026-06-17 11:11:30 [ERROR] connection refused
2026-06-17 11:11:31 [ERROR] connection refused
2026-06-17 11:11:32 [ERROR] database timeout
2026-06-17 11:11:33 [ERROR] nil pointer
2026-06-17 11:11:34 [INFO] cache hit
2026-06-17 11:11:35 [ERROR] database timeout
2026-06-17 11:11:36 [INFO] user logged in
2026-06-17 11:11:37 [ERROR] connection refused
2026-06-17 11:11:38 [INFO] request completed
2026-06-17 11:11:39 [WARN] slow query detected
2026-06-17 11:11:40 [INFO] request completed
2026-06-17 11:11:41 [INFO] cache hit
2026-06-17 11:11:42 [INFO] user logged in
2026-06-17 11:11:43 [ERROR] connection refused
2026-06-17 11:11:44 [WARN] high memory usage
2026-06-17 11:11:45 [ERROR] connection refused
2026-06-17 11:11:46 [WARN] retry attempt
2026-06-17 11:11:47 [ERROR] database timeout
2026-06-17 11:11:48 [INFO] cache hit
2026-06-17 11:11:49 [ERROR] database timeout
2026-06-17 11:11:50 [WARN] retry attempt
2026-06-17 11:11:51 [WARN] retry attempt
2026-06-17 11:11:52 [INFO] health check ok
2026-06-17 11:11:53 [ERROR] connection refused
2026-06-17 11:11:54 [WARN] high memory usage
2026-06-17 11:11:55 [INFO] cache hit
2026-06-17 11:11:56 [INFO] user logged in
2026-06-17 11:11:57 [ERROR] connection refused
2026-06-17 11:11:58 [WARN] slow query detected
2026-06-17 11:11:59 [WARN] slow query detected
2026-06-17 11:12:00 [ERROR] database timeout
2026-06-17 11:12:01 [INFO] health check ok
2026-06-17 11:12:02 [ERROR] connection refused
2026-06-17 11:12:03 [INFO] health check ok
2026-06-17 11:12:04 [INFO] health check ok
2026-06-17 11:12:05 [WARN] retry attempt
2026-06-17 11:12:06 [ERROR] database timeout
2026-06-17 11:12:07 [WARN] slow query detected
2026-06-17 11:12:08 [ERROR] nil pointer
2026-06-17 11:12:09 [ERROR] nil pointer
2026-06-17 11:12:10 [WARN] slow query detected
2026-06-17 11:12:11 [INFO] health check ok
2026-06-17 11:12:12 [ERROR] database timeout
2026-06-17 11:12:13 [WARN] high memory usage
2026-06-17 11:12:14 [INFO] health check ok
2026-06-17 11:12:15 [ERROR] database timeout
2026-06-17 11:12:16 [ERROR] nil pointer
2026-06-17 11:12:17 [ERROR] request failed
2026-06-17 11:12:18 [WARN] slow query detected
2026-06-17 11:12:19 [INFO] request completed
2026-06-17 11:12:20 [ERROR] database timeout
2026-06-17 11:12:21 [ERROR] database timeout
2026-06-17 11:12:22 [INFO] request completed
2026-06-17 11:12:23 [INFO] cache hit
2026-06-17 11:12:24 [WARN] slow query detected
2026-06-17 11:12:25 [ERROR] request failed
2026-06-17 11:12:26 [INFO] health check ok
2026-06-17 11:12:27 [ERROR] request failed
2026-06-17 11:12:28 [INFO] user logged in
2026-06-17 11:12:29 [INFO] health check ok
2026-06-17 11:12:30 [ERROR] connection refused
2026-06-17 11:12:31 [INFO] cache hit
2026-06-17 11:12:32 [INFO] request completed
2026-06-17 11:12:33 [INFO] user logged in
2026-06-17 11:12:34 [WARN] high memory usage
2026-06-17 11:12:35 [INFO] cache hit
2026-06-17 11:12:36 [WARN] retry attempt
2026-06-17 11:12:37 [INFO] user logged in
2026-06-17 11:12:38 [WARN] retry attempt
2026-06-17 11:12:39 [ERROR] database timeout
2026-06-17 11:12:40 [WARN] high memory usage
2026-06-17 11:12:41 [ERROR] connection refused
2026-06-17 11:12:42 [INFO] cache hit
2026-06-17 11:12:43 [WARN] retry attempt
2026-06-17 11:12:44 [ERROR] connection refused
2026-06-17 11:12:45 [INFO] cache hit
2026-06-17 11:12:46 [ERROR] request failed
2026-06-17 11:12:47 [ERROR] connection refused
2026-06-17 11:12:48 [WARN] retry attempt
2026-06-17 11:12:49 [ERROR] request failed
2026-06-17 11:12:50 [INFO] request completed
2026-06-17 11:12:51 [INFO] user logged in
2026-06-17 11:12:52 [WARN] slow query detected
2026-06-17 11:12:53 [INFO] health check ok
2026-06-17 11:12:54 [ERROR] connection refused
2026-06-17 11:12:55 [ERROR] connection refused
2026-06-17 11:12:56 [INFO] user logged in
2026-06-17 11:12:57 [ERROR] nil pointer
2026-06-17 11:12:58 [INFO] request completed
2026-06-17 11:12:59 [INFO] request completed
2026-06-17 11:13:00 [ERROR] request failed
2026-06-17 11:13:01 [INFO] cache hit
2026-06-17 11:13:02 [INFO] request completed
2026-06-17 11:13:03 [INFO] health check ok
2026-06-17 11:13:04 [WARN] high memory usage
2026-06-17 11:13:05 [WARN] high memory usage
2026-06-17 11:13:06 [INFO] cache hit
2026-06-17 11:13:07 [ERROR] nil pointer
2026-06-17 11:13:08 [INFO] user logged in
2026-06-17 11:13:09 [INFO] health check ok
2026-06-17 11:13:10 [INFO] health check ok
2026-06-17 11:13:11 [WARN] high memory usage
2026-06-17 11:13:12 [INFO] request completed
2026-06-17 11:13:13 [WARN] slow query detected
2026-06-17 11:13:14 [INFO] cache hit
2026-06-17 11:13:15 [INFO] request completed
2026-06-17 11:13:16 [INFO] request completed
2026-06-17 11:13:17 [INFO] request completed
2026-06-17 11:13:18 [WARN] slow query detected
2026-06-17 11:13:19 [ERROR] nil pointer
2026-06-17 11:13:20 [WARN] slow query detected
2026-06-17 11:13:21 [WARN] retry attempt
2026-06-17 11:13:22 [WARN] high memory usage
2026-06-17 11:13:23 [INFO] request completed
2026-06-17 11:13:24 [WARN] retry attempt
2026-06-17 11:13:25 [ERROR] nil pointer
2026-06-17 11:13:26 [WARN] high memory usage
2026-06-17 11:13:27 [ERROR] database timeout
2026-06-17 11:13:28 [INFO] health check ok
2026-06-17 11:13:29 [ERROR] database timeout
2026-06-17 11:13:30 [ERROR] database timeout
2026-06-17 11:13:31 [INFO] health check ok
2026-06-17 11:13:32 [INFO] health check ok
2026-06-17 11:13:33 [WARN] high memory usage
2026-06-17 11:13:34 [INFO] user logged in
2026-06-17 11:13:35 [INFO] request completed
2026-06-17 11:13:36 [INFO] request completed
2026-06-17 11:13:37 [ERROR] database timeout
2026-06-17 11:13:38 [INFO] request completed
2026-06-17 11:13:39 [INFO] request completed
2026-06-17 11:13:40 [INFO] request completed
2026-06-17 11:13:41 [INFO] user logged in
2026-06-17 11:13:42 [INFO] cache hit
2026-06-17 11:13:43 [ERROR] database timeout
2026-06-17 11:13:44 [WARN] high memory usage
2026-06-17 11:13:45 [ERROR] database timeout
2026-06-17 11:13:46 [WARN] high memory usage
2026-06-17 11:13:47 [ERROR] connection refused
2026-06-17 11:13:48 [ERROR] request failed
2026-06-17 11:13:49 [WARN] slow query detected
2026-06-17 11:13:50 [WARN] high memory usage
2026-06-17 11:13:51 [WARN] high memory usage
2026-06-17 11:13:52 [ERROR] database timeout
2026-06-17 11:13:53 [ERROR] connection refused
2026-06-17 11:13:54 [INFO] health check ok
2026-06-17 11:13:55 [ERROR] connection refused
2026-06-17 11:13:56 [ERROR] request failed
2026-06-17 11:13:57 [WARN] retry attempt
2026-06-17 11:13:58 [WARN] slow query detected
2026-06-17 11:13:59 [INFO] user logged in
2026-06-17 11:14:00 [ERROR] request failed
2026-06-17 11:14:01 [WARN] retry attempt
2026-06-17 11:14:02 [ERROR] request failed
2026-06-17 11:14:03 [INFO] health check ok
2026-06-17 11:14:04 [INFO] health check ok
2026-06-17 11:14:05 [ERROR] nil pointer
2026-06-17 11:14:06 [INFO] cache hit
2026-06-17 11:14:07 [WARN] slow query detected
2026-06-17 11:14:08 [ERROR] nil pointer
2026-06-17 11:14:09 [INFO] health check ok
2026-06-17 11:14:10 [ERROR] database timeout
2026-06-17 11:14:11 [INFO] cache hit
2026-06-17 11:14:12 [ERROR] database timeout
2026-06-17 11:14:13 [INFO] health check ok
2026-06-17 11:14:14 [WARN] retry attempt
2026-06-17 11:14:15 [ERROR] database timeout
2026-06-17 11:14:16 [INFO] cache hit
2026-06-17 11:14:17 [WARN] retry attempt
2026-06-17 11:14:18 [WARN] retry attempt
2026-06-17 11:14:19 [ERROR] connection refused
2026-06-17 11:14:20 [INFO] health check ok
2026-06-17 11:14:21 [INFO] cache hit
2026-06-17 11:14:22 [WARN] high memory usage
2026-06-17 11:14:23 [WARN] slow query detected
2026-06-17 11:14:24 [ERROR] nil pointer
2026-06-17 11:14:25 [ERROR] nil pointer
2026-06-17 11:14:26 [ERROR] database timeout
2026-06-17 11:14:27 [ERROR] connection refused
2026-06-17 11:14:28 [INFO] user logged in
2026-06-17 11:14:29 [ERROR] nil pointer
2026-06-17 11:14:30 [WARN] retry attempt
2026-06-17 11:14:31 [WARN] retry attempt
2026-06-17 11:14:32 [ERROR] database timeout
2026-06-17 11:14:33 [ERROR] database timeout
2026-06-17 11:14:34 [ERROR] nil pointer
2026-06-17 11:14:35 [INFO] user logged in
2026-06-17 11:14:36 [WARN] high memory usage
2026-06-17 11:14:37 [ERROR] database timeout
2026-06-17 11:14:38 [WARN] high memory usage
2026-06-17 11:14:39 [WARN] retry attempt
2026-06-17 11:14:40 [INFO] cache hit
2026-06-17 11:14:41 [WARN] high memory usage
2026-06-17 11:14:42 [WARN] retry attempt
2026-06-17 11:14:43 [WARN] slow query detected
2026-06-17 11:14:44 [ERROR] connection refused
2026-06-17 11:14:45 [WARN] slow query detected
2026-06-17 11:14:46 [INFO] user logged in
2026-06-17 11:14:47 [ERROR] request failed
2026-06-17 11:14:48 [WARN] high memory usage
2026-06-17 11:14:49 [ERROR] database timeout
2026-06-17 11:14:50 [ERROR] nil pointer
2026-06-17 11:14:51 [ERROR] connection refused
2026-06-17 11:14:52 [INFO] cache hit
2026-06-17 11:14:53 [WARN] retry attempt
2026-06-17 11:14:54 [INFO] user logged in
2026-06-17 11:14:55 [INFO] cache hit
2026-06-17 11:14:56 [WARN] retry attempt
2026-06-17 11:14:57 [WARN] retry attempt
2026-06-17 11:14:58 [INFO] request completed
2026-06-17 11:14:59 [INFO] request completed
2026-06-17 11:15:00 [ERROR] request failed
2026-06-17 11:15:01 [ERROR] nil pointer
2026-06-17 11:15:02 [INFO] request completed
2026-06-17 11:15:03 [ERROR] database timeout
2026-06-17 11:15:04 [INFO] cache hit
2026-06-17 11:15:05 [INFO] user logged in
2026-06-17 11:15:06 [INFO] health check ok
2026-06-17 11:15:07 [WARN] high memory usage
2026-06-17 11:15:08 [WARN] retry attempt
2026-06-17 11:15:09 [WARN] high memory usage
2026-06-17 11:15:10 [WARN] high memory usage
2026-06-17 11:15:11 [INFO] user logged in
2026-06-17 11:15:12 [INFO] health check ok
2026-06-17 11:15:13 [INFO] cache hit
2026-06-17 11:15:14 [WARN] slow query detected
2026-06-17 11:15:15 [INFO] cache hit
2026-06-17 11:15:16 [ERROR] connection refused
2026-06-17 11:15:17 [WARN] slow query detected
2026-06-17 11:15:18 [INFO] user logged in
2026-06-17 11:15:19 [INFO] user logged in
2026-06-17 11:15:20 [ERROR] request failed
2026-06-17 11:15:21 [WARN] slow query detected
2026-06-17 11:15:22 [WARN] retry attempt
2026-06-17 11:15:23 [WARN] retry attempt
2026-06-17 11:15:24 [WARN] retry attempt
2026-06-17 11:15:25 [WARN] high memory usage
2026-06-17 11:15:26 [WARN] high memory usage
2026-06-17 11:15:27 [WARN] retry attempt
2026-06-17 11:15:28 [INFO] health check ok
2026-06-17 11:15:29 [ERROR] database timeout
2026-06-17 11:15:30 [ERROR] database timeout
2026-06-17 11:15:31 [INFO] health check ok
2026-06-17 11:15:32 [INFO] user logged in
2026-06-17 11:15:33 [ERROR] database timeout
2026-06-17 11:15:34 [ERROR] database timeout
2026-06-17 11:15:35 [INFO] cache hit
2026-06-17 11:15:36 [INFO] user logged in
2026-06-17 11:15:37 [ERROR] nil pointer
2026-06-17 11:15:38 [ERROR] nil pointer
2026-06-17 11:15:39 [INFO] health check ok
2026-06-17 11:15:40 [INFO] user logged in
2026-06-17 11:15:41 [ERROR] request failed
2026-06-17 11:15:42 [INFO] user logged in
2026-06-17 11:15:43 [INFO] request completed
2026-06-17 11:15:44 [INFO] request completed
2026-06-17 11:15:45 [INFO] health check ok
2026-06-17 11:15:46 [INFO] user logged in
2026-06-17 11:15:47 [ERROR] database timeout
2026-06-17 11:15:48 [INFO] request completed
2026-06-17 11:15:49 [ERROR] nil pointer
2026-06-17 11:15:50 [ERROR] connection refused
2026-06-17 11:15:51 [WARN] high memory usage
2026-06-17 11:15:52 [ERROR] connection refused
2026-06-17 11:15:53 [INFO] user logged in
2026-06-17 11:15:54 [WARN] retry attempt
2026-06-17 11:15:55 [WARN] retry attempt
2026-06-17 11:15:56 [WARN] high memory usage
2026-06-17 11:15:57 [INFO] cache hit
2026-06-17 11:15:58 [WARN] retry attempt
2026-06-17 11:15:59 [WARN] slow query detected
2026-06-17 11:16:00 [ERROR] connection refused
2026-06-17 11:16:01 [INFO] request completed
2026-06-17 11:16:02 [ERROR] request failed
2026-06-17 11:16:03 [WARN] high memory usage
2026-06-17 11:16:04 [ERROR] connection refused
2026-06-17 11:16:05 [ERROR] database timeout
2026-06-17 11:16:06 [ERROR] request failed
2026-06-17 11:16:07 [WARN] retry attempt
2026-06-17 11:16:08 [ERROR] request failed
2026-06-17 11:16:09 [ERROR] connection refused
2026-06-17 11:16:10 [INFO] request completed
2026-06-17 11:16:11 [ERROR] database timeout
2026-06-17 11:16:12 [WARN] slow query detected
2026-06-17 11:16:13 [ERROR] database timeout
2026-06-17 11:16:14 [WARN] high memory usage
2026-06-17 11:16:15 [INFO] request completed
2026-06-17 11:16:16 [ERROR] connection refused
2026-06-17 11:16:17 [ERROR] connection refused
2026-06-17 11:16:18 [WARN] high memory usage
2026-06-17 11:16:19 [INFO] health check ok
2026-06-17 11:16:20 [WARN] retry attempt
2026-06-17 11:16:21 [ERROR] nil pointer
2026-06-17 11:16:22 [INFO] request completed
2026-06-17 11:16:23 [INFO] cache hit
2026-06-17 11:16:24 [ERROR] request failed
2026-06-17 11:16:25 [INFO] user logged in
2026-06-17 11:16:26 [ERROR] connection refused
2026-06-17 11:16:27 [WARN] retry attempt
2026-06-17 11:16:28 [INFO] request completed
2026-06-17 11:16:29 [ERROR] database timeout
2026-06-17 11:16:30 [INFO] cache hit
2026-06-17 11:16:31 [WARN] slow query detected
2026-06-17 11:16:32 [INFO] request completed
2026-06-17 11:16:33 [INFO] request completed
2026-06-17 11:16:34 [INFO] request completed
2026-06-17 11:16:35 [ERROR] request failed
2026-06-17 11:16:36 [ERROR] nil pointer
2026-06-17 11:16:37 [WARN] retry attempt
2026-06-17 11:16:38 [INFO] request completed
2026-06-17 11:16:39 [ERROR] nil pointer
2026-06-17 11:16:40 [INFO] request completed
2026-06-17 11:16:41 [ERROR] connection refused
2026-06-17 11:16:42 [INFO] user logged in
2026-06-17 11:16:43 [ERROR] connection refused
2026-06-17 11:16:44 [WARN] high memory usage
2026-06-17 11:16:45 [ERROR] request failed
2026-06-17 11:16:46 [ERROR] request failed
2026-06-17 11:16:47 [WARN] slow query detected
2026-06-17 11:16:48 [INFO] user logged in
2026-06-17 11:16:49 [INFO] cache hit
2026-06-17 11:16:50 [WARN] slow query detected
2026-06-17 11:16:51 [INFO] cache hit
2026-06-17 11:16:52 [ERROR] nil pointer
2026-06-17 11:16:53 [ERROR] nil pointer
2026-06-17 11:16:54 [ERROR] request failed
2026-06-17 11:16:55 [WARN] slow query detected
2026-06-17 11:16:56 [ERROR] request failed
2026-06-17 11:16:57 [WARN] high memory usage
2026-06-17 11:16:58 [INFO] cache hit
2026-06-17 11:16:59 [WARN] retry attempt
2026-06-17 11:17:00 [INFO] cache hit
2026-06-17 11:17:01 [INFO] cache hit
2026-06-17 11:17:02 [WARN] slow query detected
2026-06-17 11:17:03 [INFO] cache hit
2026-06-17 11:17:04 [WARN] slow query detected
2026-06-17 11:17:05 [WARN] slow query detected
2026-06-17 11:17:06 [ERROR] connection refused
2026-06-17 11:17:07 [WARN] high memory usage
2026-06-17 11:17:08 [WARN] slow query detected
2026-06-17 11:17:09 [ERROR] nil pointer
2026-06-17 11:17:10 [ERROR] connection refused
2026-06-17 11:17:11 [INFO] health check ok
2026-06-17 11:17:12 [ERROR] request failed
2026-06-17 11:17:13 [ERROR] nil pointer
2026-06-17 11:17:14 [ERROR] database timeout
2026-06-17 11:17:15 [ERROR] connection refused
2026-06-17 11:17:16 [INFO] request completed
2026-06-17 11:17:17 [ERROR] request failed
2026-06-17 11:17:18 [WARN] retry attempt
2026-06-17 11:17:19 [ERROR] database timeout
2026-06-17 11:17:20 [ERROR] connection refused
2026-06-17 11:17:21 [INFO] cache hit
2026-06-17 11:17:22 [INFO] health check ok
2026-06-17 11:17:23 [INFO] user logged in
2026-06-17 11:17:24 [ERROR] database timeout
2026-06-17 11:17:25 [INFO] health check ok
2026-06-17 11:17:26 [ERROR] database timeout
2026-06-17 11:17:27 [INFO] request completed
2026-06-17 11:17:28 [INFO] cache hit
2026-06-17 11:17:29 [ERROR] request failed
2026-06-17 11:17:30 [WARN] slow query detected
2026-06-17 11:17:31 [ERROR] nil pointer
2026-06-17 11:17:32 [WARN] slow query detected
2026-06-17 11:17:33 [WARN] high memory usage
2026-06-17 11:17:34 [INFO] request completed
2026-06-17 11:17:35 [ERROR] connection refused
2026-06-17 11:17:36 [INFO] health check ok
2026-06-17 11:17:37 [INFO] cache hit
2026-06-17 11:17:38 [WARN] slow query detected
2026-06-17 11:17:39 [INFO] user logged in
2026-06-17 11:17:40 [INFO] request completed
2026-06-17 11:17:41 [WARN] slow query detected
2026-06-17 11:17:42 [INFO] health check ok
2026-06-17 11:17:43 [INFO] health check ok
2026-06-17 11:17:44 [WARN] retry attempt
2026-06-17 11:17:45 [INFO] cache hit
2026-06-17 11:17:46 [WARN] high memory usage
2026-06-17 11:17:47 [INFO] health check ok
2026-06-17 11:17:48 [INFO] cache hit
2026-06-17 11:17:49 [INFO] user logged in
2026-06-17 11:17:50 [WARN] slow query detected
2026-06-17 11:17:51 [INFO] cache hit
2026-06-17 11:17:52 [WARN] retry attempt
2026-06-17 11:17:53 [INFO] user logged in
2026-06-17 11:17:54 [ERROR] request failed
2026-06-17 11:17:55 [WARN] high memory usage
2026-06-17 11:17:56 [ERROR] nil pointer
2026-06-17 11:17:57 [WARN] high memory usage
2026-06-17 11:17:58 [WARN] slow query detected
2026-06-17 11:17:59 [ERROR] nil pointer
2026-06-17 11:18:00 [WARN] retry attempt
2026-06-17 11:18:01 [ERROR] request failed
2026-06-17 11:18:02 [ERROR] connection refused
2026-06-17 11:18:03 [ERROR] database timeout
2026-06-17 11:18:04 [WARN] retry attempt
2026-06-17 11:18:05 [ERROR] connection refused
2026-06-17 11:18:06 [ERROR] request failed
2026-06-17 11:18:07 [INFO] health check ok
2026-06-17 11:18:08 [INFO] request completed
2026-06-17 11:18:09 [WARN] slow query detected
2026-06-17 11:18:10 [INFO] health check ok
2026-06-17 11:18:11 [WARN] slow query detected
2026-06-17 11:18:12 [INFO] cache hit
2026-06-17 11:18:13 [WARN] retry attempt
2026-06-17 11:18:14 [WARN] high memory usage
2026-06-17 11:18:15 [ERROR] nil pointer
2026-06-17 11:18:16 [ERROR] database timeout
2026-06-17 11:18:17 [WARN] high memory usage
2026-06-17 11:18:18 [ERROR] nil pointer
2026-06-17 11:18:19 [WARN] high memory usage
2026-06-17 11:18:20 [INFO] health check ok
2026-06-17 11:18:21 [WARN] high memory usage
2026-06-17 11:18:22 [INFO] cache hit
2026-06-17 11:18:23 [WARN] slow query detected
2026-06-17 11:18:24 [WARN] slow query detected
2026-06-17 11:18:25 [ERROR] connection refused
2026-06-17 11:18:26 [INFO] user logged in
2026-06-17 11:18:27 [WARN] retry attempt
2026-06-17 11:18:28 [WARN] retry attempt
2026-06-17 11:18:29 [INFO] user logged in
2026-06-17 11:18:30 [WARN] retry attempt
2026-06-17 11:18:31 [WARN] high memory usage
2026-06-17 11:18:32 [WARN] high memory usage
2026-06-17 11:18:33 [WARN] retry attempt
2026-06-17 11:18:34 [ERROR] database timeout
2026-06-17 11:18:35 [INFO] request completed
2026-06-17 11:18:36 [INFO] user logged in
2026-06-17 11:18:37 [WARN] retry attempt
2026-06-17 11:18:38 [ERROR] connection refused
2026-06-17 11:18:39 [WARN] high memory usage
2026-06-17 11:18:40 [ERROR] connection refused
2026-06-17 11:18:41 [WARN] retry attempt
2026-06-17 11:18:42 [INFO] cache hit
2026-06-17 11:18:43 [INFO] request completed
2026-06-17 11:18:44 [WARN] high memory usage
2026-06-17 11:18:45 [INFO] health check ok
2026-06-17 11:18:46 [WARN] retry attempt
2026-06-17 11:18:47 [WARN] retry attempt
2026-06-17 11:18:48 [INFO] health check ok
2026-06-17 11:18:49 [ERROR] connection refused
2026-06-17 11:18:50 [INFO] health check ok
2026-06-17 11:18:51 [INFO] user logged in
2026-06-17 11:18:52 [INFO] request completed
2026-06-17 11:18:53 [ERROR] request failed
2026-06-17 11:18:54 [ERROR] database timeout
2026-06-17 11:18:55 [ERROR] connection refused
2026-06-17 11:18:56 [INFO] health check ok
2026-06-17 11:18:57 [ERROR] connection refused
2026-06-17 11:18:58 [WARN] high memory usage
2026-06-17 11:18:59 [ERROR] database timeout
2026-06-17 11:19:00 [INFO] user logged in
2026-06-17 11:19:01 [INFO] cache hit
2026-06-17 11:19:02 [INFO] cache hit
2026-06-17 11:19:03 [INFO] request completed
2026-06-17 11:19:04 [WARN] high memory usage
2026-06-17 11:19:05 [WARN] retry attempt
2026-06-17 11:19:06 [WARN] slow query detected
2026-06-17 11:19:07 [ERROR] request failed
2026-06-17 11:19:08 [ERROR] database timeout
2026-06-17 11:19:09 [INFO] user logged in
2026-06-17 11:19:10 [ERROR] database timeout
2026-06-17 11:19:11 [INFO] user logged in
2026-06-17 11:19:12 [ERROR] nil pointer
2026-06-17 11:19:13 [WARN] slow query detected
2026-06-17 11:19:14 [ERROR] connection refused
2026-06-17 11:19:15 [ERROR] request failed
2026-06-17 11:19:16 [ERROR] database timeout
2026-06-17 11:19:17 [INFO] request completed
2026-06-17 11:19:18 [ERROR] request failed
2026-06-17 11:19:19 [ERROR] connection refused
2026-06-17 11:19:20 [WARN] retry attempt
2026-06-17 11:19:21 [ERROR] nil pointer
2026-06-17 11:19:22 [WARN] slow query detected
2026-06-17 11:19:23 [ERROR] nil pointer
2026-06-17 11:19:24 [ERROR] request failed
2026-06-17 11:19:25 [WARN] high memory usage
2026-06-17 11:19:26 [ERROR] database timeout
2026-06-17 11:19:27 [ERROR] nil pointer
2026-06-17 11:19:28 [WARN] retry attempt
2026-06-17 11:19:29 [WARN] retry attempt
2026-06-17 11:19:30 [ERROR] request failed
2026-06-17 11:19:31 [ERROR] nil pointer
2026-06-17 11:19:32 [ERROR] nil pointer
2026-06-17 11:19:33 [ERROR] nil pointer
2026-06-17 11:19:34 [INFO] user logged in
2026-06-17 11:19:35 [ERROR] request failed
2026-06-17 11:19:36 [WARN] slow query detected
2026-06-17 11:19:37 [ERROR] nil pointer
2026-06-17 11:19:38 [INFO] user logged in
2026-06-17 11:19:39 [WARN] high memory usage
2026-06-17 11:19:40 [ERROR] nil pointer
2026-06-17 11:19:41 [INFO] cache hit
2026-06-17 11:19:42 [WARN] slow query detected
2026-06-17 11:19:43 [WARN] slow query detected
2026-06-17 11:19:44 [INFO] user logged in
2026-06-17 11:19:45 [WARN] retry attempt
2026-06-17 11:19:46 [WARN] slow query detected
2026-06-17 11:19:47 [INFO] request completed
2026-06-17 11:19:48 [ERROR] database timeout
2026-06-17 11:19:49 [WARN] slow query detected
2026-06-17 11:19:50 [ERROR] request failed
2026-06-17 11:19:51 [WARN] slow query detected
2026-06-17 11:19:52 [ERROR] nil pointer
2026-06-17 11:19:53 [WARN] retry attempt
2026-06-17 11:19:54 [ERROR] request failed
2026-06-17 11:19:55 [WARN] high memory usage
2026-06-17 11:19:56 [WARN] slow query detected
2026-06-17 11:19:57 [ERROR] database timeout
2026-06-17 11:19:58 [INFO] health check ok
2026-06-17 11:19:59 [ERROR] database timeout
2026-06-17 11:20:00 [ERROR] connection refused
2026-06-17 11:20:01 [WARN] retry attempt
2026-06-17 11:20:02 [WARN] retry attempt
2026-06-17 11:20:03 [WARN] slow query detected
2026-06-17 11:20:04 [ERROR] request failed
2026-06-17 11:20:05 [ERROR] request failed
2026-06-17 11:20:06 [ERROR] database timeout
2026-06-17 11:20:07 [INFO] cache hit
2026-06-17 11:20:08 [INFO] health check ok
2026-06-17 11:20:09 [WARN] retry attempt
2026-06-17 11:20:10 [INFO] request completed
2026-06-17 11:20:11 [WARN] slow query detected
2026-06-17 11:20:12 [INFO] cache hit
2026-06-17 11:20:13 [WARN] retry attempt
2026-06-17 11:20:14 [INFO] user logged in
2026-06-17 11:20:15 [INFO] cache hit
2026-06-17 11:20:16 [ERROR] nil pointer
2026-06-17 11:20:17 [INFO] request completed
2026-06-17 11:20:18 [WARN] slow query detected
2026-06-17 11:20:19 [WARN] high memory usage
2026-06-17 11:20:20 [WARN] high memory usage
2026-06-17 11:20:21 [WARN] high memory usage
2026-06-17 11:20:22 [ERROR] connection refused
2026-06-17 11:20:23 [ERROR] connection refused
2026-06-17 11:20:24 [ERROR] database timeout
2026-06-17 11:20:25 [INFO] health check ok
2026-06-17 11:20:26 [ERROR] nil pointer
2026-06-17 11:20:27 [ERROR] database timeout
2026-06-17 11:20:28 [WARN] high memory usage
2026-06-17 11:20:29 [ERROR] nil pointer
2026-06-17 11:20:30 [ERROR] nil pointer
2026-06-17 11:20:31 [INFO] request completed
2026-06-17 11:20:32 [INFO] user logged in
2026-06-17 11:20:33 [INFO] health check ok
2026-06-17 11:20:34 [WARN] high memory usage
2026-06-17 11:20:35 [WARN] slow query detected
2026-06-17 11:20:36 [ERROR] request failed
2026-06-17 11:20:37 [ERROR] database timeout
2026-06-17 11:20:38 [INFO] health check ok
2026-06-17 11:20:39 [INFO] request completed
2026-06-17 11:20:40 [INFO] request completed
2026-06-17 11:20:41 [ERROR] request failed
2026-06-17 11:20:42 [INFO] user logged in
2026-06-17 11:20:43 [INFO] health check ok
2026-06-17 11:20:44 [WARN] high memory usage
2026-06-17 11:20:45 [INFO] request completed
2026-06-17 11:20:46 [ERROR] nil pointer
2026-06-17 11:20:47 [ERROR] database timeout
2026-06-17 11:20:48 [ERROR] database timeout
2026-06-17 11:20:49 [WARN] retry attempt
2026-06-17 11:20:50 [INFO] request completed
2026-06-17 11:20:51 [INFO] cache hit
2026-06-17 11:20:52 [WARN] high memory usage
2026-06-17 11:20:53 [ERROR] nil pointer
2026-06-17 11:20:54 [WARN] slow query detected
2026-06-17 11:20:55 [ERROR] request failed
2026-06-17 11:20:56 [INFO] user logged in
2026-06-17 11:20:57 [INFO] request completed
2026-06-17 11:20:58 [INFO] user logged in
2026-06-17 11:20:59 [WARN] retry attempt
2026-06-17 11:21:00 [INFO] user logged in
2026-06-17 11:21:01 [INFO] request completed
2026-06-17 11:21:02 [INFO] request completed
2026-06-17 11:21:03 [ERROR] connection refused
2026-06-17 11:21:04 [INFO] cache hit
2026-06-17 11:21:05 [WARN] retry attempt
2026-06-17 11:21:06 [WARN] high memory usage
2026-06-17 11:21:07 [ERROR] nil pointer
2026-06-17 11:21:08 [INFO] cache hit
2026-06-17 11:21:09 [INFO] cache hit
2026-06-17 11:21:10 [WARN] slow query detected
2026-06-17 11:21:11 [INFO] request completed
2026-06-17 11:21:12 [INFO] request completed
2026-06-17 11:21:13 [INFO] cache hit
2026-06-17 11:21:14 [INFO] request completed
2026-06-17 11:21:15 [WARN] retry attempt
2026-06-17 11:21:16 [ERROR] database timeout
2026-06-17 11:21:17 [ERROR] database timeout
2026-06-17 11:21:18 [INFO] request completed
2026-06-17 11:21:19 [ERROR] nil pointer
2026-06-17 11:21:20 [INFO] health check ok
2026-06-17 11:21:21 [WARN] retry attempt
2026-06-17 11:21:22 [ERROR] connection refused
2026-06-17 11:21:23 [INFO] request completed
2026-06-17 11:21:24 [ERROR] nil pointer
2026-06-17 11:21:25 [WARN] high memory usage
2026-06-17 11:21:26 [ERROR] connection refused
2026-06-17 11:21:27 [INFO] health check ok
2026-06-17 11:21:28 [WARN] retry attempt
2026-06-17 11:21:29 [INFO] health check ok
2026-06-17 11:21:30 [ERROR] connection refused
2026-06-17 11:21:31 [ERROR] database timeout
2026-06-17 11:21:32 [WARN] slow query detected
2026-06-17 11:21:33 [ERROR] request failed
2026-06-17 11:21:34 [ERROR] request failed
2026-06-17 11:21:35 [INFO] cache hit
2026-06-17 11:21:36 [INFO] health check ok
2026-06-17 11:21:37 [INFO] cache hit
2026-06-17 11:21:38 [ERROR] request failed
2026-06-17 11:21:39 [ERROR] connection refused
2026-06-17 11:21:40 [WARN] slow query detected
2026-06-17 11:21:41 [WARN] retry attempt
2026-06-17 11:21:42 [INFO] health check ok
2026-06-17 11:21:43 [INFO] cache hit
2026-06-17 11:21:44 [INFO] user logged in
2026-06-17 11:21:45 [WARN] retry attempt
2026-06-17 11:21:46 [ERROR] nil pointer
2026-06-17 11:21:47 [WARN] slow query detected
2026-06-17 11:21:48 [INFO] request completed
2026-06-17 11:21:49 [WARN] high memory usage
2026-06-17 11:21:50 [INFO] user logged in
2026-06-17 11:21:51 [ERROR] connection refused
2026-06-17 11:21:52 [INFO] user logged in
2026-06-17 11:21:53 [WARN] slow query detected
2026-06-17 11:21:54 [ERROR] request failed
2026-06-17 11:21:55 [WARN] high memory usage
2026-06-17 11:21:56 [INFO] request completed
2026-06-17 11:21:57 [WARN] retry attempt
2026-06-17 11:21:58 [ERROR] request failed
2026-06-17 11:21:59 [INFO] health check ok
2026-06-17 11:22:00 [WARN] high memory usage
2026-06-17 11:22:01 [ERROR] nil pointer
2026-06-17 11:22:02 [WARN] retry attempt
2026-06-17 11:22:03 [INFO] health check ok
2026-06-17 11:22:04 [WARN] high memory usage
2026-06-17 11:22:05 [ERROR] request failed
2026-06-17 11:22:06 [ERROR] request failed
2026-06-17 11:22:07 [ERROR] nil pointer
2026-06-17 11:22:08 [ERROR] database timeout
2026-06-17 11:22:09 [ERROR] connection refused
2026-06-17 11:22:10 [ERROR] connection refused
2026-06-17 11:22:11 [ERROR] database timeout
2026-06-17 11:22:12 [ERROR] request failed
2026-06-17 11:22:13 [WARN] retry attempt
2026-06-17 11:22:14 [WARN] retry attempt
2026-06-17 11:22:15 [INFO] request completed
2026-06-17 11:22:16 [WARN] slow query detected
2026-06-17 11:22:17 [INFO] request completed
2026-06-17 11:22:18 [WARN] retry attempt
2026-06-17 11:22:19 [INFO] cache hit
2026-06-17 11:22:20 [WARN] high memory usage
2026-06-17 11:22:21 [ERROR] connection refused
2026-06-17 11:22:22 [ERROR] database timeout
2026-06-17 11:22:23 [ERROR] database timeout
2026-06-17 11:22:24 [INFO] health check ok
2026-06-17 11:22:25 [INFO] health check ok
2026-06-17 11:22:26 [WARN] retry attempt
2026-06-17 11:22:27 [INFO] health check ok
2026-06-17 11:22:28 [INFO] user logged in
2026-06-17 11:22:29 [INFO] user logged in
2026-06-17 11:22:30 [ERROR] request failed
2026-06-17 11:22:31 [WARN] slow query detected
2026-06-17 11:22:32 [INFO] user logged in
2026-06-17 11:22:33 [WARN] high memory usage
2026-06-17 11:22:34 [ERROR] connection refused
2026-06-17 11:22:35 [INFO] request completed
2026-06-17 11:22:36 [ERROR] connection refused
2026-06-17 11:22:37 [ERROR] request failed
2026-06-17 11:22:38 [INFO] request completed
2026-06-17 11:22:39 [WARN] retry attempt
2026-06-17 11:22:40 [WARN] retry attempt
2026-06-17 11:22:41 [WARN] slow query detected
2026-06-17 11:22:42 [INFO] health check ok
2026-06-17 11:22:43 [INFO] cache hit
2026-06-17 11:22:44 [ERROR] request failed
2026-06-17 11:22:45 [ERROR] database timeout
2026-06-17 11:22:46 [WARN] high memory usage
2026-06-17 11:22:47 [INFO] user logged in
2026-06-17 11:22:48 [INFO] user logged in
2026-06-17 11:22:49 [WARN] slow query detected
2026-06-17 11:22:50 [INFO] user logged in
2026-06-17 11:22:51 [ERROR] database timeout
2026-06-17 11:22:52 [WARN] retry attempt
2026-06-17 11:22:53 [WARN] retry attempt
2026-06-17 11:22:54 [INFO] health check ok
2026-06-17 11:22:55 [WARN] high memory usage
2026-06-17 11:22:56 [INFO] health check ok
2026-06-17 11:22:57 [WARN] high memory usage
2026-06-17 11:22:58 [ERROR] connection refused
2026-06-17 11:22:59 [INFO] health check ok
2026-06-17 11:23:00 [WARN] slow query detected
2026-06-17 11:23:01 [ERROR] nil pointer
2026-06-17 11:23:02 [WARN] retry attempt
2026-06-17 11:23:03 [WARN] slow query detected
2026-06-17 11:23:04 [INFO] cache hit
2026-06-17 11:23:05 [INFO] request completed
2026-06-17 11:23:06 [ERROR] nil pointer
2026-06-17 11:23:07 [ERROR] nil pointer
2026-06-17 11:23:08 [WARN] high memory usage
2026-06-17 11:23:09 [INFO] health check ok
2026-06-17 11:23:10 [INFO] request completed
2026-06-17 11:23:11 [INFO] cache hit
2026-06-17 11:23:12 [INFO] request completed
2026-06-17 11:23:13 [ERROR] database timeout
2026-06-17 11:23:14 [INFO] user logged in
2026-06-17 11:23:15 [ERROR] connection refused
2026-06-17 11:23:16 [ERROR] database timeout
2026-06-17 11:23:17 [INFO] user logged in
2026-06-17 11:23:18 [WARN] slow query detected
2026-06-17 11:23:19 [ERROR] nil pointer
2026-06-17 11:23:20 [WARN] high memory usage
2026-06-17 11:23:21 [ERROR] nil pointer
2026-06-17 11:23:22 [ERROR] nil pointer
2026-06-17 11:23:23 [WARN] slow query detected
2026-06-17 11:23:24 [WARN] high memory usage
2026-06-17 11:23:25 [INFO] request completed
2026-06-17 11:23:26 [ERROR] request failed
2026-06-17 11:23:27 [INFO] request completed
2026-06-17 11:23:28 [INFO] user logged in
2026-06-17 11:23:29 [INFO] request completed
2026-06-17 11:23:30 [ERROR] database timeout
2026-06-17 11:23:31 [WARN] slow query detected
2026-06-17 11:23:32 [WARN] slow query detected
2026-06-17 11:23:33 [INFO] cache hit
2026-06-17 11:23:34 [INFO] user logged in
2026-06-17 11:23:35 [INFO] cache hit
2026-06-17 11:23:36 [INFO] cache hit
2026-06-17 11:23:37 [ERROR] connection refused
2026-06-17 11:23:38 [ERROR] nil pointer
2026-06-17 11:23:39 [INFO] health check ok
2026-06-17 11:23:40 [ERROR] database timeout
2026-06-17 11:23:41 [WARN] retry attempt
2026-06-17 11:23:42 [WARN] retry attempt
2026-06-17 11:23:43 [WARN] slow query detected
2026-06-17 11:23:44 [ERROR] nil pointer
2026-06-17 11:23:45 [INFO] user logged in
2026-06-17 11:23:46 [INFO] health check ok
2026-06-17 11:23:47 [INFO] user logged in
2026-06-17 11:23:48 [INFO] request completed
2026-06-17 11:23:49 [INFO] request completed
2026-06-17 11:23:50 [WARN] high memory usage
2026-06-17 11:23:51 [INFO] health check ok
2026-06-17 11:23:52 [INFO] health check ok
2026-06-17 11:23:53 [INFO] cache hit
2026-06-17 11:23:54 [INFO] request completed
2026-06-17 11:23:55 [ERROR] request failed
2026-06-17 11:23:56 [INFO] cache hit
2026-06-17 11:23:57 [ERROR] database timeout
2026-06-17 11:23:58 [ERROR] connection refused
2026-06-17 11:23:59 [ERROR] nil pointer
2026-06-17 11:24:00 [INFO] user logged in
2026-06-17 11:24:01 [WARN] retry attempt
2026-06-17 11:24:02 [ERROR] connection refused
2026-06-17 11:24:03 [ERROR] nil pointer
2026-06-17 11:24:04 [INFO] cache hit
2026-06-17 11:24:05 [WARN] high memory usage
2026-06-17 11:24:06 [WARN] retry attempt
2026-06-17 11:24:07 [WARN] retry attempt
2026-06-17 11:24:08 [WARN] retry attempt
2026-06-17 11:24:09 [ERROR] connection refused
2026-06-17 11:24:10 [INFO] request completed
2026-06-17 11:24:11 [ERROR] request failed
2026-06-17 11:24:12 [WARN] retry attempt
2026-06-17 11:24:13 [ERROR] database timeout
2026-06-17 11:24:14 [INFO] user logged in
2026-06-17 11:24:15 [ERROR] database timeout
2026-06-17 11:24:16 [ERROR] request failed
2026-06-17 11:24:17 [INFO] request completed
2026-06-17 11:24:18 [INFO] user logged in
2026-06-17 11:24:19 [INFO] request completed
2026-06-17 11:24:20 [WARN] slow query detected
2026-06-17 11:24:21 [WARN] slow query detected
2026-06-17 11:24:22 [INFO] request completed
2026-06-17 11:24:23 [ERROR] database timeout
2026-06-17 11:24:24 [ERROR] connection refused
2026-06-17 11:24:25 [INFO] user logged in
2026-06-17 11:24:26 [INFO] request completed
2026-06-17 11:24:27 [WARN] retry attempt
2026-06-17 11:24:28 [INFO] user logged in
2026-06-17 11:24:29 [INFO] request completed
2026-06-17 11:24:30 [INFO] health check ok
2026-06-17 11:24:31 [ERROR] nil pointer
2026-06-17 11:24:32 [INFO] cache hit
2026-06-17 11:24:33 [INFO] cache hit
2026-06-17 11:24:34 [WARN] retry attempt
2026-06-17 11:24:35 [INFO] cache hit
2026-06-17 11:24:36 [WARN] high memory usage
2026-06-17 11:24:37 [WARN] retry attempt
2026-06-17 11:24:38 [WARN] slow query detected
2026-06-17 11:24:39 [ERROR] database timeout
2026-06-17 11:24:40 [WARN] retry attempt
2026-06-17 11:24:41 [WARN] retry attempt
2026-06-17 11:24:42 [WARN] retry attempt
2026-06-17 11:24:43 [INFO] user logged in
2026-06-17 11:24:44 [INFO] request completed
2026-06-17 11:24:45 [WARN] retry attempt
2026-06-17 11:24:46 [WARN] high memory usage
2026-06-17 11:24:47 [WARN] high memory usage
2026-06-17 11:24:48 [ERROR] nil pointer
2026-06-17 11:24:49 [ERROR] connection refused
2026-06-17 11:24:50 [WARN] retry attempt
2026-06-17 11:24:51 [INFO] health check ok
2026-06-17 11:24:52 [WARN] slow query detected
2026-06-17 11:24:53 [ERROR] request failed
2026-06-17 11:24:54 [WARN] retry attempt
2026-06-17 11:24:55 [WARN] slow query detected
2026-06-17 11:24:56 [INFO] user logged in
2026-06-17 11:24:57 [ERROR] request failed
2026-06-17 11:24:58 [WARN] high memory usage
2026-06-17 11:24:59 [ERROR] request failed
2026-06-17 11:25:00 [INFO] request completed
2026-06-17 11:25:01 [WARN] slow query detected
2026-06-17 11:25:02 [ERROR] request failed
2026-06-17 11:25:03 [WARN] slow query detected
2026-06-17 11:25:04 [ERROR] request failed
2026-06-17 11:25:05 [INFO] user logged in
2026-06-17 11:25:06 [INFO] user logged in
2026-06-17 11:25:07 [INFO] request completed
2026-06-17 11:25:08 [WARN] retry attempt
2026-06-17 11:25:09 [INFO] health check ok
2026-06-17 11:25:10 [WARN] retry attempt
2026-06-17 11:25:11 [INFO] health check ok
2026-06-17 11:25:12 [INFO] user logged in
2026-06-17 11:25:13 [WARN] retry attempt
2026-06-17 11:25:14 [WARN] retry attempt
2026-06-17 11:25:15 [WARN] retry attempt
2026-06-17 11:25:16 [ERROR] connection refused
2026-06-17 11:25:17 [WARN] high memory usage
2026-06-17 11:25:18 [WARN] retry attempt
2026-06-17 11:25:19 [INFO] health check ok
2026-06-17 11:25:20 [ERROR] connection refused
2026-06-17 11:25:21 [ERROR] database timeout
2026-06-17 11:25:22 [INFO] request completed
2026-06-17 11:25:23 [WARN] slow query detected
2026-06-17 11:25:24 [INFO] user logged in
2026-06-17 11:25:25 [INFO] request completed
2026-06-17 11:25:26 [INFO] cache hit
2026-06-17 11:25:27 [INFO] user logged in
2026-06-17 11:25:28 [WARN] high memory usage
2026-06-17 11:25:29 [WARN] high memory usage
2026-06-17 11:25:30 [WARN] high memory usage
2026-06-17 11:25:31 [ERROR] nil pointer
2026-06-17 11:25:32 [ERROR] connection refused
2026-06-17 11:25:33 [ERROR] database timeout
2026-06-17 11:25:34 [INFO] request completed
2026-06-17 11:25:35 [WARN] high memory usage
2026-06-17 11:25:36 [WARN] slow query detected
2026-06-17 11:25:37 [ERROR] request failed
2026-06-17 11:25:38 [WARN] slow query detected
2026-06-17 11:25:39 [WARN] slow query detected
2026-06-17 11:25:40 [WARN] slow query detected
2026-06-17 11:25:41 [INFO] health check ok
2026-06-17 11:25:42 [ERROR] connection refused
2026-06-17 11:25:43 [INFO] user logged in
2026-06-17 11:25:44 [ERROR] connection refused
2026-06-17 11:25:45 [INFO] cache hit
2026-06-17 11:25:46 [INFO] health check ok
2026-06-17 11:25:47 [INFO] health check ok
2026-06-17 11:25:48 [INFO] cache hit
2026-06-17 11:25:49 [INFO] health check ok
2026-06-17 11:25:50 [INFO] user logged in
2026-06-17 11:25:51 [ERROR] connection refused
2026-06-17 11:25:52 [WARN] slow query detected
2026-06-17 11:25:53 [ERROR] nil pointer
2026-06-17 11:25:54 [INFO] request completed
2026-06-17 11:25:55 [WARN] slow query detected
2026-06-17 11:25:56 [INFO] health check ok
2026-06-17 11:25:57 [WARN] high memory usage
2026-06-17 11:25:58 [ERROR] database timeout
2026-06-17 11:25:59 [ERROR] connection refused
2026-06-17 11:26:00 [WARN] slow query detected
2026-06-17 11:26:01 [WARN] retry attempt
2026-06-17 11:26:02 [ERROR] database timeout
2026-06-17 11:26:03 [INFO] user logged in
2026-06-17 11:26:04 [WARN] high memory usage
2026-06-17 11:26:05 [INFO] health check ok
2026-06-17 11:26:06 [WARN] slow query detected
2026-06-17 11:26:07 [ERROR] connection refused
2026-06-17 11:26:08 [WARN] slow query detected
2026-06-17 11:26:09 [WARN] retry attempt
2026-06-17 11:26:10 [ERROR] request failed
2026-06-17 11:26:11 [INFO] user logged in
2026-06-17 11:26:12 [ERROR] connection refused
2026-06-17 11:26:13 [ERROR] connection refused
2026-06-17 11:26:14 [ERROR] request failed
2026-06-17 11:26:15 [ERROR] nil pointer
2026-06-17 11:26:16 [INFO] request completed
2026-06-17 11:26:17 [ERROR] request failed
2026-06-17 11:26:18 [WARN] slow query detected
2026-06-17 11:26:19 [INFO] health check ok
2026-06-17 11:26:20 [INFO] user logged in
2026-06-17 11:26:21 [ERROR] nil pointer
2026-06-17 11:26:22 [WARN] slow query detected
2026-06-17 11:26:23 [ERROR] connection refused
2026-06-17 11:26:24 [ERROR] connection refused
2026-06-17 11:26:25 [ERROR] database timeout
2026-06-17 11:26:26 [WARN] high memory usage
2026-06-17 11:26:27 [ERROR] connection refused
2026-06-17 11:26:28 [INFO] user logged in
2026-06-17 11:26:29 [WARN] high memory usage
2026-06-17 11:26:30 [ERROR] nil pointer
2026-06-17 11:26:31 [INFO] request completed
2026-06-17 11:26:32 [ERROR] request failed
2026-06-17 11:26:33 [WARN] slow query detected
2026-06-17 11:26:34 [WARN] retry attempt
2026-06-17 11:26:35 [INFO] health check ok
2026-06-17 11:26:36 [ERROR] nil pointer
2026-06-17 11:26:37 [WARN] retry attempt
2026-06-17 11:26:38 [WARN] retry attempt
2026-06-17 11:26:39 [ERROR] database timeout
2026-06-17 11:26:40 [WARN] high memory usage
2026-06-17 11:26:41 [WARN] retry attempt
2026-06-17 11:26:42 [ERROR] database timeout
2026-06-17 11:26:43 [WARN] retry attempt
2026-06-17 11:26:44 [WARN] slow query detected
2026-06-17 11:26:45 [INFO] cache hit
2026-06-17 11:26:46 [WARN] retry attempt
2026-06-17 11:26:47 [WARN] slow query detected
2026-06-17 11:26:48 [INFO] request completed
2026-06-17 11:26:49 [WARN] high memory usage
2026-06-17 11:26:50 [ERROR] connection refused
2026-06-17 11:26:51 [WARN] slow query detected
2026-06-17 11:26:52 [WARN] retry attempt
2026-06-17 11:26:53 [WARN] retry attempt
2026-06-17 11:26:54 [INFO] health check ok
2026-06-17 11:26:55 [INFO] cache hit
2026-06-17 11:26:56 [ERROR] nil pointer
2026-06-17 11:26:57 [INFO] user logged in
2026-06-17 11:26:58 [ERROR] nil pointer
2026-06-17 11:26:59 [ERROR] database timeout
2026-06-17 11:27:00 [WARN] high memory usage
2026-06-17 11:27:01 [WARN] high memory usage
2026-06-17 11:27:02 [ERROR] request failed
2026-06-17 11:27:03 [INFO] request completed
2026-06-17 11:27:04 [WARN] slow query detected
2026-06-17 11:27:05 [WARN] retry attempt
2026-06-17 11:27:06 [INFO] user logged in
2026-06-17 11:27:07 [INFO] request completed
2026-06-17 11:27:08 [WARN] slow query detected
2026-06-17 11:27:09 [WARN] slow query detected
2026-06-17 11:27:10 [WARN] slow query detected
2026-06-17 11:27:11 [WARN] slow query detected
2026-06-17 11:27:12 [WARN] high memory usage
2026-06-17 11:27:13 [ERROR] nil pointer
2026-06-17 11:27:14 [INFO] request completed
2026-06-17 11:27:15 [WARN] slow query detected
2026-06-17 11:27:16 [ERROR] database timeout
2026-06-17 11:27:17 [WARN] high memory usage
2026-06-17 11:27:18 [INFO] health check ok
2026-06-17 11:27:19 [ERROR] request failed
2026-06-17 11:27:20 [ERROR] database timeout
2026-06-17 11:27:21 [INFO] user logged in
2026-06-17 11:27:22 [ERROR] connection refused
2026-06-17 11:27:23 [WARN] slow query detected
2026-06-17 11:27:24 [WARN] slow query detected
2026-06-17 11:27:25 [INFO] user logged in
2026-06-17 11:27:26 [ERROR] request failed
2026-06-17 11:27:27 [INFO] user logged in
2026-06-17 11:27:28 [WARN] slow query detected
2026-06-17 11:27:29 [WARN] high memory usage
2026-06-17 11:27:30 [WARN] high memory usage
2026-06-17 11:27:31 [ERROR] nil pointer
2026-06-17 11:27:32 [WARN] retry attempt
2026-06-17 11:27:33 [ERROR] database timeout
2026-06-17 11:27:34 [WARN] high memory usage
2026-06-17 11:27:35 [ERROR] connection refused
2026-06-17 11:27:36 [ERROR] database timeout
2026-06-17 11:27:37 [INFO] health check ok
2026-06-17 11:27:38 [WARN] retry attempt
2026-06-17 11:27:39 [INFO] cache hit
2026-06-17 11:27:40 [ERROR] nil pointer
2026-06-17 11:27:41 [ERROR] nil pointer
2026-06-17 11:27:42 [INFO] cache hit
2026-06-17 11:27:43 [INFO] request completed
2026-06-17 11:27:44 [INFO] cache hit
2026-06-17 11:27:45 [WARN] high memory usage
2026-06-17 11:27:46 [ERROR] connection refused
2026-06-17 11:27:47 [WARN] retry attempt
2026-06-17 11:27:48 [ERROR] nil pointer
2026-06-17 11:27:49 [INFO] user logged in
2026-06-17 11:27:50 [WARN] retry attempt
2026-06-17 11:27:51 [INFO] cache hit
2026-06-17 11:27:52 [WARN] retry attempt
2026-06-17 11:27:53 [INFO] cache hit
2026-06-17 11:27:54 [ERROR] request failed
2026-06-17 11:27:55 [WARN] retry attempt
2026-06-17 11:27:56 [INFO] cache hit
2026-06-17 11:27:57 [ERROR] request failed
2026-06-17 11:27:58 [WARN] high memory usage
2026-06-17 11:27:59 [INFO] user logged in
2026-06-17 11:28:00 [WARN] retry attempt
2026-06-17 11:28:01 [ERROR] database timeout
2026-06-17 11:28:02 [WARN] slow query detected
2026-06-17 11:28:03 [ERROR] database timeout
2026-06-17 11:28:04 [ERROR] connection refused
2026-06-17 11:28:05 [INFO] request completed
2026-06-17 11:28:06 [WARN] slow query detected
2026-06-17 11:28:07 [ERROR] database timeout
2026-06-17 11:28:08 [ERROR] connection refused
2026-06-17 11:28:09 [ERROR] database timeout
2026-06-17 11:28:10 [ERROR] database timeout
2026-06-17 11:28:11 [WARN] high memory usage
2026-06-17 11:28:12 [INFO] cache hit
2026-06-17 11:28:13 [INFO] user logged in
2026-06-17 11:28:14 [ERROR] database timeout
2026-06-17 11:28:15 [WARN] high memory usage
2026-06-17 11:28:16 [ERROR] database timeout
2026-06-17 11:28:17 [INFO] user logged in
2026-06-17 11:28:18 [WARN] retry attempt
2026-06-17 11:28:19 [WARN] high memory usage
2026-06-17 11:28:20 [WARN] high memory usage
2026-06-17 11:28:21 [ERROR] connection refused
2026-06-17 11:28:22 [WARN] high memory usage
2026-06-17 11:28:23 [ERROR] database timeout
2026-06-17 11:28:24 [INFO] request completed
2026-06-17 11:28:25 [WARN] retry attempt
2026-06-17 11:28:26 [INFO] health check ok
2026-06-17 11:28:27 [INFO] user logged in
2026-06-17 11:28:28 [ERROR] database timeout
2026-06-17 11:28:29 [WARN] slow query detected
2026-06-17 11:28:30 [ERROR] nil pointer
2026-06-17 11:28:31 [WARN] high memory usage
2026-06-17 11:28:32 [WARN] slow query detected
2026-06-17 11:28:33 [WARN] high memory usage
2026-06-17 11:28:34 [INFO] health check ok
2026-06-17 11:28:35 [INFO] user logged in
2026-06-17 11:28:36 [ERROR] nil pointer
2026-06-17 11:28:37 [INFO] health check ok
2026-06-17 11:28:38 [ERROR] database timeout
2026-06-17 11:28:39 [WARN] high memory usage
2026-06-17 11:28:40 [ERROR] nil pointer
2026-06-17 11:28:41 [ERROR] nil pointer
2026-06-17 11:28:42 [INFO] user logged in
2026-06-17 11:28:43 [INFO] cache hit
2026-06-17 11:28:44 [ERROR] nil pointer
2026-06-17 11:28:45 [INFO] user logged in
2026-06-17 11:28:46 [INFO] cache hit
2026-06-17 11:28:47 [ERROR] nil pointer
2026-06-17 11:28:48 [WARN] high memory usage
2026-06-17 11:28:49 [WARN] slow query detected
2026-06-17 11:28:50 [INFO] user logged in
2026-06-17 11:28:51 [WARN] slow query detected
2026-06-17 11:28:52 [INFO] health check ok
2026-06-17 11:28:53 [ERROR] nil pointer
2026-06-17 11:28:54 [WARN] retry attempt
2026-06-17 11:28:55 [ERROR] database timeout
2026-06-17 11:28:56 [ERROR] nil pointer
2026-06-17 11:28:57 [INFO] request completed
2026-06-17 11:28:58 [INFO] health check ok
2026-06-17 11:28:59 [ERROR] connection refused
2026-06-17 11:29:00 [ERROR] connection refused
2026-06-17 11:29:01 [ERROR] database timeout
2026-06-17 11:29:02 [WARN] retry attempt
2026-06-17 11:29:03 [WARN] retry attempt
2026-06-17 11:29:04 [ERROR] request failed
2026-06-17 11:29:05 [WARN] retry attempt
2026-06-17 11:29:06 [INFO] cache hit
2026-06-17 11:29:07 [ERROR] connection refused
2026-06-17 11:29:08 [WARN] retry attempt
2026-06-17 11:29:09 [WARN] retry attempt
2026-06-17 11:29:10 [INFO] request completed
2026-06-17 11:29:11 [INFO] request completed
2026-06-17 11:29:12 [WARN] retry attempt
2026-06-17 11:29:13 [WARN] slow query detected
2026-06-17 11:29:14 [ERROR] connection refused
2026-06-17 11:29:15 [INFO] health check ok
2026-06-17 11:29:16 [ERROR] connection refused
2026-06-17 11:29:17 [WARN] retry attempt
2026-06-17 11:29:18 [INFO] user logged in
2026-06-17 11:29:19 [ERROR] nil pointer
2026-06-17 11:29:20 [INFO] health check ok
2026-06-17 11:29:21 [WARN] retry attempt
2026-06-17 11:29:22 [ERROR] connection refused
2026-06-17 11:29:23 [ERROR] connection refused
2026-06-17 11:29:24 [INFO] health check ok
2026-06-17 11:29:25 [INFO] cache hit
2026-06-17 11:29:26 [WARN] retry attempt
2026-06-17 11:29:27 [INFO] request completed
2026-06-17 11:29:28 [ERROR] request failed
2026-06-17 11:29:29 [ERROR] database timeout
2026-06-17 11:29:30 [INFO] health check ok
2026-06-17 11:29:31 [ERROR] request failed
2026-06-17 11:29:32 [ERROR] nil pointer
2026-06-17 11:29:33 [WARN] retry attempt
2026-06-17 11:29:34 [INFO] user logged in
2026-06-17 11:29:35 [ERROR] request failed
2026-06-17 11:29:36 [ERROR] request failed
2026-06-17 11:29:37 [WARN] high memory usage
2026-06-17 11:29:38 [WARN] slow query detected
2026-06-17 11:29:39 [ERROR] connection refused
2026-06-17 11:29:40 [INFO] cache hit
2026-06-17 11:29:41 [INFO] health check ok
2026-06-17 11:29:42 [ERROR] database timeout
2026-06-17 11:29:43 [WARN] high memory usage
2026-06-17 11:29:44 [ERROR] connection refused
2026-06-17 11:29:45 [WARN] slow query detected
2026-06-17 11:29:46 [WARN] high memory usage
2026-06-17 11:29:47 [WARN] retry attempt
2026-06-17 11:29:48 [ERROR] database timeout
2026-06-17 11:29:49 [WARN] slow query detected
2026-06-17 11:29:50 [WARN] retry attempt
2026-06-17 11:29:51 [INFO] health check ok
2026-06-17 11:29:52 [ERROR] connection refused
2026-06-17 11:29:53 [WARN] slow query detected
2026-06-17 11:29:54 [ERROR] nil pointer
2026-06-17 11:29:55 [INFO] user logged in
2026-06-17 11:29:56 [WARN] slow query detected
2026-06-17 11:29:57 [ERROR] database timeout
2026-06-17 11:29:58 [INFO] user logged in
2026-06-17 11:29:59 [WARN] high memory usage
2026-06-17 11:30:00 [WARN] slow query detected
2026-06-17 11:30:01 [INFO] cache hit
2026-06-17 11:30:02 [ERROR] nil pointer
2026-06-17 11:30:03 [INFO] cache hit
2026-06-17 11:30:04 [WARN] slow query detected
2026-06-17 11:30:05 [WARN] slow query detected
2026-06-17 11:30:06 [ERROR] database timeout
2026-06-17 11:30:07 [ERROR] database timeout
2026-06-17 11:30:08 [ERROR] connection refused
2026-06-17 11:30:09 [INFO] health check ok
2026-06-17 11:30:10 [WARN] high memory usage
2026-06-17 11:30:11 [ERROR] request failed
2026-06-17 11:30:12 [INFO] request completed
2026-06-17 11:30:13 [ERROR] nil pointer
2026-06-17 11:30:14 [ERROR] database timeout
2026-06-17 11:30:15 [INFO] health check ok
2026-06-17 11:30:16 [INFO] health check ok
2026-06-17 11:30:17 [INFO] request completed
2026-06-17 11:30:18 [ERROR] database timeout
2026-06-17 11:30:19 [WARN] high memory usage
2026-06-17 11:30:20 [ERROR] connection refused
2026-06-17 11:30:21 [INFO] health check ok
2026-06-17 11:30:22 [INFO] cache hit
2026-06-17 11:30:23 [INFO] health check ok
2026-06-17 11:30:24 [INFO] cache hit
2026-06-17 11:30:25 [WARN] high memory usage
2026-06-17 11:30:26 [WARN] high memory usage
2026-06-17 11:30:27 [ERROR] nil pointer
2026-06-17 11:30:28 [ERROR] nil pointer
2026-06-17 11:30:29 [ERROR] connection refused
2026-06-17 11:30:30 [ERROR] connection refused
2026-06-17 11:30:31 [ERROR] nil pointer
2026-06-17 11:30:32 [WARN] slow query detected
2026-06-17 11:30:33 [WARN] high memory usage
2026-06-17 11:30:34 [INFO] request completed
2026-06-17 11:30:35 [WARN] high memory usage
2026-06-17 11:30:36 [WARN] retry attempt
2026-06-17 11:30:37 [ERROR] nil pointer
2026-06-17 11:30:38 [ERROR] connection refused
2026-06-17 11:30:39 [INFO] cache hit
2026-06-17 11:30:40 [ERROR] connection refused
2026-06-17 11:30:41 [INFO] request completed
2026-06-17 11:30:42 [INFO] cache hit
2026-06-17 11:30:43 [ERROR] connection refused
2026-06-17 11:30:44 [WARN] slow query detected
2026-06-17 11:30:45 [WARN] high memory usage
2026-06-17 11:30:46 [WARN] high memory usage
2026-06-17 11:30:47 [WARN] retry attempt
2026-06-17 11:30:48 [WARN] retry attempt
2026-06-17 11:30:49 [WARN] slow query detected
2026-06-17 11:30:50 [ERROR] database timeout
2026-06-17 11:30:51 [ERROR] request failed
2026-06-17 11:30:52 [INFO] cache hit
2026-06-17 11:30:53 [WARN] retry attempt
2026-06-17 11:30:54 [WARN] slow query detected
2026-06-17 11:30:55 [INFO] cache hit
2026-06-17 11:30:56 [ERROR] request failed
2026-06-17 11:30:57 [ERROR] connection refused
2026-06-17 11:30:58 [WARN] slow query detected
2026-06-17 11:30:59 [ERROR] connection refused
2026-06-17 11:31:00 [INFO] health check ok
2026-06-17 11:31:01 [WARN] slow query detected
2026-06-17 11:31:02 [INFO] health check ok
2026-06-17 11:31:03 [WARN] retry attempt
2026-06-17 11:31:04 [ERROR] request failed
2026-06-17 11:31:05 [INFO] user logged in
2026-06-17 11:31:06 [WARN] high memory usage
2026-06-17 11:31:07 [ERROR] nil pointer
2026-06-17 11:31:08 [ERROR] database timeout
2026-06-17 11:31:09 [ERROR] nil pointer
2026-06-17 11:31:10 [ERROR] connection refused
2026-06-17 11:31:11 [WARN] slow query detected
2026-06-17 11:31:12 [ERROR] database timeout
2026-06-17 11:31:13 [ERROR] nil pointer
2026-06-17 11:31:14 [WARN] retry attempt
2026-06-17 11:31:15 [WARN] slow query detected
2026-06-17 11:31:16 [WARN] retry attempt
2026-06-17 11:31:17 [ERROR] connection refused
2026-06-17 11:31:18 [INFO] cache hit
2026-06-17 11:31:19 [WARN] retry attempt
2026-06-17 11:31:20 [WARN] slow query detected
2026-06-17 11:31:21 [WARN] high memory usage
2026-06-17 11:31:22 [WARN] retry attempt
2026-06-17 11:31:23 [INFO] user logged in
2026-06-17 11:31:24 [WARN] slow query detected
2026-06-17 11:31:25 [ERROR] request failed
2026-06-17 11:31:26 [ERROR] connection refused
2026-06-17 11:31:27 [ERROR] request failed
2026-06-17 11:31:28 [INFO] user logged in
2026-06-17 11:31:29 [INFO] request completed
2026-06-17 11:31:30 [WARN] retry attempt
2026-06-17 11:31:31 [WARN] high memory usage
2026-06-17 11:31:32 [INFO] request completed
2026-06-17 11:31:33 [INFO] user logged in
2026-06-17 11:31:34 [WARN] high memory usage
2026-06-17 11:31:35 [INFO] request completed
2026-06-17 11:31:36 [INFO] health check ok
2026-06-17 11:31:37 [WARN] slow query detected
2026-06-17 11:31:38 [ERROR] request failed
2026-06-17 11:31:39 [ERROR] connection refused
2026-06-17 11:31:40 [WARN] high memory usage
2026-06-17 11:31:41 [ERROR] request failed
2026-06-17 11:31:42 [ERROR] connection refused
2026-06-17 11:31:43 [INFO] request completed
2026-06-17 11:31:44 [ERROR] nil pointer
2026-06-17 11:31:45 [INFO] request completed
2026-06-17 11:31:46 [WARN] high memory usage
2026-06-17 11:31:47 [WARN] slow query detected
2026-06-17 11:31:48 [WARN] retry attempt
2026-06-17 11:31:49 [INFO] user logged in
2026-06-17 11:31:50 [ERROR] connection refused
2026-06-17 11:31:51 [INFO] cache hit
2026-06-17 11:31:52 [WARN] high memory usage
2026-06-17 11:31:53 [INFO] cache hit
2026-06-17 11:31:54 [ERROR] nil pointer
2026-06-17 11:31:55 [WARN] high memory usage
2026-06-17 11:31:56 [ERROR] request failed
2026-06-17 11:31:57 [WARN] slow query detected
2026-06-17 11:31:58 [WARN] slow query detected
2026-06-17 11:31:59 [ERROR] database timeout
2026-06-17 11:32:00 [WARN] retry attempt
2026-06-17 11:32:01 [INFO] user logged in
2026-06-17 11:32:02 [WARN] slow query detected
2026-06-17 11:32:03 [ERROR] connection refused
2026-06-17 11:32:04 [INFO] request completed
2026-06-17 11:32:05 [INFO] health check ok
2026-06-17 11:32:06 [INFO] user logged in
2026-06-17 11:32:07 [INFO] request completed
2026-06-17 11:32:08 [ERROR] request failed
2026-06-17 11:32:09 [INFO] request completed
2026-06-17 11:32:10 [INFO] request completed
2026-06-17 11:32:11 [INFO] health check ok
2026-06-17 11:32:12 [WARN] slow query detected
2026-06-17 11:32:13 [INFO] user logged in
2026-06-17 11:32:14 [ERROR] database timeout
2026-06-17 11:32:15 [ERROR] database timeout
2026-06-17 11:32:16 [ERROR] request failed
2026-06-17 11:32:17 [WARN] high memory usage
2026-06-17 11:32:18 [INFO] request completed
2026-06-17 11:32:19 [ERROR] database timeout
2026-06-17 11:32:20 [INFO] cache hit
2026-06-17 11:32:21 [ERROR] request failed
2026-06-17 11:32:22 [INFO] health check ok
2026-06-17 11:32:23 [INFO] user logged in
2026-06-17 11:32:24 [WARN] slow query detected
2026-06-17 11:32:25 [INFO] user logged in
2026-06-17 11:32:26 [INFO] cache hit
2026-06-17 11:32:27 [INFO] cache hit
2026-06-17 11:32:28 [WARN] slow query detected
2026-06-17 11:32:29 [INFO] health check ok
2026-06-17 11:32:30 [INFO] health check ok
2026-06-17 11:32:31 [WARN] slow query detected
2026-06-17 11:32:32 [WARN] slow query detected
2026-06-17 11:32:33 [INFO] request completed
2026-06-17 11:32:34 [INFO] request completed
2026-06-17 11:32:35 [ERROR] nil pointer
2026-06-17 11:32:36 [ERROR] database timeout
2026-06-17 11:32:37 [ERROR] nil pointer
2026-06-17 11:32:38 [WARN] retry attempt
2026-06-17 11:32:39 [ERROR] connection refused
2026-06-17 11:32:40 [ERROR] connection refused
2026-06-17 11:32:41 [ERROR] nil pointer
2026-06-17 11:32:42 [ERROR] connection refused
2026-06-17 11:32:43 [ERROR] database timeout
2026-06-17 11:32:44 [ERROR] request failed
2026-06-17 11:32:45 [ERROR] database timeout
2026-06-17 11:32:46 [WARN] high memory usage
2026-06-17 11:32:47 [WARN] retry attempt
2026-06-17 11:32:48 [INFO] health check ok
2026-06-17 11:32:49 [WARN] slow query detected
2026-06-17 11:32:50 [ERROR] connection refused
2026-06-17 11:32:51 [WARN] slow query detected
2026-06-17 11:32:52 [WARN] high memory usage
2026-06-17 11:32:53 [WARN] high memory usage
2026-06-17 11:32:54 [INFO] cache hit
2026-06-17 11:32:55 [INFO] request completed
2026-06-17 11:32:56 [WARN] high memory usage
2026-06-17 11:32:57 [INFO] request completed
2026-06-17 11:32:58 [INFO] request completed
2026-06-17 11:32:59 [WARN] high memory usage
2026-06-17 11:33:00 [ERROR] connection refused
2026-06-17 11:33:01 [WARN] slow query detected
2026-06-17 11:33:02 [INFO] request completed
2026-06-17 11:33:03 [INFO] request completed
2026-06-17 11:33:04 [INFO] user logged in
2026-06-17 11:33:05 [WARN] slow query detected
2026-06-17 11:33:06 [INFO] health check ok
2026-06-17 11:33:07 [INFO] health check ok
2026-06-17 11:33:08 [WARN] slow query detected
2026-06-17 11:33:09 [ERROR] database timeout
2026-06-17 11:33:10 [WARN] retry attempt
2026-06-17 11:33:11 [ERROR] request failed
2026-06-17 11:33:12 [WARN] retry attempt
2026-06-17 11:33:13 [INFO] request completed
2026-06-17 11:33:14 [ERROR] connection refused
2026-06-17 11:33:15 [WARN] retry attempt
2026-06-17 11:33:16 [WARN] retry attempt
2026-06-17 11:33:17 [WARN] high memory usage
2026-06-17 11:33:18 [WARN] retry attempt
2026-06-17 11:33:19 [ERROR] nil pointer
2026-06-17 11:33:20 [INFO] request completed
2026-06-17 11:33:21 [ERROR] nil pointer
2026-06-17 11:33:22 [ERROR] connection refused
2026-06-17 11:33:23 [INFO] cache hit
2026-06-17 11:33:24 [INFO] cache hit
2026-06-17 11:33:25 [WARN] high memory usage
2026-06-17 11:33:26 [ERROR] request failed
2026-06-17 11:33:27 [ERROR] connection refused
2026-06-17 11:33:28 [INFO] request completed
2026-06-17 11:33:29 [INFO] request completed
2026-06-17 11:33:30 [INFO] cache hit
2026-06-17 11:33:31 [ERROR] request failed
2026-06-17 11:33:32 [WARN] high memory usage
2026-06-17 11:33:33 [WARN] retry attempt
2026-06-17 11:33:34 [WARN] high memory usage
2026-06-17 11:33:35 [INFO] cache hit
2026-06-17 11:33:36 [WARN] slow query detected
2026-06-17 11:33:37 [ERROR] nil pointer
2026-06-17 11:33:38 [ERROR] request failed
2026-06-17 11:33:39 [WARN] slow query detected
2026-06-17 11:33:40 [WARN] high memory usage
2026-06-17 11:33:41 [INFO] health check ok
2026-06-17 11:33:42 [INFO] cache hit
2026-06-17 11:33:43 [ERROR] database timeout
2026-06-17 11:33:44 [ERROR] request failed
2026-06-17 11:33:45 [INFO] health check ok
2026-06-17 11:33:46 [WARN] high memory usage
2026-06-17 11:33:47 [ERROR] connection refused
2026-06-17 11:33:48 [ERROR] connection refused
2026-06-17 11:33:49 [WARN] slow query detected
2026-06-17 11:33:50 [WARN] retry attempt
2026-06-17 11:33:51 [WARN] slow query detected
2026-06-17 11:33:52 [ERROR] database timeout
2026-06-17 11:33:53 [ERROR] request failed
2026-06-17 11:33:54 [WARN] high memory usage
2026-06-17 11:33:55 [ERROR] nil pointer
2026-06-17 11:33:56 [INFO] cache hit
2026-06-17 11:33:57 [INFO] request completed
2026-06-17 11:33:58 [INFO] user logged in
2026-06-17 11:33:59 [WARN] slow query detected
2026-06-17 11:34:00 [ERROR] connection refused
2026-06-17 11:34:01 [ERROR] database timeout
2026-06-17 11:34:02 [WARN] retry attempt
2026-06-17 11:34:03 [ERROR] connection refused
2026-06-17 11:34:04 [INFO] user logged in
2026-06-17 11:34:05 [INFO] cache hit
2026-06-17 11:34:06 [ERROR] database timeout
2026-06-17 11:34:07 [INFO] request completed
2026-06-17 11:34:08 [INFO] health check ok
2026-06-17 11:34:09 [ERROR] nil pointer
2026-06-17 11:34:10 [WARN] retry attempt
2026-06-17 11:34:11 [WARN] slow query detected
2026-06-17 11:34:12 [ERROR] nil pointer
2026-06-17 11:34:13 [ERROR] database timeout
2026-06-17 11:34:14 [INFO] user logged in
2026-06-17 11:34:15 [INFO] health check ok
2026-06-17 11:34:16 [WARN] slow query detected
2026-06-17 11:34:17 [WARN] slow query detected
2026-06-17 11:34:18 [ERROR] database timeout
2026-06-17 11:34:19 [ERROR] connection refused
2026-06-17 11:34:20 [ERROR] connection refused
2026-06-17 11:34:21 [ERROR] connection refused
2026-06-17 11:34:22 [WARN] high memory usage
2026-06-17 11:34:23 [INFO] cache hit
2026-06-17 11:34:24 [INFO] health check ok
2026-06-17 11:34:25 [INFO] request completed
2026-06-17 11:34:26 [WARN] high memory usage
2026-06-17 11:34:27 [INFO] health check ok
2026-06-17 11:34:28 [INFO] user logged in
2026-06-17 11:34:29 [INFO] user logged in
2026-06-17 11:34:30 [WARN] high memory usage
2026-06-17 11:34:31 [WARN] slow query detected
2026-06-17 11:34:32 [ERROR] request failed
2026-06-17 11:34:33 [WARN] slow query detected
2026-06-17 11:34:34 [ERROR] database timeout
2026-06-17 11:34:35 [WARN] slow query detected
2026-06-17 11:34:36 [ERROR] request failed
2026-06-17 11:34:37 [WARN] slow query detected
2026-06-17 11:34:38 [ERROR] database timeout
2026-06-17 11:34:39 [WARN] high memory usage
2026-06-17 11:34:40 [WARN] slow query detected
2026-06-17 11:34:41 [INFO] cache hit
2026-06-17 11:34:42 [INFO] health check ok
2026-06-17 11:34:43 [ERROR] nil pointer
2026-06-17 11:34:44 [ERROR] connection refused
2026-06-17 11:34:45 [INFO] request completed
2026-06-17 11:34:46 [WARN] slow query detected
2026-06-17 11:34:47 [INFO] health check ok
2026-06-17 11:34:48 [INFO] user logged in
2026-06-17 11:34:49 [INFO] request completed
2026-06-17 11:34:50 [ERROR] connection refused
2026-06-17 11:34:51 [ERROR] connection refused
2026-06-17 11:34:52 [INFO] health check ok
2026-06-17 11:34:53 [INFO] request completed
2026-06-17 11:34:54 [INFO] user logged in
2026-06-17 11:34:55 [ERROR] connection refused
2026-06-17 11:34:56 [INFO] health check ok
2026-06-17 11:34:57 [ERROR] request failed
2026-06-17 11:34:58 [WARN] slow query detected
2026-06-17 11:34:59 [WARN] high memory usage
2026-06-17 11:35:00 [ERROR] request failed
2026-06-17 11:35:01 [WARN] high memory usage
2026-06-17 11:35:02 [ERROR] database timeout
2026-06-17 11:35:03 [WARN] retry attempt
2026-06-17 11:35:04 [ERROR] database timeout
2026-06-17 11:35:05 [ERROR] request failed
2026-06-17 11:35:06 [INFO] health check ok
2026-06-17 11:35:07 [INFO] cache hit
2026-06-17 11:35:08 [WARN] slow query detected
2026-06-17 11:35:09 [INFO] health check ok
2026-06-17 11:35:10 [WARN] retry attempt
2026-06-17 11:35:11 [INFO] user logged in
2026-06-17 11:35:12 [ERROR] nil pointer
2026-06-17 11:35:13 [ERROR] connection refused
2026-06-17 11:35:14 [INFO] request completed
2026-06-17 11:35:15 [ERROR] request failed
2026-06-17 11:35:16 [INFO] health check ok
2026-06-17 11:35:17 [ERROR] connection refused
2026-06-17 11:35:18 [INFO] request completed
2026-06-17 11:35:19 [WARN] high memory usage
2026-06-17 11:35:20 [ERROR] request failed
2026-06-17 11:35:21 [INFO] user logged in
2026-06-17 11:35:22 [INFO] health check ok
2026-06-17 11:35:23 [WARN] retry attempt
2026-06-17 11:35:24 [INFO] user logged in
2026-06-17 11:35:25 [INFO] request completed
2026-06-17 11:35:26 [ERROR] database timeout
2026-06-17 11:35:27 [INFO] cache hit
2026-06-17 11:35:28 [ERROR] request failed
2026-06-17 11:35:29 [ERROR] connection refused
2026-06-17 11:35:30 [ERROR] connection refused
2026-06-17 11:35:31 [ERROR] request failed
2026-06-17 11:35:32 [INFO] request completed
2026-06-17 11:35:33 [WARN] slow query detected
2026-06-17 11:35:34 [WARN] retry attempt
2026-06-17 11:35:35 [INFO] cache hit
2026-06-17 11:35:36 [WARN] high memory usage
2026-06-17 11:35:37 [ERROR] connection refused
2026-06-17 11:35:38 [INFO] request completed
2026-06-17 11:35:39 [ERROR] database timeout
2026-06-17 11:35:40 [ERROR] nil pointer
2026-06-17 11:35:41 [INFO] user logged in
2026-06-17 11:35:42 [INFO] cache hit
2026-06-17 11:35:43 [INFO] health check ok
2026-06-17 11:35:44 [ERROR] connection refused
2026-06-17 11:35:45 [WARN] retry attempt
2026-06-17 11:35:46 [ERROR] database timeout
2026-06-17 11:35:47 [WARN] slow query detected
2026-06-17 11:35:48 [ERROR] connection refused
2026-06-17 11:35:49 [WARN] retry attempt
2026-06-17 11:35:50 [WARN] retry attempt
2026-06-17 11:35:51 [INFO] health check ok
2026-06-17 11:35:52 [WARN] retry attempt
2026-06-17 11:35:53 [WARN] retry attempt
2026-06-17 11:35:54 [INFO] user logged in
2026-06-17 11:35:55 [INFO] cache hit
2026-06-17 11:35:56 [INFO] cache hit
2026-06-17 11:35:57 [ERROR] request failed
2026-06-17 11:35:58 [ERROR] request failed
2026-06-17 11:35:59 [ERROR] nil pointer
2026-06-17 11:36:00 [INFO] user logged in
2026-06-17 11:36:01 [WARN] retry attempt
2026-06-17 11:36:02 [INFO] health check ok
2026-06-17 11:36:03 [INFO] health check ok
2026-06-17 11:36:04 [INFO] health check ok
2026-06-17 11:36:05 [ERROR] connection refused
2026-06-17 11:36:06 [ERROR] database timeout
2026-06-17 11:36:07 [ERROR] request failed
2026-06-17 11:36:08 [ERROR] connection refused
2026-06-17 11:36:09 [WARN] retry attempt
2026-06-17 11:36:10 [INFO] cache hit
2026-06-17 11:36:11 [INFO] health check ok
2026-06-17 11:36:12 [WARN] high memory usage
2026-06-17 11:36:13 [ERROR] database timeout
2026-06-17 11:36:14 [WARN] slow query detected
2026-06-17 11:36:15 [ERROR] request failed
2026-06-17 11:36:16 [INFO] cache hit
2026-06-17 11:36:17 [INFO] cache hit
2026-06-17 11:36:18 [WARN] retry attempt
2026-06-17 11:36:19 [ERROR] connection refused
2026-06-17 11:36:20 [ERROR] database timeout
2026-06-17 11:36:21 [WARN] high memory usage
2026-06-17 11:36:22 [INFO] cache hit
2026-06-17 11:36:23 [WARN] retry attempt
2026-06-17 11:36:24 [ERROR] connection refused
2026-06-17 11:36:25 [INFO] request completed
2026-06-17 11:36:26 [INFO] request completed
2026-06-17 11:36:27 [ERROR] request failed
2026-06-17 11:36:28 [INFO] health check ok
2026-06-17 11:36:29 [ERROR] database timeout
2026-06-17 11:36:30 [WARN] slow query detected
2026-06-17 11:36:31 [INFO] request completed
2026-06-17 11:36:32 [ERROR] database timeout
2026-06-17 11:36:33 [ERROR] connection refused
2026-06-17 11:36:34 [WARN] high memory usage
2026-06-17 11:36:35 [INFO] user logged in
2026-06-17 11:36:36 [INFO] user logged in
2026-06-17 11:36:37 [INFO] health check ok
2026-06-17 11:36:38 [INFO] user logged in
2026-06-17 11:36:39 [ERROR] database timeout
2026-06-17 11:36:40 [INFO] cache hit
2026-06-17 11:36:41 [INFO] request completed
2026-06-17 11:36:42 [ERROR] nil pointer
2026-06-17 11:36:43 [INFO] user logged in
2026-06-17 11:36:44 [INFO] cache hit
2026-06-17 11:36:45 [ERROR] connection refused
2026-06-17 11:36:46 [INFO] request completed
2026-06-17 11:36:47 [INFO] user logged in
2026-06-17 11:36:48 [WARN] slow query detected
2026-06-17 11:36:49 [WARN] high memory usage
2026-06-17 11:36:50 [INFO] health check ok
2026-06-17 11:36:51 [INFO] user logged in
2026-06-17 11:36:52 [WARN] slow query detected
2026-06-17 11:36:53 [WARN] retry attempt
2026-06-17 11:36:54 [WARN] retry attempt
2026-06-17 11:36:55 [WARN] retry attempt
2026-06-17 11:36:56 [ERROR] database timeout
2026-06-17 11:36:57 [WARN] high memory usage
2026-06-17 11:36:58 [WARN] slow query detected
2026-06-17 11:36:59 [INFO] health check ok
2026-06-17 11:37:00 [ERROR] database timeout
2026-06-17 11:37:01 [WARN] high memory usage
2026-06-17 11:37:02 [INFO] user logged in
2026-06-17 11:37:03 [ERROR] connection refused
2026-06-17 11:37:04 [INFO] request completed
2026-06-17 11:37:05 [ERROR] request failed
2026-06-17 11:37:06 [WARN] high memory usage
2026-06-17 11:37:07 [INFO] health check ok
2026-06-17 11:37:08 [WARN] retry attempt
2026-06-17 11:37:09 [WARN] retry attempt
2026-06-17 11:37:10 [WARN] high memory usage
2026-06-17 11:37:11 [INFO] request completed
2026-06-17 11:37:12 [WARN] retry attempt
2026-06-17 11:37:13 [ERROR] nil pointer
2026-06-17 11:37:14 [INFO] cache hit
2026-06-17 11:37:15 [INFO] user logged in
2026-06-17 11:37:16 [WARN] high memory usage
2026-06-17 11:37:17 [ERROR] request failed
2026-06-17 11:37:18 [INFO] cache hit
2026-06-17 11:37:19 [INFO] health check ok
2026-06-17 11:37:20 [WARN] slow query detected
2026-06-17 11:37:21 [WARN] high memory usage
2026-06-17 11:37:22 [ERROR] database timeout
2026-06-17 11:37:23 [INFO] user logged in
2026-06-17 11:37:24 [INFO] health check ok
2026-06-17 11:37:25 [ERROR] database timeout
2026-06-17 11:37:26 [ERROR] connection refused
2026-06-17 11:37:27 [ERROR] connection refused
2026-06-17 11:37:28 [ERROR] request failed
2026-06-17 11:37:29 [ERROR] database timeout
2026-06-17 11:37:30 [ERROR] database timeout
2026-06-17 11:37:31 [ERROR] request failed
2026-06-17 11:37:32 [INFO] health check ok
2026-06-17 11:37:33 [WARN] slow query detected
2026-06-17 11:37:34 [ERROR] request failed
2026-06-17 11:37:35 [WARN] slow query detected
2026-06-17 11:37:36 [WARN] high memory usage
2026-06-17 11:37:37 [WARN] slow query detected
2026-06-17 11:37:38 [ERROR] nil pointer
2026-06-17 11:37:39 [ERROR] connection refused
2026-06-17 11:37:40 [WARN] retry attempt
2026-06-17 11:37:41 [INFO] request completed
2026-06-17 11:37:42 [WARN] slow query detected
2026-06-17 11:37:43 [INFO] request completed
2026-06-17 11:37:44 [WARN] retry attempt
2026-06-17 11:37:45 [WARN] slow query detected
2026-06-17 11:37:46 [WARN] slow query detected
2026-06-17 11:37:47 [ERROR] database timeout
2026-06-17 11:37:48 [INFO] health check ok
2026-06-17 11:37:49 [WARN] slow query detected
2026-06-17 11:37:50 [INFO] health check ok
2026-06-17 11:37:51 [WARN] high memory usage
2026-06-17 11:37:52 [WARN] high memory usage
2026-06-17 11:37:53 [ERROR] database timeout
2026-06-17 11:37:54 [ERROR] request failed
2026-06-17 11:37:55 [ERROR] request failed
2026-06-17 11:37:56 [ERROR] nil pointer
2026-06-17 11:37:57 [ERROR] request failed
2026-06-17 11:37:58 [ERROR] connection refused
2026-06-17 11:37:59 [ERROR] connection refused
2026-06-17 11:38:00 [WARN] retry attempt
2026-06-17 11:38:01 [INFO] cache hit
2026-06-17 11:38:02 [WARN] high memory usage
2026-06-17 11:38:03 [WARN] retry attempt
2026-06-17 11:38:04 [INFO] health check ok
2026-06-17 11:38:05 [ERROR] request failed
2026-06-17 11:38:06 [WARN] slow query detected
2026-06-17 11:38:07 [WARN] high memory usage
2026-06-17 11:38:08 [INFO] request completed
2026-06-17 11:38:09 [INFO] user logged in
2026-06-17 11:38:10 [ERROR] request failed
2026-06-17 11:38:11 [ERROR] database timeout
2026-06-17 11:38:12 [INFO] user logged in
2026-06-17 11:38:13 [WARN] retry attempt
2026-06-17 11:38:14 [INFO] user logged in
2026-06-17 11:38:15 [WARN] slow query detected
2026-06-17 11:38:16 [ERROR] connection refused
2026-06-17 11:38:17 [WARN] slow query detected
2026-06-17 11:38:18 [WARN] retry attempt
2026-06-17 11:38:19 [INFO] request completed
2026-06-17 11:38:20 [WARN] high memory usage
2026-06-17 11:38:21 [ERROR] connection refused
2026-06-17 11:38:22 [WARN] retry attempt
2026-06-17 11:38:23 [WARN] high memory usage
2026-06-17 11:38:24 [ERROR] request failed
2026-06-17 11:38:25 [WARN] high memory usage
2026-06-17 11:38:26 [WARN] retry attempt
2026-06-17 11:38:27 [ERROR] database timeout
2026-06-17 11:38:28 [WARN] high memory usage
2026-06-17 11:38:29 [INFO] health check ok
2026-06-17 11:38:30 [WARN] high memory usage
2026-06-17 11:38:31 [ERROR] database timeout
2026-06-17 11:38:32 [WARN] high memory usage
2026-06-17 11:38:33 [WARN] retry attempt
2026-06-17 11:38:34 [INFO] health check ok
2026-06-17 11:38:35 [ERROR] database timeout
2026-06-17 11:38:36 [WARN] slow query detected
2026-06-17 11:38:37 [ERROR] request failed
2026-06-17 11:38:38 [WARN] retry attempt
2026-06-17 11:38:39 [ERROR] database timeout
2026-06-17 11:38:40 [ERROR] nil pointer
2026-06-17 11:38:41 [ERROR] database timeout
2026-06-17 11:38:42 [ERROR] connection refused
2026-06-17 11:38:43 [INFO] user logged in
2026-06-17 11:38:44 [WARN] slow query detected
2026-06-17 11:38:45 [WARN] retry attempt
2026-06-17 11:38:46 [ERROR] connection refused
2026-06-17 11:38:47 [WARN] high memory usage
2026-06-17 11:38:48 [WARN] slow query detected
2026-06-17 11:38:49 [WARN] high memory usage
2026-06-17 11:38:50 [INFO] user logged in
2026-06-17 11:38:51 [WARN] slow query detected
2026-06-17 11:38:52 [WARN] high memory usage
2026-06-17 11:38:53 [INFO] health check ok
2026-06-17 11:38:54 [ERROR] connection refused
2026-06-17 11:38:55 [WARN] high memory usage
2026-06-17 11:38:56 [INFO] cache hit
2026-06-17 11:38:57 [WARN] retry attempt
2026-06-17 11:38:58 [INFO] cache hit
2026-06-17 11:38:59 [WARN] retry attempt
2026-06-17 11:39:00 [WARN] high memory usage
2026-06-17 11:39:01 [INFO] health check ok
2026-06-17 11:39:02 [INFO] health check ok
2026-06-17 11:39:03 [INFO] request completed
2026-06-17 11:39:04 [INFO] request completed
2026-06-17 11:39:05 [ERROR] database timeout
2026-06-17 11:39:06 [ERROR] database timeout
2026-06-17 11:39:07 [WARN] high memory usage
2026-06-17 11:39:08 [ERROR] database timeout
2026-06-17 11:39:09 [INFO] health check ok
2026-06-17 11:39:10 [INFO] cache hit
2026-06-17 11:39:11 [INFO] request completed
2026-06-17 11:39:12 [ERROR] nil pointer
2026-06-17 11:39:13 [ERROR] connection refused
2026-06-17 11:39:14 [INFO] request completed
2026-06-17 11:39:15 [ERROR] connection refused
2026-06-17 11:39:16 [WARN] slow query detected
2026-06-17 11:39:17 [INFO] request completed
2026-06-17 11:39:18 [WARN] slow query detected
2026-06-17 11:39:19 [ERROR] nil pointer
2026-06-17 11:39:20 [INFO] cache hit
2026-06-17 11:39:21 [WARN] slow query detected
2026-06-17 11:39:22 [ERROR] database timeout
2026-06-17 11:39:23 [WARN] retry attempt
2026-06-17 11:39:24 [WARN] high memory usage
2026-06-17 11:39:25 [WARN] slow query detected
2026-06-17 11:39:26 [WARN] retry attempt
2026-06-17 11:39:27 [WARN] high memory usage
2026-06-17 11:39:28 [ERROR] database timeout
2026-06-17 11:39:29 [INFO] user logged in
2026-06-17 11:39:30 [INFO] cache hit
2026-06-17 11:39:31 [INFO] request completed
2026-06-17 11:39:32 [INFO] cache hit
2026-06-17 11:39:33 [WARN] retry attempt
2026-06-17 11:39:34 [INFO] cache hit
2026-06-17 11:39:35 [WARN] slow query detected
2026-06-17 11:39:36 [WARN] retry attempt
2026-06-17 11:39:37 [INFO] health check ok
2026-06-17 11:39:38 [INFO] cache hit
2026-06-17 11:39:39 [WARN] high memory usage
2026-06-17 11:39:40 [WARN] high memory usage
2026-06-17 11:39:41 [ERROR] connection refused
2026-06-17 11:39:42 [ERROR] request failed
2026-06-17 11:39:43 [INFO] user logged in
2026-06-17 11:39:44 [INFO] user logged in
2026-06-17 11:39:45 [INFO] health check ok
2026-06-17 11:39:46 [ERROR] database timeout
2026-06-17 11:39:47 [INFO] request completed
2026-06-17 11:39:48 [WARN] slow query detected
2026-06-17 11:39:49 [INFO] user logged in
2026-06-17 11:39:50 [WARN] slow query detected
2026-06-17 11:39:51 [ERROR] nil pointer
2026-06-17 11:39:52 [WARN] retry attempt
2026-06-17 11:39:53 [WARN] high memory usage
2026-06-17 11:39:54 [ERROR] connection refused
2026-06-17 11:39:55 [WARN] slow query detected
2026-06-17 11:39:56 [INFO] request completed
2026-06-17 11:39:57 [ERROR] connection refused
2026-06-17 11:39:58 [INFO] cache hit
2026-06-17 11:39:59 [WARN] retry attempt
2026-06-17 11:40:00 [ERROR] connection refused
2026-06-17 11:40:01 [WARN] high memory usage
2026-06-17 11:40:02 [INFO] request completed
2026-06-17 11:40:03 [WARN] high memory usage
2026-06-17 11:40:04 [INFO] user logged in
2026-06-17 11:40:05 [WARN] retry attempt
2026-06-17 11:40:06 [INFO] user logged in
2026-06-17 11:40:07 [INFO] request completed
2026-06-17 11:40:08 [ERROR] database timeout
2026-06-17 11:40:09 [ERROR] database timeout
2026-06-17 11:40:10 [WARN] slow query detected
2026-06-17 11:40:11 [WARN] retry attempt
2026-06-17 11:40:12 [INFO] health check ok
2026-06-17 11:40:13 [WARN] retry attempt
2026-06-17 11:40:14 [INFO] request completed
2026-06-17 11:40:15 [ERROR] nil pointer
2026-06-17 11:40:16 [INFO] user logged in
2026-06-17 11:40:17 [WARN] high memory usage
2026-06-17 11:40:18 [INFO] request completed
2026-06-17 11:40:19 [INFO] health check ok
2026-06-17 11:40:20 [WARN] slow query detected
2026-06-17 11:40:21 [ERROR] connection refused
2026-06-17 11:40:22 [WARN] high memory usage
2026-06-17 11:40:23 [WARN] high memory usage
2026-06-17 11:40:24 [INFO] request completed
2026-06-17 11:40:25 [WARN] retry attempt
2026-06-17 11:40:26 [ERROR] database timeout
2026-06-17 11:40:27 [INFO] health check ok
2026-06-17 11:40:28 [WARN] retry attempt
2026-06-17 11:40:29 [WARN] slow query detected
2026-06-17 11:40:30 [WARN] high memory usage
2026-06-17 11:40:31 [INFO] user logged in
2026-06-17 11:40:32 [INFO] health check ok
2026-06-17 11:40:33 [INFO] health check ok
2026-06-17 11:40:34 [INFO] request completed
2026-06-17 11:40:35 [ERROR] nil pointer
2026-06-17 11:40:36 [INFO] user logged in
2026-06-17 11:40:37 [WARN] retry attempt
2026-06-17 11:40:38 [INFO] user logged in
2026-06-17 11:40:39 [INFO] user logged in
2026-06-17 11:40:40 [INFO] user logged in
2026-06-17 11:40:41 [ERROR] nil pointer
2026-06-17 11:40:42 [INFO] cache hit
2026-06-17 11:40:43 [ERROR] connection refused
2026-06-17 11:40:44 [INFO] user logged in
2026-06-17 11:40:45 [WARN] high memory usage
2026-06-17 11:40:46 [INFO] request completed
2026-06-17 11:40:47 [WARN] retry attempt
2026-06-17 11:40:48 [INFO] user logged in
2026-06-17 11:40:49 [ERROR] request failed
2026-06-17 11:40:50 [INFO] request completed
2026-06-17 11:40:51 [INFO] request completed
2026-06-17 11:40:52 [WARN] retry attempt
2026-06-17 11:40:53 [ERROR] database timeout
2026-06-17 11:40:54 [INFO] health check ok
2026-06-17 11:40:55 [WARN] high memory usage
2026-06-17 11:40:56 [INFO] request completed
2026-06-17 11:40:57 [INFO] health check ok
2026-06-17 11:40:58 [INFO] health check ok
2026-06-17 11:40:59 [INFO] user logged in
2026-06-17 11:41:00 [WARN] retry attempt
2026-06-17 11:41:01 [INFO] user logged in
2026-06-17 11:41:02 [WARN] retry attempt
2026-06-17 11:41:03 [WARN] high memory usage
2026-06-17 11:41:04 [WARN] high memory usage
2026-06-17 11:41:05 [INFO] cache hit
2026-06-17 11:41:06 [WARN] high memory usage
2026-06-17 11:41:07 [INFO] request completed
2026-06-17 11:41:08 [ERROR] nil pointer
2026-06-17 11:41:09 [INFO] health check ok
2026-06-17 11:41:10 [INFO] request completed
2026-06-17 11:41:11 [INFO] cache hit
2026-06-17 11:41:12 [INFO] cache hit
2026-06-17 11:41:13 [ERROR] connection refused
2026-06-17 11:41:14 [INFO] health check ok
2026-06-17 11:41:15 [WARN] retry attempt
2026-06-17 11:41:16 [INFO] cache hit
2026-06-17 11:41:17 [INFO] user logged in
2026-06-17 11:41:18 [ERROR] nil pointer
2026-06-17 11:41:19 [ERROR] database timeout
2026-06-17 11:41:20 [ERROR] request failed
2026-06-17 11:41:21 [ERROR] request failed
2026-06-17 11:41:22 [WARN] high memory usage
2026-06-17 11:41:23 [ERROR] nil pointer
2026-06-17 11:41:24 [WARN] retry attempt
2026-06-17 11:41:25 [WARN] high memory usage
2026-06-17 11:41:26 [INFO] user logged in
2026-06-17 11:41:27 [ERROR] nil pointer
2026-06-17 11:41:28 [INFO] health check ok
2026-06-17 11:41:29 [WARN] slow query detected
2026-06-17 11:41:30 [INFO] user logged in
2026-06-17 11:41:31 [ERROR] connection refused
2026-06-17 11:41:32 [ERROR] database timeout
2026-06-17 11:41:33 [WARN] retry attempt
2026-06-17 11:41:34 [ERROR] request failed
2026-06-17 11:41:35 [ERROR] request failed
2026-06-17 11:41:36 [ERROR] request failed
2026-06-17 11:41:37 [INFO] cache hit
2026-06-17 11:41:38 [ERROR] database timeout
2026-06-17 11:41:39 [WARN] high memory usage
2026-06-17 11:41:40 [INFO] request completed
2026-06-17 11:41:41 [INFO] health check ok
2026-06-17 11:41:42 [WARN] high memory usage
2026-06-17 11:41:43 [WARN] retry attempt
2026-06-17 11:41:44 [ERROR] connection refused
2026-06-17 11:41:45 [ERROR] request failed
2026-06-17 11:41:46 [WARN] retry attempt
2026-06-17 11:41:47 [WARN] high memory usage
2026-06-17 11:41:48 [ERROR] request failed
2026-06-17 11:41:49 [ERROR] request failed
2026-06-17 11:41:50 [ERROR] database timeout
2026-06-17 11:41:51 [INFO] cache hit
2026-06-17 11:41:52 [INFO] user logged in
2026-06-17 11:41:53 [WARN] high memory usage
2026-06-17 11:41:54 [ERROR] database timeout
2026-06-17 11:41:55 [INFO] request completed
2026-06-17 11:41:56 [INFO] health check ok
2026-06-17 11:41:57 [WARN] slow query detected
2026-06-17 11:41:58 [INFO] user logged in
2026-06-17 11:41:59 [WARN] slow query detected
2026-06-17 11:42:00 [ERROR] connection refused
2026-06-17 11:42:01 [INFO] cache hit
2026-06-17 11:42:02 [ERROR] nil pointer
2026-06-17 11:42:03 [INFO] health check ok
2026-06-17 11:42:04 [ERROR] nil pointer
2026-06-17 11:42:05 [ERROR] request failed
2026-06-17 11:42:06 [ERROR] request failed
2026-06-17 11:42:07 [WARN] slow query detected
2026-06-17 11:42:08 [INFO] cache hit
2026-06-17 11:42:09 [ERROR] nil pointer
2026-06-17 11:42:10 [INFO] cache hit
2026-06-17 11:42:11 [ERROR] request failed
2026-06-17 11:42:12 [INFO] user logged in
2026-06-17 11:42:13 [ERROR] nil pointer
2026-06-17 11:42:14 [WARN] retry attempt
2026-06-17 11:42:15 [INFO] request completed
2026-06-17 11:42:16 [ERROR] request failed
2026-06-17 11:42:17 [WARN] high memory usage
2026-06-17 11:42:18 [ERROR] database timeout
2026-06-17 11:42:19 [INFO] health check ok
2026-06-17 11:42:20 [ERROR] request failed
2026-06-17 11:42:21 [INFO] request completed
2026-06-17 11:42:22 [WARN] slow query detected
2026-06-17 11:42:23 [ERROR] database timeout
2026-06-17 11:42:24 [ERROR] database timeout
2026-06-17 11:42:25 [INFO] cache hit
2026-06-17 11:42:26 [WARN] slow query detected
2026-06-17 11:42:27 [INFO] user logged in
2026-06-17 11:42:28 [INFO] cache hit
2026-06-17 11:42:29 [INFO] user logged in
2026-06-17 11:42:30 [ERROR] request failed
2026-06-17 11:42:31 [INFO] health check ok
2026-06-17 11:42:32 [WARN] high memory usage
2026-06-17 11:42:33 [ERROR] connection refused
2026-06-17 11:42:34 [INFO] user logged in
2026-06-17 11:42:35 [WARN] retry attempt
2026-06-17 11:42:36 [INFO] user logged in
2026-06-17 11:42:37 [ERROR] connection refused
2026-06-17 11:42:38 [INFO] request completed
2026-06-17 11:42:39 [WARN] high memory usage
2026-06-17 11:42:40 [WARN] slow query detected
2026-06-17 11:42:41 [WARN] retry attempt
2026-06-17 11:42:42 [ERROR] database timeout
2026-06-17 11:42:43 [INFO] cache hit
2026-06-17 11:42:44 [ERROR] nil pointer
2026-06-17 11:42:45 [ERROR] connection refused
2026-06-17 11:42:46 [WARN] slow query detected
2026-06-17 11:42:47 [WARN] slow query detected
2026-06-17 11:42:48 [WARN] retry attempt
2026-06-17 11:42:49 [INFO] request completed
2026-06-17 11:42:50 [INFO] health check ok
2026-06-17 11:42:51 [WARN] retry attempt
2026-06-17 11:42:52 [INFO] user logged in
2026-06-17 11:42:53 [WARN] slow query detected
2026-06-17 11:42:54 [ERROR] nil pointer
2026-06-17 11:42:55 [INFO] health check ok
2026-06-17 11:42:56 [INFO] cache hit
2026-06-17 11:42:57 [ERROR] request failed
2026-06-17 11:42:58 [WARN] high memory usage
2026-06-17 11:42:59 [INFO] user logged in
2026-06-17 11:43:00 [WARN] retry attempt
2026-06-17 11:43:01 [INFO] user logged in
2026-06-17 11:43:02 [ERROR] database timeout
2026-06-17 11:43:03 [INFO] request completed
2026-06-17 11:43:04 [INFO] cache hit
2026-06-17 11:43:05 [INFO] request completed
2026-06-17 11:43:06 [ERROR] nil pointer
2026-06-17 11:43:07 [ERROR] database timeout
2026-06-17 11:43:08 [WARN] slow query detected
2026-06-17 11:43:09 [WARN] retry attempt
2026-06-17 11:43:10 [INFO] request completed
2026-06-17 11:43:11 [ERROR] connection refused
2026-06-17 11:43:12 [WARN] retry attempt
2026-06-17 11:43:13 [INFO] health check ok
2026-06-17 11:43:14 [ERROR] nil pointer
2026-06-17 11:43:15 [WARN] retry attempt
2026-06-17 11:43:16 [WARN] high memory usage
2026-06-17 11:43:17 [INFO] health check ok
2026-06-17 11:43:18 [ERROR] nil pointer
2026-06-17 11:43:19 [INFO] health check ok
2026-06-17 11:43:20 [INFO] cache hit
2026-06-17 11:43:21 [INFO] request completed
2026-06-17 11:43:22 [INFO] request completed
2026-06-17 11:43:23 [ERROR] database timeout
2026-06-17 11:43:24 [WARN] retry attempt
2026-06-17 11:43:25 [WARN] high memory usage
2026-06-17 11:43:26 [WARN] retry attempt
2026-06-17 11:43:27 [INFO] cache hit
2026-06-17 11:43:28 [WARN] slow query detected
2026-06-17 11:43:29 [ERROR] request failed
2026-06-17 11:43:30 [ERROR] connection refused
2026-06-17 11:43:31 [INFO] cache hit
2026-06-17 11:43:32 [WARN] retry attempt
2026-06-17 11:43:33 [WARN] high memory usage
2026-06-17 11:43:34 [WARN] high memory usage
2026-06-17 11:43:35 [ERROR] request failed
2026-06-17 11:43:36 [ERROR] database timeout
2026-06-17 11:43:37 [ERROR] request failed
2026-06-17 11:43:38 [INFO] cache hit
2026-06-17 11:43:39 [WARN] slow query detected
2026-06-17 11:43:40 [ERROR] database timeout
2026-06-17 11:43:41 [WARN] high memory usage
2026-06-17 11:43:42 [ERROR] connection refused
2026-06-17 11:43:43 [INFO] cache hit
2026-06-17 11:43:44 [WARN] high memory usage
2026-06-17 11:43:45 [ERROR] request failed
2026-06-17 11:43:46 [ERROR] database timeout
2026-06-17 11:43:47 [ERROR] database timeout
2026-06-17 11:43:48 [WARN] retry attempt
2026-06-17 11:43:49 [WARN] slow query detected
2026-06-17 11:43:50 [INFO] cache hit
2026-06-17 11:43:51 [INFO] user logged in
2026-06-17 11:43:52 [WARN] retry attempt
2026-06-17 11:43:53 [ERROR] database timeout
2026-06-17 11:43:54 [INFO] request completed
2026-06-17 11:43:55 [INFO] health check ok
2026-06-17 11:43:56 [INFO] health check ok
2026-06-17 11:43:57 [INFO] health check ok
2026-06-17 11:43:58 [INFO] health check ok
2026-06-17 11:43:59 [WARN] high memory usage
2026-06-17 11:44:00 [WARN] retry attempt
2026-06-17 11:44:01 [INFO] request completed
2026-06-17 11:44:02 [ERROR] connection refused
2026-06-17 11:44:03 [ERROR] nil pointer
2026-06-17 11:44:04 [ERROR] connection refused
2026-06-17 11:44:05 [WARN] high memory usage
2026-06-17 11:44:06 [WARN] retry attempt
2026-06-17 11:44:07 [WARN] retry attempt
2026-06-17 11:44:08 [ERROR] nil pointer
2026-06-17 11:44:09 [ERROR] nil pointer
2026-06-17 11:44:10 [INFO] health check ok
2026-06-17 11:44:11 [WARN] retry attempt
2026-06-17 11:44:12 [ERROR] database timeout
2026-06-17 11:44:13 [WARN] slow query detected
2026-06-17 11:44:14 [WARN] high memory usage
2026-06-17 11:44:15 [WARN] high memory usage
2026-06-17 11:44:16 [ERROR] request failed
2026-06-17 11:44:17 [WARN] retry attempt
2026-06-17 11:44:18 [WARN] high memory usage
2026-06-17 11:44:19 [INFO] health check ok
2026-06-17 11:44:20 [WARN] retry attempt
2026-06-17 11:44:21 [WARN] high memory usage
2026-06-17 11:44:22 [ERROR] nil pointer
2026-06-17 11:44:23 [WARN] slow query detected
2026-06-17 11:44:24 [INFO] health check ok
2026-06-17 11:44:25 [INFO] cache hit
2026-06-17 11:44:26 [INFO] user logged in
2026-06-17 11:44:27 [WARN] retry attempt
2026-06-17 11:44:28 [WARN] slow query detected
2026-06-17 11:44:29 [INFO] user logged in
2026-06-17 11:44:30 [INFO] health check ok
2026-06-17 11:44:31 [ERROR] request failed
2026-06-17 11:44:32 [INFO] cache hit
2026-06-17 11:44:33 [INFO] request completed
2026-06-17 11:44:34 [INFO] cache hit
2026-06-17 11:44:35 [INFO] health check ok
2026-06-17 11:44:36 [ERROR] request failed
2026-06-17 11:44:37 [ERROR] database timeout
2026-06-17 11:44:38 [WARN] retry attempt
2026-06-17 11:44:39 [WARN] high memory usage
2026-06-17 11:44:40 [ERROR] connection refused
2026-06-17 11:44:41 [INFO] health check ok
2026-06-17 11:44:42 [WARN] retry attempt
2026-06-17 11:44:43 [WARN] retry attempt
2026-06-17 11:44:44 [WARN] retry attempt
2026-06-17 11:44:45 [WARN] high memory usage
2026-06-17 11:44:46 [ERROR] connection refused
2026-06-17 11:44:47 [ERROR] database timeout
2026-06-17 11:44:48 [WARN] high memory usage
2026-06-17 11:44:49 [ERROR] database timeout
2026-06-17 11:44:50 [WARN] slow query detected
2026-06-17 11:44:51 [WARN] slow query detected
2026-06-17 11:44:52 [INFO] health check ok
2026-06-17 11:44:53 [ERROR] connection refused
2026-06-17 11:44:54 [WARN] slow query detected
2026-06-17 11:44:55 [WARN] slow query detected
2026-06-17 11:44:56 [ERROR] connection refused
2026-06-17 11:44:57 [ERROR] database timeout
2026-06-17 11:44:58 [ERROR] database timeout
2026-06-17 11:44:59 [ERROR] request failed
2026-06-17 11:45:00 [ERROR] database timeout
2026-06-17 11:45:01 [INFO] cache hit
2026-06-17 11:45:02 [ERROR] database timeout
2026-06-17 11:45:03 [INFO] user logged in
2026-06-17 11:45:04 [WARN] slow query detected
2026-06-17 11:45:05 [INFO] cache hit
2026-06-17 11:45:06 [ERROR] database timeout
2026-06-17 11:45:07 [WARN] slow query detected
2026-06-17 11:45:08 [WARN] slow query detected
2026-06-17 11:45:09 [ERROR] database timeout
2026-06-17 11:45:10 [ERROR] nil pointer
2026-06-17 11:45:11 [INFO] request completed
2026-06-17 11:45:12 [WARN] high memory usage
2026-06-17 11:45:13 [WARN] slow query detected
2026-06-17 11:45:14 [ERROR] database timeout
2026-06-17 11:45:15 [ERROR] request failed
2026-06-17 11:45:16 [INFO] health check ok
2026-06-17 11:45:17 [ERROR] request failed
2026-06-17 11:45:18 [INFO] health check ok
2026-06-17 11:45:19 [INFO] cache hit
2026-06-17 11:45:20 [ERROR] request failed
2026-06-17 11:45:21 [INFO] cache hit
2026-06-17 11:45:22 [INFO] cache hit
2026-06-17 11:45:23 [ERROR] connection refused
2026-06-17 11:45:24 [ERROR] nil pointer
2026-06-17 11:45:25 [ERROR] database timeout
2026-06-17 11:45:26 [WARN] high memory usage
2026-06-17 11:45:27 [ERROR] database timeout
2026-06-17 11:45:28 [WARN] high memory usage
2026-06-17 11:45:29 [INFO] cache hit
2026-06-17 11:45:30 [INFO] health check ok
2026-06-17 11:45:31 [ERROR] nil pointer
2026-06-17 11:45:32 [WARN] retry attempt
2026-06-17 11:45:33 [INFO] health check ok
2026-06-17 11:45:34 [ERROR] database timeout
2026-06-17 11:45:35 [WARN] high memory usage
2026-06-17 11:45:36 [WARN] slow query detected
2026-06-17 11:45:37 [INFO] health check ok
2026-06-17 11:45:38 [ERROR] nil pointer
2026-06-17 11:45:39 [INFO] cache hit
2026-06-17 11:45:40 [WARN] slow query detected
2026-06-17 11:45:41 [ERROR] request failed
2026-06-17 11:45:42 [ERROR] nil pointer
2026-06-17 11:45:43 [INFO] user logged in
2026-06-17 11:45:44 [WARN] slow query detected
2026-06-17 11:45:45 [WARN] retry attempt
2026-06-17 11:45:46 [INFO] cache hit
2026-06-17 11:45:47 [INFO] request completed
2026-06-17 11:45:48 [INFO] request completed
2026-06-17 11:45:49 [WARN] slow query detected
2026-06-17 11:45:50 [WARN] slow query detected
2026-06-17 11:45:51 [WARN] slow query detected
2026-06-17 11:45:52 [WARN] slow query detected
2026-06-17 11:45:53 [WARN] high memory usage
2026-06-17 11:45:54 [INFO] user logged in
2026-06-17 11:45:55 [WARN] slow query detected
2026-06-17 11:45:56 [ERROR] nil pointer
2026-06-17 11:45:57 [INFO] health check ok
2026-06-17 11:45:58 [INFO] user logged in
2026-06-17 11:45:59 [ERROR] connection refused
2026-06-17 11:46:00 [INFO] health check ok
2026-06-17 11:46:01 [ERROR] request failed
2026-06-17 11:46:02 [INFO] user logged in
2026-06-17 11:46:03 [ERROR] connection refused
2026-06-17 11:46:04 [INFO] user logged in
2026-06-17 11:46:05 [ERROR] request failed
2026-06-17 11:46:06 [INFO] health check ok
2026-06-17 11:46:07 [INFO] health check ok
2026-06-17 11:46:08 [ERROR] nil pointer
2026-06-17 11:46:09 [ERROR] connection refused
2026-06-17 11:46:10 [WARN] retry attempt
2026-06-17 11:46:11 [INFO] user logged in
2026-06-17 11:46:12 [ERROR] nil pointer
2026-06-17 11:46:13 [WARN] high memory usage
2026-06-17 11:46:14 [WARN] high memory usage
2026-06-17 11:46:15 [WARN] retry attempt
2026-06-17 11:46:16 [ERROR] request failed
2026-06-17 11:46:17 [ERROR] database timeout
2026-06-17 11:46:18 [WARN] slow query detected
2026-06-17 11:46:19 [ERROR] connection refused
2026-06-17 11:46:20 [INFO] user logged in
2026-06-17 11:46:21 [ERROR] request failed
2026-06-17 11:46:22 [ERROR] request failed
2026-06-17 11:46:23 [INFO] cache hit
2026-06-17 11:46:24 [WARN] slow query detected
2026-06-17 11:46:25 [WARN] slow query detected
2026-06-17 11:46:26 [WARN] high memory usage
2026-06-17 11:46:27 [ERROR] nil pointer
2026-06-17 11:46:28 [WARN] high memory usage
2026-06-17 11:46:29 [ERROR] database timeout
2026-06-17 11:46:30 [WARN] retry attempt
2026-06-17 11:46:31 [INFO] cache hit
2026-06-17 11:46:32 [INFO] request completed
2026-06-17 11:46:33 [WARN] retry attempt
2026-06-17 11:46:34 [INFO] health check ok
2026-06-17 11:46:35 [WARN] slow query detected
2026-06-17 11:46:36 [INFO] request completed
2026-06-17 11:46:37 [WARN] high memory usage
2026-06-17 11:46:38 [ERROR] request failed
2026-06-17 11:46:39 [WARN] high memory usage
2026-06-17 11:46:40 [WARN] retry attempt
2026-06-17 11:46:41 [ERROR] nil pointer
2026-06-17 11:46:42 [INFO] cache hit
2026-06-17 11:46:43 [INFO] health check ok
2026-06-17 11:46:44 [INFO] health check ok
2026-06-17 11:46:45 [INFO] health check ok
2026-06-17 11:46:46 [ERROR] database timeout
2026-06-17 11:46:47 [WARN] slow query detected
2026-06-17 11:46:48 [WARN] high memory usage
2026-06-17 11:46:49 [ERROR] request failed
2026-06-17 11:46:50 [INFO] request completed
2026-06-17 11:46:51 [WARN] high memory usage
2026-06-17 11:46:52 [WARN] slow query detected
2026-06-17 11:46:53 [INFO] cache hit
2026-06-17 11:46:54 [WARN] high memory usage
2026-06-17 11:46:55 [WARN] high memory usage
2026-06-17 11:46:56 [WARN] slow query detected
2026-06-17 11:46:57 [ERROR] request failed
2026-06-17 11:46:58 [ERROR] connection refused
2026-06-17 11:46:59 [WARN] slow query detected
2026-06-17 11:47:00 [INFO] request completed
2026-06-17 11:47:01 [ERROR] database timeout
2026-06-17 11:47:02 [ERROR] nil pointer
2026-06-17 11:47:03 [INFO] request completed
2026-06-17 11:47:04 [ERROR] database timeout
2026-06-17 11:47:05 [INFO] request completed
2026-06-17 11:47:06 [WARN] retry attempt
2026-06-17 11:47:07 [ERROR] request failed
2026-06-17 11:47:08 [ERROR] connection refused
2026-06-17 11:47:09 [INFO] request completed
2026-06-17 11:47:10 [INFO] user logged in
2026-06-17 11:47:11 [WARN] slow query detected
2026-06-17 11:47:12 [INFO] health check ok
2026-06-17 11:47:13 [ERROR] connection refused
2026-06-17 11:47:14 [INFO] request completed
2026-06-17 11:47:15 [WARN] retry attempt
2026-06-17 11:47:16 [INFO] request completed
2026-06-17 11:47:17 [ERROR] database timeout
2026-06-17 11:47:18 [WARN] slow query detected
2026-06-17 11:47:19 [WARN] high memory usage
2026-06-17 11:47:20 [ERROR] nil pointer
2026-06-17 11:47:21 [ERROR] nil pointer
2026-06-17 11:47:22 [ERROR] request failed
2026-06-17 11:47:23 [WARN] retry attempt
2026-06-17 11:47:24 [INFO] health check ok
2026-06-17 11:47:25 [ERROR] connection refused
2026-06-17 11:47:26 [ERROR] nil pointer
2026-06-17 11:47:27 [WARN] slow query detected
2026-06-17 11:47:28 [WARN] retry attempt
2026-06-17 11:47:29 [ERROR] nil pointer
2026-06-17 11:47:30 [INFO] request completed
2026-06-17 11:47:31 [INFO] user logged in
2026-06-17 11:47:32 [WARN] high memory usage
2026-06-17 11:47:33 [ERROR] nil pointer
2026-06-17 11:47:34 [ERROR] connection refused
2026-06-17 11:47:35 [INFO] cache hit
2026-06-17 11:47:36 [ERROR] database timeout
2026-06-17 11:47:37 [ERROR] connection refused
2026-06-17 11:47:38 [WARN] slow query detected
2026-06-17 11:47:39 [INFO] health check ok
2026-06-17 11:47:40 [ERROR] nil pointer
2026-06-17 11:47:41 [INFO] request completed
2026-06-17 11:47:42 [ERROR] nil pointer
2026-06-17 11:47:43 [INFO] health check ok
2026-06-17 11:47:44 [ERROR] database timeout
2026-06-17 11:47:45 [WARN] high memory usage
2026-06-17 11:47:46 [WARN] high memory usage
2026-06-17 11:47:47 [INFO] request completed
2026-06-17 11:47:48 [WARN] slow query detected
2026-06-17 11:47:49 [WARN] slow query detected
2026-06-17 11:47:50 [INFO] cache hit
2026-06-17 11:47:51 [INFO] health check ok
2026-06-17 11:47:52 [INFO] request completed
2026-06-17 11:47:53 [INFO] health check ok
2026-06-17 11:47:54 [INFO] health check ok
2026-06-17 11:47:55 [WARN] slow query detected
2026-06-17 11:47:56 [ERROR] database timeout
2026-06-17 11:47:57 [INFO] request completed
2026-06-17 11:47:58 [WARN] retry attempt
2026-06-17 11:47:59 [WARN] retry attempt
2026-06-17 11:48:00 [ERROR] database timeout
2026-06-17 11:48:01 [ERROR] connection refused
2026-06-17 11:48:02 [INFO] health check ok
2026-06-17 11:48:03 [INFO] user logged in
2026-06-17 11:48:04 [ERROR] request failed
2026-06-17 11:48:05 [WARN] retry attempt
2026-06-17 11:48:06 [WARN] high memory usage
2026-06-17 11:48:07 [INFO] request completed
2026-06-17 11:48:08 [ERROR] database timeout
2026-06-17 11:48:09 [INFO] user logged in
2026-06-17 11:48:10 [WARN] retry attempt
2026-06-17 11:48:11 [ERROR] database timeout
2026-06-17 11:48:12 [WARN] high memory usage
2026-06-17 11:48:13 [ERROR] database timeout
2026-06-17 11:48:14 [INFO] cache hit
2026-06-17 11:48:15 [WARN] retry attempt
2026-06-17 11:48:16 [WARN] slow query detected
2026-06-17 11:48:17 [INFO] health check ok
2026-06-17 11:48:18 [ERROR] connection refused
2026-06-17 11:48:19 [INFO] user logged in
2026-06-17 11:48:20 [ERROR] nil pointer
2026-06-17 11:48:21 [ERROR] nil pointer
2026-06-17 11:48:22 [INFO] request completed
2026-06-17 11:48:23 [ERROR] database timeout
2026-06-17 11:48:24 [WARN] retry attempt
2026-06-17 11:48:25 [WARN] slow query detected
2026-06-17 11:48:26 [WARN] slow query detected
2026-06-17 11:48:27 [INFO] request completed
2026-06-17 11:48:28 [INFO] cache hit
2026-06-17 11:48:29 [INFO] health check ok
2026-06-17 11:48:30 [ERROR] database timeout
2026-06-17 11:48:31 [ERROR] database timeout
2026-06-17 11:48:32 [WARN] slow query detected
2026-06-17 11:48:33 [WARN] high memory usage
2026-06-17 11:48:34 [WARN] high memory usage
2026-06-17 11:48:35 [INFO] request completed
2026-06-17 11:48:36 [INFO] request completed
2026-06-17 11:48:37 [INFO] health check ok
2026-06-17 11:48:38 [WARN] high memory usage
2026-06-17 11:48:39 [WARN] slow query detected
2026-06-17 11:48:40 [ERROR] nil pointer
2026-06-17 11:48:41 [WARN] high memory usage
2026-06-17 11:48:42 [ERROR] connection refused
2026-06-17 11:48:43 [ERROR] request failed
2026-06-17 11:48:44 [INFO] user logged in
2026-06-17 11:48:45 [WARN] retry attempt
2026-06-17 11:48:46 [INFO] user logged in
2026-06-17 11:48:47 [WARN] slow query detected
2026-06-17 11:48:48 [ERROR] database timeout
2026-06-17 11:48:49 [WARN] retry attempt
2026-06-17 11:48:50 [ERROR] connection refused
2026-06-17 11:48:51 [WARN] high memory usage
2026-06-17 11:48:52 [INFO] user logged in
2026-06-17 11:48:53 [INFO] user logged in
2026-06-17 11:48:54 [WARN] retry attempt
2026-06-17 11:48:55 [INFO] health check ok
2026-06-17 11:48:56 [ERROR] nil pointer
2026-06-17 11:48:57 [INFO] user logged in
2026-06-17 11:48:58 [ERROR] request failed
2026-06-17 11:48:59 [ERROR] request failed
2026-06-17 11:49:00 [ERROR] request failed
2026-06-17 11:49:01 [ERROR] nil pointer
2026-06-17 11:49:02 [INFO] health check ok
2026-06-17 11:49:03 [WARN] retry attempt
2026-06-17 11:49:04 [WARN] high memory usage
2026-06-17 11:49:05 [INFO] cache hit
2026-06-17 11:49:06 [INFO] cache hit
2026-06-17 11:49:07 [INFO] user logged in
2026-06-17 11:49:08 [INFO] request completed
2026-06-17 11:49:09 [ERROR] connection refused
2026-06-17 11:49:10 [INFO] user logged in
2026-06-17 11:49:11 [WARN] retry attempt
2026-06-17 11:49:12 [INFO] request completed
2026-06-17 11:49:13 [ERROR] request failed
2026-06-17 11:49:14 [INFO] health check ok
2026-06-17 11:49:15 [WARN] slow query detected
2026-06-17 11:49:16 [ERROR] connection refused
2026-06-17 11:49:17 [INFO] cache hit
2026-06-17 11:49:18 [WARN] slow query detected
2026-06-17 11:49:19 [WARN] slow query detected
2026-06-17 11:49:20 [WARN] retry attempt
2026-06-17 11:49:21 [WARN] high memory usage
2026-06-17 11:49:22 [ERROR] nil pointer
2026-06-17 11:49:23 [ERROR] nil pointer
2026-06-17 11:49:24 [INFO] user logged in
2026-06-17 11:49:25 [WARN] retry attempt
2026-06-17 11:49:26 [ERROR] connection refused
2026-06-17 11:49:27 [INFO] cache hit
2026-06-17 11:49:28 [INFO] health check ok
2026-06-17 11:49:29 [INFO] request completed
2026-06-17 11:49:30 [WARN] slow query detected
2026-06-17 11:49:31 [ERROR] nil pointer
2026-06-17 11:49:32 [WARN] high memory usage
2026-06-17 11:49:33 [INFO] user logged in
2026-06-17 11:49:34 [WARN] high memory usage
2026-06-17 11:49:35 [ERROR] database timeout
2026-06-17 11:49:36 [WARN] slow query detected
2026-06-17 11:49:37 [INFO] health check ok
2026-06-17 11:49:38 [INFO] health check ok
2026-06-17 11:49:39 [INFO] health check ok
2026-06-17 11:49:40 [ERROR] connection refused
2026-06-17 11:49:41 [WARN] high memory usage
2026-06-17 11:49:42 [INFO] cache hit
2026-06-17 11:49:43 [INFO] cache hit
2026-06-17 11:49:44 [INFO] cache hit
2026-06-17 11:49:45 [WARN] high memory usage
2026-06-17 11:49:46 [ERROR] database timeout
2026-06-17 11:49:47 [ERROR] connection refused
2026-06-17 11:49:48 [ERROR] database timeout
2026-06-17 11:49:49 [WARN] slow query detected
2026-06-17 11:49:50 [INFO] user logged in
2026-06-17 11:49:51 [WARN] high memory usage
2026-06-17 11:49:52 [ERROR] nil pointer
2026-06-17 11:49:53 [WARN] slow query detected
2026-06-17 11:49:54 [INFO] cache hit
2026-06-17 11:49:55 [INFO] request completed
2026-06-17 11:49:56 [WARN] retry attempt
2026-06-17 11:49:57 [ERROR] database timeout
2026-06-17 11:49:58 [INFO] user logged in
2026-06-17 11:49:59 [INFO] health check ok
2026-06-17 11:50:00 [ERROR] connection refused
2026-06-17 11:50:01 [WARN] slow query detected
2026-06-17 11:50:02 [INFO] user logged in
2026-06-17 11:50:03 [ERROR] nil pointer
2026-06-17 11:50:04 [INFO] health check ok
2026-06-17 11:50:05 [ERROR] connection refused
2026-06-17 11:50:06 [INFO] cache hit
2026-06-17 11:50:07 [WARN] retry attempt
2026-06-17 11:50:08 [INFO] cache hit
2026-06-17 11:50:09 [INFO] cache hit
2026-06-17 11:50:10 [WARN] retry attempt
2026-06-17 11:50:11 [WARN] retry attempt
2026-06-17 11:50:12 [INFO] user logged in
2026-06-17 11:50:13 [WARN] high memory usage
2026-06-17 11:50:14 [INFO] health check ok
2026-06-17 11:50:15 [INFO] user logged in
2026-06-17 11:50:16 [WARN] high memory usage
2026-06-17 11:50:17 [INFO] health check ok
2026-06-17 11:50:18 [WARN] slow query detected
2026-06-17 11:50:19 [ERROR] database timeout
2026-06-17 11:50:20 [INFO] cache hit
2026-06-17 11:50:21 [ERROR] request failed
2026-06-17 11:50:22 [INFO] user logged in
2026-06-17 11:50:23 [INFO] user logged in
2026-06-17 11:50:24 [INFO] user logged in
2026-06-17 11:50:25 [WARN] high memory usage
2026-06-17 11:50:26 [ERROR] database timeout
2026-06-17 11:50:27 [WARN] slow query detected
2026-06-17 11:50:28 [INFO] request completed
2026-06-17 11:50:29 [ERROR] database timeout
2026-06-17 11:50:30 [WARN] slow query detected
2026-06-17 11:50:31 [WARN] high memory usage
2026-06-17 11:50:32 [WARN] slow query detected
2026-06-17 11:50:33 [ERROR] request failed
2026-06-17 11:50:34 [WARN] retry attempt
2026-06-17 11:50:35 [INFO] health check ok
2026-06-17 11:50:36 [ERROR] nil pointer
2026-06-17 11:50:37 [INFO] user logged in
2026-06-17 11:50:38 [INFO] user logged in
2026-06-17 11:50:39 [ERROR] database timeout
2026-06-17 11:50:40 [ERROR] connection refused
2026-06-17 11:50:41 [INFO] health check ok
2026-06-17 11:50:42 [WARN] retry attempt
2026-06-17 11:50:43 [WARN] high memory usage
2026-06-17 11:50:44 [WARN] retry attempt
2026-06-17 11:50:45 [WARN] high memory usage
2026-06-17 11:50:46 [ERROR] request failed
2026-06-17 11:50:47 [WARN] high memory usage
2026-06-17 11:50:48 [INFO] cache hit
2026-06-17 11:50:49 [INFO] request completed
2026-06-17 11:50:50 [WARN] retry attempt
2026-06-17 11:50:51 [ERROR] nil pointer
2026-06-17 11:50:52 [ERROR] request failed
2026-06-17 11:50:53 [INFO] user logged in
2026-06-17 11:50:54 [WARN] high memory usage
2026-06-17 11:50:55 [ERROR] database timeout
2026-06-17 11:50:56 [WARN] slow query detected
2026-06-17 11:50:57 [WARN] retry attempt
2026-06-17 11:50:58 [INFO] health check ok
2026-06-17 11:50:59 [ERROR] database timeout
2026-06-17 11:51:00 [WARN] retry attempt
2026-06-17 11:51:01 [WARN] retry attempt
2026-06-17 11:51:02 [ERROR] connection refused
2026-06-17 11:51:03 [WARN] slow query detected
2026-06-17 11:51:04 [ERROR] nil pointer
2026-06-17 11:51:05 [WARN] high memory usage
2026-06-17 11:51:06 [ERROR] database timeout
2026-06-17 11:51:07 [WARN] retry attempt
2026-06-17 11:51:08 [INFO] user logged in
2026-06-17 11:51:09 [INFO] health check ok
2026-06-17 11:51:10 [ERROR] request failed
2026-06-17 11:51:11 [INFO] health check ok
2026-06-17 11:51:12 [WARN] high memory usage
2026-06-17 11:51:13 [WARN] high memory usage
2026-06-17 11:51:14 [ERROR] connection refused
2026-06-17 11:51:15 [INFO] health check ok
2026-06-17 11:51:16 [ERROR] database timeout
2026-06-17 11:51:17 [ERROR] connection refused
2026-06-17 11:51:18 [INFO] request completed
2026-06-17 11:51:19 [WARN] slow query detected
2026-06-17 11:51:20 [INFO] user logged in
2026-06-17 11:51:21 [INFO] cache hit
2026-06-17 11:51:22 [INFO] cache hit
2026-06-17 11:51:23 [WARN] retry attempt
2026-06-17 11:51:24 [ERROR] connection refused
2026-06-17 11:51:25 [ERROR] database timeout
2026-06-17 11:51:26 [ERROR] connection refused
2026-06-17 11:51:27 [ERROR] nil pointer
2026-06-17 11:51:28 [INFO] health check ok
2026-06-17 11:51:29 [WARN] retry attempt
2026-06-17 11:51:30 [INFO] health check ok
2026-06-17 11:51:31 [ERROR] nil pointer
2026-06-17 11:51:32 [WARN] slow query detected
2026-06-17 11:51:33 [ERROR] request failed
2026-06-17 11:51:34 [WARN] slow query detected
2026-06-17 11:51:35 [ERROR] database timeout
2026-06-17 11:51:36 [ERROR] database timeout
2026-06-17 11:51:37 [INFO] health check ok
2026-06-17 11:51:38 [ERROR] nil pointer
2026-06-17 11:51:39 [INFO] request completed
2026-06-17 11:51:40 [INFO] health check ok
2026-06-17 11:51:41 [WARN] slow query detected
2026-06-17 11:51:42 [WARN] high memory usage
2026-06-17 11:51:43 [ERROR] nil pointer
2026-06-17 11:51:44 [ERROR] nil pointer
2026-06-17 11:51:45 [ERROR] nil pointer
2026-06-17 11:51:46 [ERROR] connection refused
2026-06-17 11:51:47 [WARN] retry attempt
2026-06-17 11:51:48 [INFO] request completed
2026-06-17 11:51:49 [WARN] high memory usage
2026-06-17 11:51:50 [INFO] user logged in
2026-06-17 11:51:51 [ERROR] database timeout
2026-06-17 11:51:52 [ERROR] request failed
2026-06-17 11:51:53 [WARN] slow query detected
2026-06-17 11:51:54 [WARN] high memory usage
2026-06-17 11:51:55 [INFO] cache hit
2026-06-17 11:51:56 [INFO] request completed
2026-06-17 11:51:57 [WARN] high memory usage
2026-06-17 11:51:58 [WARN] retry attempt
2026-06-17 11:51:59 [INFO] request completed
2026-06-17 11:52:00 [ERROR] database timeout
2026-06-17 11:52:01 [INFO] cache hit
2026-06-17 11:52:02 [WARN] retry attempt
2026-06-17 11:52:03 [ERROR] database timeout
2026-06-17 11:52:04 [INFO] user logged in
2026-06-17 11:52:05 [WARN] high memory usage
2026-06-17 11:52:06 [ERROR] request failed
2026-06-17 11:52:07 [WARN] slow query detected
2026-06-17 11:52:08 [INFO] cache hit
2026-06-17 11:52:09 [ERROR] connection refused
2026-06-17 11:52:10 [WARN] slow query detected
2026-06-17 11:52:11 [WARN] retry attempt
2026-06-17 11:52:12 [ERROR] nil pointer
2026-06-17 11:52:13 [INFO] health check ok
2026-06-17 11:52:14 [ERROR] nil pointer
2026-06-17 11:52:15 [WARN] slow query detected
2026-06-17 11:52:16 [INFO] health check ok
2026-06-17 11:52:17 [WARN] slow query detected
2026-06-17 11:52:18 [ERROR] connection refused
2026-06-17 11:52:19 [ERROR] connection refused
2026-06-17 11:52:20 [ERROR] connection refused
2026-06-17 11:52:21 [INFO] cache hit
2026-06-17 11:52:22 [ERROR] database timeout
2026-06-17 11:52:23 [ERROR] nil pointer
2026-06-17 11:52:24 [WARN] retry attempt
2026-06-17 11:52:25 [WARN] retry attempt
2026-06-17 11:52:26 [WARN] retry attempt
2026-06-17 11:52:27 [WARN] retry attempt
2026-06-17 11:52:28 [WARN] retry attempt
2026-06-17 11:52:29 [WARN] slow query detected
2026-06-17 11:52:30 [INFO] health check ok
2026-06-17 11:52:31 [WARN] high memory usage
2026-06-17 11:52:32 [ERROR] connection refused
2026-06-17 11:52:33 [ERROR] request failed
2026-06-17 11:52:34 [INFO] health check ok
2026-06-17 11:52:35 [WARN] slow query detected
2026-06-17 11:52:36 [ERROR] request failed
2026-06-17 11:52:37 [ERROR] request failed
2026-06-17 11:52:38 [WARN] high memory usage
2026-06-17 11:52:39 [INFO] health check ok
2026-06-17 11:52:40 [WARN] retry attempt
2026-06-17 11:52:41 [WARN] slow query detected
2026-06-17 11:52:42 [WARN] retry attempt
2026-06-17 11:52:43 [ERROR] nil pointer
2026-06-17 11:52:44 [INFO] request completed
2026-06-17 11:52:45 [ERROR] nil pointer
2026-06-17 11:52:46 [ERROR] database timeout
2026-06-17 11:52:47 [WARN] retry attempt
2026-06-17 11:52:48 [INFO] health check ok
2026-06-17 11:52:49 [ERROR] nil pointer
2026-06-17 11:52:50 [ERROR] database timeout
2026-06-17 11:52:51 [INFO] cache hit
2026-06-17 11:52:52 [INFO] health check ok
2026-06-17 11:52:53 [WARN] high memory usage
2026-06-17 11:52:54 [WARN] high memory usage
2026-06-17 11:52:55 [WARN] slow query detected
2026-06-17 11:52:56 [ERROR] nil pointer
2026-06-17 11:52:57 [WARN] slow query detected
2026-06-17 11:52:58 [INFO] cache hit
2026-06-17 11:52:59 [WARN] high memory usage
2026-06-17 11:53:00 [ERROR] request failed
2026-06-17 11:53:01 [ERROR] request failed
2026-06-17 11:53:02 [INFO] health check ok
2026-06-17 11:53:03 [WARN] slow query detected
2026-06-17 11:53:04 [INFO] user logged in
2026-06-17 11:53:05 [INFO] cache hit
2026-06-17 11:53:06 [ERROR] request failed
2026-06-17 11:53:07 [INFO] cache hit
2026-06-17 11:53:08 [WARN] retry attempt
2026-06-17 11:53:09 [ERROR] connection refused
2026-06-17 11:53:10 [WARN] retry attempt
2026-06-17 11:53:11 [WARN] retry attempt
2026-06-17 11:53:12 [WARN] retry attempt
2026-06-17 11:53:13 [ERROR] connection refused
2026-06-17 11:53:14 [ERROR] request failed
2026-06-17 11:53:15 [INFO] cache hit
2026-06-17 11:53:16 [INFO] request completed
2026-06-17 11:53:17 [WARN] slow query detected
2026-06-17 11:53:18 [INFO] cache hit
2026-06-17 11:53:19 [INFO] cache hit
2026-06-17 11:53:20 [ERROR] database timeout
2026-06-17 11:53:21 [INFO] user logged in
2026-06-17 11:53:22 [ERROR] request failed
2026-06-17 11:53:23 [INFO] user logged in
2026-06-17 11:53:24 [WARN] retry attempt
2026-06-17 11:53:25 [ERROR] connection refused
2026-06-17 11:53:26 [ERROR] database timeout
2026-06-17 11:53:27 [ERROR] request failed
2026-06-17 11:53:28 [INFO] cache hit
2026-06-17 11:53:29 [WARN] retry attempt
2026-06-17 11:53:30 [WARN] slow query detected
2026-06-17 11:53:31 [INFO] user logged in
2026-06-17 11:53:32 [WARN] retry attempt
2026-06-17 11:53:33 [ERROR] database timeout
2026-06-17 11:53:34 [WARN] retry attempt
2026-06-17 11:53:35 [INFO] user logged in
2026-06-17 11:53:36 [INFO] health check ok
2026-06-17 11:53:37 [WARN] retry attempt
2026-06-17 11:53:38 [INFO] user logged in
2026-06-17 11:53:39 [INFO] cache hit
2026-06-17 11:53:40 [WARN] retry attempt
2026-06-17 11:53:41 [INFO] cache hit
2026-06-17 11:53:42 [ERROR] nil pointer
2026-06-17 11:53:43 [ERROR] database timeout
2026-06-17 11:53:44 [ERROR] nil pointer
2026-06-17 11:53:45 [INFO] user logged in
2026-06-17 11:53:46 [ERROR] connection refused
2026-06-17 11:53:47 [ERROR] nil pointer
2026-06-17 11:53:48 [WARN] slow query detected
2026-06-17 11:53:49 [WARN] slow query detected
2026-06-17 11:53:50 [ERROR] connection refused
2026-06-17 11:53:51 [WARN] retry attempt
2026-06-17 11:53:52 [INFO] cache hit
2026-06-17 11:53:53 [INFO] health check ok
2026-06-17 11:53:54 [INFO] user logged in
2026-06-17 11:53:55 [ERROR] database timeout
2026-06-17 11:53:56 [INFO] health check ok
2026-06-17 11:53:57 [WARN] slow query detected
2026-06-17 11:53:58 [ERROR] nil pointer
2026-06-17 11:53:59 [INFO] cache hit
2026-06-17 11:54:00 [WARN] retry attempt
2026-06-17 11:54:01 [INFO] request completed
2026-06-17 11:54:02 [WARN] slow query detected
2026-06-17 11:54:03 [INFO] health check ok
2026-06-17 11:54:04 [ERROR] database timeout
2026-06-17 11:54:05 [INFO] health check ok
2026-06-17 11:54:06 [WARN] slow query detected
2026-06-17 11:54:07 [ERROR] database timeout
2026-06-17 11:54:08 [INFO] health check ok
2026-06-17 11:54:09 [WARN] retry attempt
2026-06-17 11:54:10 [WARN] slow query detected
2026-06-17 11:54:11 [ERROR] database timeout
2026-06-17 11:54:12 [ERROR] connection refused
2026-06-17 11:54:13 [WARN] high memory usage
2026-06-17 11:54:14 [WARN] high memory usage
2026-06-17 11:54:15 [ERROR] connection refused
2026-06-17 11:54:16 [WARN] retry attempt
2026-06-17 11:54:17 [ERROR] nil pointer
2026-06-17 11:54:18 [ERROR] nil pointer
2026-06-17 11:54:19 [INFO] request completed
2026-06-17 11:54:20 [ERROR] nil pointer
2026-06-17 11:54:21 [WARN] high memory usage
2026-06-17 11:54:22 [ERROR] request failed
2026-06-17 11:54:23 [INFO] cache hit
2026-06-17 11:54:24 [INFO] health check ok
2026-06-17 11:54:25 [WARN] high memory usage
2026-06-17 11:54:26 [ERROR] database timeout
2026-06-17 11:54:27 [INFO] cache hit
2026-06-17 11:54:28 [WARN] retry attempt
2026-06-17 11:54:29 [WARN] retry attempt
2026-06-17 11:54:30 [INFO] request completed
2026-06-17 11:54:31 [ERROR] connection refused
2026-06-17 11:54:32 [WARN] high memory usage
2026-06-17 11:54:33 [ERROR] request failed
2026-06-17 11:54:34 [WARN] high memory usage
2026-06-17 11:54:35 [ERROR] nil pointer
2026-06-17 11:54:36 [WARN] retry attempt
2026-06-17 11:54:37 [ERROR] request failed
2026-06-17 11:54:38 [INFO] request completed
2026-06-17 11:54:39 [ERROR] connection refused
2026-06-17 11:54:40 [INFO] health check ok
2026-06-17 11:54:41 [INFO] user logged in
2026-06-17 11:54:42 [INFO] request completed
2026-06-17 11:54:43 [INFO] request completed
2026-06-17 11:54:44 [WARN] slow query detected
2026-06-17 11:54:45 [INFO] health check ok
2026-06-17 11:54:46 [INFO] user logged in
2026-06-17 11:54:47 [INFO] cache hit
2026-06-17 11:54:48 [ERROR] database timeout
2026-06-17 11:54:49 [WARN] slow query detected
2026-06-17 11:54:50 [INFO] health check ok
2026-06-17 11:54:51 [ERROR] database timeout
2026-06-17 11:54:52 [WARN] high memory usage
2026-06-17 11:54:53 [INFO] health check ok
2026-06-17 11:54:54 [WARN] retry attempt
2026-06-17 11:54:55 [WARN] high memory usage
2026-06-17 11:54:56 [INFO] user logged in
2026-06-17 11:54:57 [ERROR] database timeout
2026-06-17 11:54:58 [INFO] cache hit
2026-06-17 11:54:59 [INFO] cache hit
2026-06-17 11:55:00 [ERROR] request failed
2026-06-17 11:55:01 [WARN] high memory usage
2026-06-17 11:55:02 [INFO] health check ok
2026-06-17 11:55:03 [ERROR] nil pointer
2026-06-17 11:55:04 [WARN] slow query detected
2026-06-17 11:55:05 [INFO] user logged in
2026-06-17 11:55:06 [INFO] request completed
2026-06-17 11:55:07 [INFO] cache hit
2026-06-17 11:55:08 [ERROR] request failed
2026-06-17 11:55:09 [INFO] user logged in
2026-06-17 11:55:10 [WARN] high memory usage
2026-06-17 11:55:11 [WARN] retry attempt
2026-06-17 11:55:12 [INFO] health check ok
2026-06-17 11:55:13 [INFO] health check ok
2026-06-17 11:55:14 [WARN] slow query detected
2026-06-17 11:55:15 [WARN] slow query detected
2026-06-17 11:55:16 [WARN] high memory usage
2026-06-17 11:55:17 [INFO] cache hit
2026-06-17 11:55:18 [INFO] request completed
2026-06-17 11:55:19 [ERROR] database timeout
2026-06-17 11:55:20 [WARN] slow query detected
2026-06-17 11:55:21 [INFO] health check ok
2026-06-17 11:55:22 [ERROR] connection refused
2026-06-17 11:55:23 [WARN] retry attempt
2026-06-17 11:55:24 [WARN] high memory usage
2026-06-17 11:55:25 [ERROR] connection refused
2026-06-17 11:55:26 [WARN] slow query detected
2026-06-17 11:55:27 [WARN] high memory usage
2026-06-17 11:55:28 [ERROR] nil pointer
2026-06-17 11:55:29 [INFO] user logged in
2026-06-17 11:55:30 [ERROR] connection refused
2026-06-17 11:55:31 [ERROR] nil pointer
2026-06-17 11:55:32 [ERROR] connection refused
2026-06-17 11:55:33 [INFO] health check ok
2026-06-17 11:55:34 [ERROR] request failed
2026-06-17 11:55:35 [ERROR] connection refused
2026-06-17 11:55:36 [INFO] cache hit
2026-06-17 11:55:37 [ERROR] database timeout
2026-06-17 11:55:38 [INFO] user logged in
2026-06-17 11:55:39 [ERROR] nil pointer
2026-06-17 11:55:40 [INFO] user logged in
2026-06-17 11:55:41 [ERROR] database timeout
2026-06-17 11:55:42 [ERROR] request failed
2026-06-17 11:55:43 [ERROR] database timeout
2026-06-17 11:55:44 [ERROR] nil pointer
2026-06-17 11:55:45 [ERROR] connection refused
2026-06-17 11:55:46 [ERROR] request failed
2026-06-17 11:55:47 [ERROR] nil pointer
2026-06-17 11:55:48 [INFO] health check ok
2026-06-17 11:55:49 [ERROR] connection refused
2026-06-17 11:55:50 [WARN] high memory usage
2026-06-17 11:55:51 [ERROR] nil pointer
2026-06-17 11:55:52 [ERROR] connection refused
2026-06-17 11:55:53 [INFO] cache hit
2026-06-17 11:55:54 [INFO] health check ok
2026-06-17 11:55:55 [INFO] health check ok
2026-06-17 11:55:56 [ERROR] request failed
2026-06-17 11:55:57 [WARN] retry attempt
2026-06-17 11:55:58 [INFO] cache hit
2026-06-17 11:55:59 [WARN] slow query detected
2026-06-17 11:56:00 [INFO] health check ok
2026-06-17 11:56:01 [ERROR] connection refused
2026-06-17 11:56:02 [INFO] cache hit
2026-06-17 11:56:03 [WARN] retry attempt
2026-06-17 11:56:04 [ERROR] request failed
2026-06-17 11:56:05 [ERROR] connection refused
2026-06-17 11:56:06 [INFO] request completed
2026-06-17 11:56:07 [INFO] user logged in
2026-06-17 11:56:08 [WARN] slow query detected
2026-06-17 11:56:09 [INFO] user logged in
2026-06-17 11:56:10 [INFO] user logged in
2026-06-17 11:56:11 [ERROR] connection refused
2026-06-17 11:56:12 [ERROR] request failed
2026-06-17 11:56:13 [ERROR] database timeout
2026-06-17 11:56:14 [WARN] retry attempt
2026-06-17 11:56:15 [ERROR] request failed
2026-06-17 11:56:16 [INFO] health check ok
2026-06-17 11:56:17 [INFO] user logged in
2026-06-17 11:56:18 [WARN] high memory usage
2026-06-17 11:56:19 [INFO] health check ok
2026-06-17 11:56:20 [ERROR] database timeout
2026-06-17 11:56:21 [INFO] cache hit
2026-06-17 11:56:22 [WARN] retry attempt
2026-06-17 11:56:23 [WARN] high memory usage
2026-06-17 11:56:24 [WARN] slow query detected
2026-06-17 11:56:25 [ERROR] request failed
2026-06-17 11:56:26 [ERROR] request failed
2026-06-17 11:56:27 [ERROR] request failed
2026-06-17 11:56:28 [INFO] health check ok
2026-06-17 11:56:29 [WARN] slow query detected
2026-06-17 11:56:30 [ERROR] nil pointer
2026-06-17 11:56:31 [INFO] health check ok
2026-06-17 11:56:32 [ERROR] nil pointer
2026-06-17 11:56:33 [ERROR] nil pointer
2026-06-17 11:56:34 [ERROR] database timeout
2026-06-17 11:56:35 [INFO] health check ok
2026-06-17 11:56:36 [WARN] retry attempt
2026-06-17 11:56:37 [WARN] slow query detected
2026-06-17 11:56:38 [ERROR] connection refused
2026-06-17 11:56:39 [INFO] health check ok
2026-06-17 11:56:40 [ERROR] database timeout
2026-06-17 11:56:41 [WARN] slow query detected
2026-06-17 11:56:42 [INFO] user logged in
2026-06-17 11:56:43 [ERROR] request failed
2026-06-17 11:56:44 [WARN] retry attempt
2026-06-17 11:56:45 [ERROR] request failed
2026-06-17 11:56:46 [ERROR] request failed
2026-06-17 11:56:47 [ERROR] nil pointer
2026-06-17 11:56:48 [WARN] slow query detected
2026-06-17 11:56:49 [ERROR] request failed
2026-06-17 11:56:50 [INFO] user logged in
2026-06-17 11:56:51 [WARN] high memory usage
2026-06-17 11:56:52 [WARN] retry attempt
2026-06-17 11:56:53 [INFO] request completed
2026-06-17 11:56:54 [INFO] request completed
2026-06-17 11:56:55 [ERROR] request failed
2026-06-17 11:56:56 [INFO] health check ok
2026-06-17 11:56:57 [WARN] slow query detected
2026-06-17 11:56:58 [ERROR] database timeout
2026-06-17 11:56:59 [WARN] high memory usage
2026-06-17 11:57:00 [INFO] health check ok
2026-06-17 11:57:01 [INFO] health check ok
2026-06-17 11:57:02 [WARN] retry attempt
2026-06-17 11:57:03 [INFO] user logged in
2026-06-17 11:57:04 [WARN] high memory usage
2026-06-17 11:57:05 [WARN] high memory usage
2026-06-17 11:57:06 [WARN] retry attempt
2026-06-17 11:57:07 [INFO] cache hit
2026-06-17 11:57:08 [WARN] retry attempt
2026-06-17 11:57:09 [WARN] retry attempt
2026-06-17 11:57:10 [WARN] retry attempt
2026-06-17 11:57:11 [WARN] slow query detected
2026-06-17 11:57:12 [INFO] health check ok
2026-06-17 11:57:13 [INFO] cache hit
2026-06-17 11:57:14 [INFO] cache hit
2026-06-17 11:57:15 [INFO] user logged in
2026-06-17 11:57:16 [ERROR] connection refused
2026-06-17 11:57:17 [INFO] health check ok
2026-06-17 11:57:18 [INFO] cache hit
2026-06-17 11:57:19 [WARN] high memory usage
2026-06-17 11:57:20 [INFO] health check ok
2026-06-17 11:57:21 [INFO] health check ok
2026-06-17 11:57:22 [INFO] cache hit
2026-06-17 11:57:23 [ERROR] database timeout
2026-06-17 11:57:24 [WARN] slow query detected
2026-06-17 11:57:25 [INFO] cache hit
2026-06-17 11:57:26 [ERROR] request failed
2026-06-17 11:57:27 [ERROR] nil pointer
2026-06-17 11:57:28 [WARN] high memory usage
2026-06-17 11:57:29 [WARN] high memory usage
2026-06-17 11:57:30 [ERROR] connection refused
2026-06-17 11:57:31 [WARN] high memory usage
2026-06-17 11:57:32 [INFO] health check ok
2026-06-17 11:57:33 [ERROR] request failed
2026-06-17 11:57:34 [INFO] cache hit
2026-06-17 11:57:35 [INFO] health check ok
2026-06-17 11:57:36 [ERROR] request failed
2026-06-17 11:57:37 [INFO] user logged in
2026-06-17 11:57:38 [WARN] high memory usage
2026-06-17 11:57:39 [INFO] cache hit
2026-06-17 11:57:40 [WARN] retry attempt
2026-06-17 11:57:41 [INFO] request completed
2026-06-17 11:57:42 [WARN] retry attempt
2026-06-17 11:57:43 [INFO] user logged in
2026-06-17 11:57:44 [WARN] high memory usage
2026-06-17 11:57:45 [WARN] high memory usage
2026-06-17 11:57:46 [WARN] high memory usage
2026-06-17 11:57:47 [ERROR] database timeout
2026-06-17 11:57:48 [WARN] high memory usage
2026-06-17 11:57:49 [INFO] cache hit
2026-06-17 11:57:50 [INFO] health check ok
2026-06-17 11:57:51 [WARN] high memory usage
2026-06-17 11:57:52 [WARN] slow query detected
2026-06-17 11:57:53 [ERROR] request failed
2026-06-17 11:57:54 [ERROR] request failed
2026-06-17 11:57:55 [WARN] slow query detected
2026-06-17 11:57:56 [INFO] health check ok
2026-06-17 11:57:57 [INFO] request completed
2026-06-17 11:57:58 [WARN] high memory usage
2026-06-17 11:57:59 [ERROR] connection refused
2026-06-17 11:58:00 [ERROR] nil pointer
2026-06-17 11:58:01 [ERROR] database timeout
2026-06-17 11:58:02 [ERROR] nil pointer
2026-06-17 11:58:03 [INFO] request completed
2026-06-17 11:58:04 [ERROR] connection refused
2026-06-17 11:58:05 [ERROR] connection refused
2026-06-17 11:58:06 [WARN] retry attempt
2026-06-17 11:58:07 [INFO] request completed
2026-06-17 11:58:08 [ERROR] request failed
2026-06-17 11:58:09 [WARN] high memory usage
2026-06-17 11:58:10 [ERROR] request failed
2026-06-17 11:58:11 [WARN] slow query detected
2026-06-17 11:58:12 [WARN] retry attempt
2026-06-17 11:58:13 [WARN] slow query detected
2026-06-17 11:58:14 [ERROR] database timeout
2026-06-17 11:58:15 [WARN] slow query detected
2026-06-17 11:58:16 [ERROR] request failed
2026-06-17 11:58:17 [INFO] user logged in
2026-06-17 11:58:18 [ERROR] connection refused
2026-06-17 11:58:19 [WARN] retry attempt
2026-06-17 11:58:20 [INFO] user logged in
2026-06-17 11:58:21 [INFO] health check ok
2026-06-17 11:58:22 [ERROR] connection refused
2026-06-17 11:58:23 [WARN] slow query detected
2026-06-17 11:58:24 [INFO] cache hit
2026-06-17 11:58:25 [INFO] request completed
2026-06-17 11:58:26 [INFO] cache hit
2026-06-17 11:58:27 [INFO] cache hit
2026-06-17 11:58:28 [INFO] request completed
2026-06-17 11:58:29 [WARN] slow query detected
2026-06-17 11:58:30 [ERROR] connection refused
2026-06-17 11:58:31 [ERROR] nil pointer
2026-06-17 11:58:32 [ERROR] connection refused
2026-06-17 11:58:33 [WARN] slow query detected
2026-06-17 11:58:34 [ERROR] nil pointer
2026-06-17 11:58:35 [WARN] retry attempt
2026-06-17 11:58:36 [INFO] user logged in
2026-06-17 11:58:37 [ERROR] database timeout
2026-06-17 11:58:38 [ERROR] nil pointer
2026-06-17 11:58:39 [ERROR] connection refused
2026-06-17 11:58:40 [WARN] slow query detected
2026-06-17 11:58:41 [WARN] retry attempt
2026-06-17 11:58:42 [INFO] health check ok
2026-06-17 11:58:43 [WARN] high memory usage
2026-06-17 11:58:44 [WARN] slow query detected
2026-06-17 11:58:45 [WARN] retry attempt
2026-06-17 11:58:46 [ERROR] nil pointer
2026-06-17 11:58:47 [INFO] cache hit
2026-06-17 11:58:48 [INFO] health check ok
2026-06-17 11:58:49 [WARN] slow query detected
2026-06-17 11:58:50 [ERROR] database timeout
2026-06-17 11:58:51 [WARN] retry attempt
2026-06-17 11:58:52 [ERROR] request failed
2026-06-17 11:58:53 [INFO] health check ok
2026-06-17 11:58:54 [WARN] slow query detected
2026-06-17 11:58:55 [INFO] user logged in
2026-06-17 11:58:56 [WARN] slow query detected
2026-06-17 11:58:57 [ERROR] connection refused
2026-06-17 11:58:58 [ERROR] connection refused
2026-06-17 11:58:59 [WARN] high memory usage
2026-06-17 11:59:00 [ERROR] nil pointer
2026-06-17 11:59:01 [INFO] cache hit
2026-06-17 11:59:02 [ERROR] nil pointer
2026-06-17 11:59:03 [WARN] retry attempt
2026-06-17 11:59:04 [WARN] retry attempt
2026-06-17 11:59:05 [ERROR] database timeout
2026-06-17 11:59:06 [INFO] request completed
2026-06-17 11:59:07 [ERROR] nil pointer
2026-06-17 11:59:08 [ERROR] connection refused
2026-06-17 11:59:09 [WARN] slow query detected
2026-06-17 11:59:10 [WARN] high memory usage
2026-06-17 11:59:11 [INFO] health check ok
2026-06-17 11:59:12 [WARN] slow query detected
2026-06-17 11:59:13 [WARN] retry attempt
2026-06-17 11:59:14 [ERROR] request failed
2026-06-17 11:59:15 [ERROR] database timeout
2026-06-17 11:59:16 [INFO] user logged in
2026-06-17 11:59:17 [WARN] retry attempt
2026-06-17 11:59:18 [INFO] user logged in
2026-06-17 11:59:19 [ERROR] request failed
2026-06-17 11:59:20 [ERROR] database timeout
2026-06-17 11:59:21 [ERROR] nil pointer
2026-06-17 11:59:22 [ERROR] nil pointer
2026-06-17 11:59:23 [ERROR] nil pointer
2026-06-17 11:59:24 [WARN] slow query detected
2026-06-17 11:59:25 [WARN] slow query detected
2026-06-17 11:59:26 [WARN] retry attempt
2026-06-17 11:59:27 [ERROR] request failed
2026-06-17 11:59:28 [INFO] cache hit
2026-06-17 11:59:29 [INFO] user logged in
2026-06-17 11:59:30 [INFO] cache hit
2026-06-17 11:59:31 [ERROR] nil pointer
2026-06-17 11:59:32 [ERROR] database timeout
2026-06-17 11:59:33 [ERROR] connection refused
2026-06-17 11:59:34 [WARN] slow query detected
2026-06-17 11:59:35 [ERROR] nil pointer
2026-06-17 11:59:36 [WARN] high memory usage
2026-06-17 11:59:37 [ERROR] database timeout
2026-06-17 11:59:38 [WARN] retry attempt
2026-06-17 11:59:39 [WARN] slow query detected
2026-06-17 11:59:40 [WARN] high memory usage
2026-06-17 11:59:41 [WARN] high memory usage
2026-06-17 11:59:42 [WARN] retry attempt
2026-06-17 11:59:43 [INFO] request completed
2026-06-17 11:59:44 [ERROR] database timeout
2026-06-17 11:59:45 [INFO] cache hit
2026-06-17 11:59:46 [ERROR] request failed
2026-06-17 11:59:47 [INFO] health check ok
2026-06-17 11:59:48 [WARN] slow query detected
2026-06-17 11:59:49 [ERROR] database timeout
2026-06-17 11:59:50 [WARN] retry attempt
2026-06-17 11:59:51 [INFO] user logged in
2026-06-17 11:59:52 [INFO] request completed
2026-06-17 11:59:53 [ERROR] database timeout
2026-06-17 11:59:54 [WARN] retry attempt
2026-06-17 11:59:55 [ERROR] connection refused
2026-06-17 11:59:56 [WARN] slow query detected
2026-06-17 11:59:57 [WARN] slow query detected
2026-06-17 11:59:58 [INFO] request completed
2026-06-17 11:59:59 [WARN] high memory usage
2026-06-17 12:00:00 [WARN] slow query detected
2026-06-17 12:00:01 [ERROR] database timeout
2026-06-17 12:00:02 [ERROR] nil pointer
2026-06-17 12:00:03 [INFO] health check ok
2026-06-17 12:00:04 [WARN] slow query detected
2026-06-17 12:00:05 [WARN] retry attempt
2026-06-17 12:00:06 [INFO] health check ok
2026-06-17 12:00:07 [WARN] high memory usage
2026-06-17 12:00:08 [ERROR] database timeout
2026-06-17 12:00:09 [ERROR] database timeout
2026-06-17 12:00:10 [WARN] high memory usage
2026-06-17 12:00:11 [WARN] retry attempt
2026-06-17 12:00:12 [WARN] retry attempt
2026-06-17 12:00:13 [ERROR] nil pointer
2026-06-17 12:00:14 [INFO] request completed
2026-06-17 12:00:15 [WARN] retry attempt
2026-06-17 12:00:16 [INFO] health check ok
2026-06-17 12:00:17 [ERROR] request failed
2026-06-17 12:00:18 [WARN] retry attempt
2026-06-17 12:00:19 [WARN] slow query detected
2026-06-17 12:00:20 [INFO] request completed
2026-06-17 12:00:21 [WARN] high memory usage
2026-06-17 12:00:22 [ERROR] request failed
2026-06-17 12:00:23 [ERROR] request failed
2026-06-17 12:00:24 [WARN] high memory usage
2026-06-17 12:00:25 [INFO] user logged in
2026-06-17 12:00:26 [WARN] high memory usage
2026-06-17 12:00:27 [ERROR] nil pointer
2026-06-17 12:00:28 [WARN] retry attempt
2026-06-17 12:00:29 [ERROR] request failed
2026-06-17 12:00:30 [ERROR] connection refused
2026-06-17 12:00:31 [ERROR] database timeout
2026-06-17 12:00:32 [INFO] health check ok
2026-06-17 12:00:33 [WARN] retry attempt
2026-06-17 12:00:34 [ERROR] request failed
2026-06-17 12:00:35 [INFO] user logged in
2026-06-17 12:00:36 [WARN] high memory usage
2026-06-17 12:00:37 [ERROR] request failed
2026-06-17 12:00:38 [INFO] health check ok
2026-06-17 12:00:39 [INFO] health check ok
2026-06-17 12:00:40 [ERROR] connection refused
2026-06-17 12:00:41 [ERROR] database timeout
2026-06-17 12:00:42 [WARN] slow query detected
2026-06-17 12:00:43 [ERROR] request failed
2026-06-17 12:00:44 [ERROR] connection refused
2026-06-17 12:00:45 [WARN] retry attempt
2026-06-17 12:00:46 [ERROR] nil pointer
2026-06-17 12:00:47 [INFO] user logged in
2026-06-17 12:00:48 [INFO] user logged in
2026-06-17 12:00:49 [INFO] health check ok
2026-06-17 12:00:50 [INFO] cache hit
2026-06-17 12:00:51 [ERROR] database timeout
2026-06-17 12:00:52 [WARN] retry attempt
2026-06-17 12:00:53 [WARN] slow query detected
2026-06-17 12:00:54 [INFO] health check ok
2026-06-17 12:00:55 [ERROR] request failed
2026-06-17 12:00:56 [INFO] request completed
2026-06-17 12:00:57 [INFO] request completed
2026-06-17 12:00:58 [INFO] cache hit
2026-06-17 12:00:59 [WARN] retry attempt
2026-06-17 12:01:00 [ERROR] connection refused
2026-06-17 12:01:01 [INFO] health check ok
2026-06-17 12:01:02 [WARN] high memory usage
2026-06-17 12:01:03 [INFO] user logged in
2026-06-17 12:01:04 [INFO] health check ok
2026-06-17 12:01:05 [ERROR] request failed
2026-06-17 12:01:06 [INFO] health check ok
2026-06-17 12:01:07 [WARN] retry attempt
2026-06-17 12:01:08 [WARN] slow query detected
2026-06-17 12:01:09 [ERROR] request failed
2026-06-17 12:01:10 [INFO] user logged in
2026-06-17 12:01:11 [ERROR] connection refused
2026-06-17 12:01:12 [WARN] slow query detected
2026-06-17 12:01:13 [INFO] request completed
2026-06-17 12:01:14 [INFO] health check ok
2026-06-17 12:01:15 [WARN] high memory usage
2026-06-17 12:01:16 [INFO] user logged in
2026-06-17 12:01:17 [ERROR] nil pointer
2026-06-17 12:01:18 [ERROR] request failed
2026-06-17 12:01:19 [ERROR] nil pointer
2026-06-17 12:01:20 [WARN] retry attempt
2026-06-17 12:01:21 [INFO] cache hit
2026-06-17 12:01:22 [ERROR] nil pointer
2026-06-17 12:01:23 [INFO] cache hit
2026-06-17 12:01:24 [ERROR] database timeout
2026-06-17 12:01:25 [WARN] retry attempt
2026-06-17 12:01:26 [INFO] user logged in
2026-06-17 12:01:27 [WARN] slow query detected
2026-06-17 12:01:28 [WARN] slow query detected
2026-06-17 12:01:29 [INFO] health check ok
2026-06-17 12:01:30 [ERROR] database timeout
2026-06-17 12:01:31 [ERROR] nil pointer
2026-06-17 12:01:32 [ERROR] request failed
2026-06-17 12:01:33 [ERROR] request failed
2026-06-17 12:01:34 [INFO] health check ok
2026-06-17 12:01:35 [ERROR] request failed
2026-06-17 12:01:36 [ERROR] connection refused
2026-06-17 12:01:37 [WARN] high memory usage
2026-06-17 12:01:38 [ERROR] request failed
2026-06-17 12:01:39 [INFO] user logged in
2026-06-17 12:01:40 [ERROR] request failed
2026-06-17 12:01:41 [ERROR] nil pointer
2026-06-17 12:01:42 [ERROR] database timeout
2026-06-17 12:01:43 [ERROR] request failed
2026-06-17 12:01:44 [ERROR] request failed
2026-06-17 12:01:45 [INFO] user logged in
2026-06-17 12:01:46 [INFO] user logged in
2026-06-17 12:01:47 [WARN] high memory usage
2026-06-17 12:01:48 [WARN] slow query detected
2026-06-17 12:01:49 [WARN] slow query detected
2026-06-17 12:01:50 [ERROR] nil pointer
2026-06-17 12:01:51 [ERROR] database timeout
2026-06-17 12:01:52 [WARN] high memory usage
2026-06-17 12:01:53 [WARN] retry attempt
2026-06-17 12:01:54 [ERROR] nil pointer
2026-06-17 12:01:55 [INFO] request completed
2026-06-17 12:01:56 [WARN] retry attempt
2026-06-17 12:01:57 [ERROR] request failed
2026-06-17 12:01:58 [INFO] user logged in
2026-06-17 12:01:59 [INFO] cache hit
2026-06-17 12:02:00 [INFO] health check ok
2026-06-17 12:02:01 [WARN] retry attempt
2026-06-17 12:02:02 [INFO] user logged in
2026-06-17 12:02:03 [WARN] high memory usage
2026-06-17 12:02:04 [WARN] slow query detected
2026-06-17 12:02:05 [ERROR] connection refused
2026-06-17 12:02:06 [ERROR] request failed
2026-06-17 12:02:07 [INFO] cache hit
2026-06-17 12:02:08 [ERROR] nil pointer
2026-06-17 12:02:09 [INFO] cache hit
2026-06-17 12:02:10 [ERROR] nil pointer
2026-06-17 12:02:11 [WARN] high memory usage
2026-06-17 12:02:12 [INFO] request completed
2026-06-17 12:02:13 [WARN] slow query detected
2026-06-17 12:02:14 [WARN] slow query detected
2026-06-17 12:02:15 [ERROR] database timeout
2026-06-17 12:02:16 [ERROR] connection refused
2026-06-17 12:02:17 [ERROR] connection refused
2026-06-17 12:02:18 [INFO] user logged in
2026-06-17 12:02:19 [INFO] cache hit
2026-06-17 12:02:20 [WARN] retry attempt
2026-06-17 12:02:21 [WARN] slow query detected
2026-06-17 12:02:22 [ERROR] database timeout
2026-06-17 12:02:23 [WARN] retry attempt
2026-06-17 12:02:24 [ERROR] connection refused
2026-06-17 12:02:25 [INFO] request completed
2026-06-17 12:02:26 [ERROR] nil pointer
2026-06-17 12:02:27 [ERROR] database timeout
2026-06-17 12:02:28 [ERROR] nil pointer
2026-06-17 12:02:29 [WARN] high memory usage
2026-06-17 12:02:30 [INFO] request completed
2026-06-17 12:02:31 [WARN] slow query detected
2026-06-17 12:02:32 [WARN] slow query detected
2026-06-17 12:02:33 [INFO] cache hit
2026-06-17 12:02:34 [WARN] slow query detected
2026-06-17 12:02:35 [WARN] slow query detected
2026-06-17 12:02:36 [INFO] request completed
2026-06-17 12:02:37 [WARN] high memory usage
2026-06-17 12:02:38 [INFO] health check ok
2026-06-17 12:02:39 [ERROR] connection refused
2026-06-17 12:02:40 [INFO] cache hit
2026-06-17 12:02:41 [WARN] high memory usage
2026-06-17 12:02:42 [INFO] cache hit
2026-06-17 12:02:43 [INFO] cache hit
2026-06-17 12:02:44 [INFO] request completed
2026-06-17 12:02:45 [WARN] retry attempt
2026-06-17 12:02:46 [WARN] retry attempt
2026-06-17 12:02:47 [ERROR] database timeout
2026-06-17 12:02:48 [WARN] retry attempt
2026-06-17 12:02:49 [INFO] cache hit
2026-06-17 12:02:50 [INFO] request completed
2026-06-17 12:02:51 [ERROR] database timeout
2026-06-17 12:02:52 [INFO] cache hit
2026-06-17 12:02:53 [WARN] high memory usage
2026-06-17 12:02:54 [WARN] slow query detected
2026-06-17 12:02:55 [ERROR] request failed
2026-06-17 12:02:56 [ERROR] database timeout
2026-06-17 12:02:57 [ERROR] nil pointer
2026-06-17 12:02:58 [INFO] user logged in
2026-06-17 12:02:59 [ERROR] connection refused
2026-06-17 12:03:00 [WARN] high memory usage
2026-06-17 12:03:01 [WARN] slow query detected
2026-06-17 12:03:02 [ERROR] request failed
2026-06-17 12:03:03 [WARN] slow query detected
2026-06-17 12:03:04 [INFO] user logged in
2026-06-17 12:03:05 [INFO] user logged in
2026-06-17 12:03:06 [ERROR] request failed
2026-06-17 12:03:07 [INFO] cache hit
2026-06-17 12:03:08 [INFO] user logged in
2026-06-17 12:03:09 [INFO] request completed
2026-06-17 12:03:10 [WARN] slow query detected
2026-06-17 12:03:11 [WARN] retry attempt
2026-06-17 12:03:12 [ERROR] database timeout
2026-06-17 12:03:13 [ERROR] request failed
2026-06-17 12:03:14 [WARN] retry attempt
2026-06-17 12:03:15 [WARN] high memory usage
2026-06-17 12:03:16 [WARN] retry attempt
2026-06-17 12:03:17 [INFO] user logged in
2026-06-17 12:03:18 [WARN] retry attempt
2026-06-17 12:03:19 [ERROR] nil pointer
2026-06-17 12:03:20 [ERROR] connection refused
2026-06-17 12:03:21 [ERROR] connection refused
2026-06-17 12:03:22 [INFO] cache hit
2026-06-17 12:03:23 [INFO] health check ok
2026-06-17 12:03:24 [WARN] retry attempt
2026-06-17 12:03:25 [WARN] retry attempt
2026-06-17 12:03:26 [INFO] request completed
2026-06-17 12:03:27 [WARN] slow query detected
2026-06-17 12:03:28 [WARN] slow query detected
2026-06-17 12:03:29 [WARN] retry attempt
2026-06-17 12:03:30 [ERROR] nil pointer
2026-06-17 12:03:31 [INFO] user logged in
2026-06-17 12:03:32 [ERROR] database timeout
2026-06-17 12:03:33 [INFO] user logged in
2026-06-17 12:03:34 [WARN] high memory usage
2026-06-17 12:03:35 [ERROR] connection refused
2026-06-17 12:03:36 [INFO] user logged in
2026-06-17 12:03:37 [WARN] retry attempt
2026-06-17 12:03:38 [WARN] high memory usage
2026-06-17 12:03:39 [INFO] cache hit
2026-06-17 12:03:40 [ERROR] connection refused
2026-06-17 12:03:41 [WARN] retry attempt
2026-06-17 12:03:42 [ERROR] request failed
2026-06-17 12:03:43 [INFO] health check ok
2026-06-17 12:03:44 [ERROR] database timeout
2026-06-17 12:03:45 [WARN] slow query detected
2026-06-17 12:03:46 [INFO] health check ok
2026-06-17 12:03:47 [INFO] user logged in
2026-06-17 12:03:48 [INFO] health check ok
2026-06-17 12:03:49 [WARN] slow query detected
2026-06-17 12:03:50 [WARN] slow query detected
2026-06-17 12:03:51 [INFO] health check ok
2026-06-17 12:03:52 [WARN] retry attempt
2026-06-17 12:03:53 [ERROR] request failed
2026-06-17 12:03:54 [INFO] cache hit
2026-06-17 12:03:55 [INFO] user logged in
2026-06-17 12:03:56 [INFO] user logged in
2026-06-17 12:03:57 [INFO] request completed
2026-06-17 12:03:58 [WARN] slow query detected
2026-06-17 12:03:59 [INFO] health check ok
2026-06-17 12:04:00 [WARN] high memory usage
2026-06-17 12:04:01 [WARN] slow query detected
2026-06-17 12:04:02 [WARN] retry attempt
2026-06-17 12:04:03 [WARN] slow query detected
2026-06-17 12:04:04 [WARN] retry attempt
2026-06-17 12:04:05 [WARN] retry attempt
2026-06-17 12:04:06 [WARN] slow query detected
2026-06-17 12:04:07 [ERROR] connection refused
2026-06-17 12:04:08 [ERROR] nil pointer
2026-06-17 12:04:09 [WARN] retry attempt
2026-06-17 12:04:10 [INFO] health check ok
2026-06-17 12:04:11 [INFO] cache hit
2026-06-17 12:04:12 [ERROR] database timeout
2026-06-17 12:04:13 [WARN] high memory usage
2026-06-17 12:04:14 [INFO] cache hit
2026-06-17 12:04:15 [INFO] request completed
2026-06-17 12:04:16 [WARN] slow query detected
2026-06-17 12:04:17 [INFO] request completed
2026-06-17 12:04:18 [INFO] health check ok
2026-06-17 12:04:19 [INFO] user logged in
2026-06-17 12:04:20 [ERROR] connection refused
2026-06-17 12:04:21 [ERROR] connection refused
2026-06-17 12:04:22 [ERROR] nil pointer
2026-06-17 12:04:23 [ERROR] request failed
2026-06-17 12:04:24 [ERROR] nil pointer
2026-06-17 12:04:25 [INFO] health check ok
2026-06-17 12:04:26 [ERROR] request failed
2026-06-17 12:04:27 [WARN] retry attempt
2026-06-17 12:04:28 [INFO] request completed
2026-06-17 12:04:29 [INFO] health check ok
2026-06-17 12:04:30 [INFO] health check ok
2026-06-17 12:04:31 [INFO] cache hit
2026-06-17 12:04:32 [INFO] health check ok
2026-06-17 12:04:33 [WARN] high memory usage
2026-06-17 12:04:34 [INFO] user logged in
2026-06-17 12:04:35 [WARN] retry attempt
2026-06-17 12:04:36 [INFO] user logged in
2026-06-17 12:04:37 [ERROR] database timeout
2026-06-17 12:04:38 [WARN] slow query detected
2026-06-17 12:04:39 [INFO] user logged in
2026-06-17 12:04:40 [INFO] user logged in
2026-06-17 12:04:41 [ERROR] nil pointer
2026-06-17 12:04:42 [ERROR] connection refused
2026-06-17 12:04:43 [WARN] slow query detected
2026-06-17 12:04:44 [WARN] slow query detected
2026-06-17 12:04:45 [WARN] retry attempt
2026-06-17 12:04:46 [INFO] health check ok
2026-06-17 12:04:47 [INFO] request completed
2026-06-17 12:04:48 [INFO] cache hit
2026-06-17 12:04:49 [ERROR] connection refused
2026-06-17 12:04:50 [ERROR] database timeout
2026-06-17 12:04:51 [ERROR] nil pointer
2026-06-17 12:04:52 [INFO] health check ok
2026-06-17 12:04:53 [ERROR] request failed
2026-06-17 12:04:54 [WARN] slow query detected
2026-06-17 12:04:55 [ERROR] connection refused
2026-06-17 12:04:56 [ERROR] nil pointer
2026-06-17 12:04:57 [ERROR] database timeout
2026-06-17 12:04:58 [WARN] retry attempt
2026-06-17 12:04:59 [ERROR] request failed
2026-06-17 12:05:00 [WARN] slow query detected
2026-06-17 12:05:01 [ERROR] database timeout
2026-06-17 12:05:02 [INFO] health check ok
2026-06-17 12:05:03 [INFO] user logged in
2026-06-17 12:05:04 [WARN] high memory usage
2026-06-17 12:05:05 [WARN] slow query detected
2026-06-17 12:05:06 [ERROR] request failed
2026-06-17 12:05:07 [INFO] user logged in
2026-06-17 12:05:08 [ERROR] nil pointer
2026-06-17 12:05:09 [WARN] retry attempt
2026-06-17 12:05:10 [ERROR] connection refused
2026-06-17 12:05:11 [ERROR] database timeout
2026-06-17 12:05:12 [WARN] slow query detected
2026-06-17 12:05:13 [WARN] retry attempt
2026-06-17 12:05:14 [WARN] high memory usage
2026-06-17 12:05:15 [INFO] request completed
2026-06-17 12:05:16 [ERROR] nil pointer
2026-06-17 12:05:17 [ERROR] connection refused
2026-06-17 12:05:18 [INFO] user logged in
2026-06-17 12:05:19 [INFO] health check ok
2026-06-17 12:05:20 [ERROR] request failed
2026-06-17 12:05:21 [INFO] cache hit
2026-06-17 12:05:22 [INFO] health check ok
2026-06-17 12:05:23 [INFO] user logged in
2026-06-17 12:05:24 [INFO] user logged in
2026-06-17 12:05:25 [ERROR] database timeout
2026-06-17 12:05:26 [WARN] slow query detected
2026-06-17 12:05:27 [INFO] cache hit
2026-06-17 12:05:28 [WARN] slow query detected
2026-06-17 12:05:29 [ERROR] connection refused
2026-06-17 12:05:30 [WARN] high memory usage
2026-06-17 12:05:31 [INFO] cache hit
2026-06-17 12:05:32 [ERROR] nil pointer
2026-06-17 12:05:33 [INFO] health check ok
2026-06-17 12:05:34 [WARN] slow query detected
2026-06-17 12:05:35 [ERROR] connection refused
2026-06-17 12:05:36 [INFO] cache hit
2026-06-17 12:05:37 [INFO] request completed
2026-06-17 12:05:38 [ERROR] request failed
2026-06-17 12:05:39 [INFO] health check ok
2026-06-17 12:05:40 [ERROR] nil pointer
2026-06-17 12:05:41 [INFO] request completed
2026-06-17 12:05:42 [INFO] request completed
2026-06-17 12:05:43 [ERROR] request failed
2026-06-17 12:05:44 [INFO] user logged in
2026-06-17 12:05:45 [ERROR] connection refused
2026-06-17 12:05:46 [ERROR] database timeout
2026-06-17 12:05:47 [WARN] slow query detected
2026-06-17 12:05:48 [INFO] cache hit
2026-06-17 12:05:49 [WARN] high memory usage
2026-06-17 12:05:50 [INFO] user logged in
2026-06-17 12:05:51 [WARN] slow query detected
2026-06-17 12:05:52 [INFO] health check ok
2026-06-17 12:05:53 [INFO] cache hit
2026-06-17 12:05:54 [WARN] retry attempt
2026-06-17 12:05:55 [INFO] health check ok
2026-06-17 12:05:56 [ERROR] database timeout
2026-06-17 12:05:57 [WARN] high memory usage
2026-06-17 12:05:58 [INFO] health check ok
2026-06-17 12:05:59 [ERROR] database timeout
2026-06-17 12:06:00 [INFO] request completed
2026-06-17 12:06:01 [INFO] request completed
2026-06-17 12:06:02 [WARN] retry attempt
2026-06-17 12:06:03 [ERROR] database timeout
2026-06-17 12:06:04 [WARN] slow query detected
2026-06-17 12:06:05 [WARN] slow query detected
2026-06-17 12:06:06 [ERROR] connection refused
2026-06-17 12:06:07 [INFO] request completed
2026-06-17 12:06:08 [ERROR] database timeout
2026-06-17 12:06:09 [WARN] high memory usage
2026-06-17 12:06:10 [ERROR] request failed
2026-06-17 12:06:11 [ERROR] database timeout
2026-06-17 12:06:12 [ERROR] connection refused
2026-06-17 12:06:13 [WARN] retry attempt
2026-06-17 12:06:14 [WARN] retry attempt
2026-06-17 12:06:15 [ERROR] request failed
2026-06-17 12:06:16 [INFO] request completed
2026-06-17 12:06:17 [ERROR] nil pointer
2026-06-17 12:06:18 [INFO] request completed
2026-06-17 12:06:19 [INFO] health check ok
2026-06-17 12:06:20 [WARN] retry attempt
2026-06-17 12:06:21 [INFO] cache hit
2026-06-17 12:06:22 [INFO] health check ok
2026-06-17 12:06:23 [INFO] request completed
2026-06-17 12:06:24 [ERROR] nil pointer
2026-06-17 12:06:25 [ERROR] request failed
2026-06-17 12:06:26 [WARN] retry attempt
2026-06-17 12:06:27 [WARN] retry attempt
2026-06-17 12:06:28 [WARN] retry attempt
2026-06-17 12:06:29 [WARN] retry attempt
2026-06-17 12:06:30 [ERROR] nil pointer
2026-06-17 12:06:31 [ERROR] request failed
2026-06-17 12:06:32 [INFO] user logged in
2026-06-17 12:06:33 [INFO] cache hit
2026-06-17 12:06:34 [ERROR] connection refused
2026-06-17 12:06:35 [ERROR] nil pointer
2026-06-17 12:06:36 [INFO] user logged in
2026-06-17 12:06:37 [INFO] user logged in
2026-06-17 12:06:38 [INFO] health check ok
2026-06-17 12:06:39 [WARN] slow query detected
2026-06-17 12:06:40 [WARN] slow query detected
2026-06-17 12:06:41 [WARN] slow query detected
2026-06-17 12:06:42 [ERROR] database timeout
2026-06-17 12:06:43 [WARN] slow query detected
2026-06-17 12:06:44 [WARN] high memory usage
2026-06-17 12:06:45 [WARN] slow query detected
2026-06-17 12:06:46 [WARN] high memory usage
2026-06-17 12:06:47 [INFO] health check ok
2026-06-17 12:06:48 [ERROR] request failed
2026-06-17 12:06:49 [ERROR] nil pointer
2026-06-17 12:06:50 [WARN] high memory usage
2026-06-17 12:06:51 [ERROR] connection refused
2026-06-17 12:06:52 [WARN] high memory usage
2026-06-17 12:06:53 [WARN] high memory usage
2026-06-17 12:06:54 [ERROR] database timeout
2026-06-17 12:06:55 [INFO] health check ok
2026-06-17 12:06:56 [INFO] cache hit
2026-06-17 12:06:57 [ERROR] request failed
2026-06-17 12:06:58 [ERROR] database timeout
2026-06-17 12:06:59 [INFO] request completed
2026-06-17 12:07:00 [ERROR] request failed
2026-06-17 12:07:01 [ERROR] database timeout
2026-06-17 12:07:02 [INFO] user logged in
2026-06-17 12:07:03 [INFO] user logged in
2026-06-17 12:07:04 [INFO] user logged in
2026-06-17 12:07:05 [WARN] slow query detected
2026-06-17 12:07:06 [ERROR] database timeout
2026-06-17 12:07:07 [ERROR] nil pointer
2026-06-17 12:07:08 [WARN] high memory usage
2026-06-17 12:07:09 [WARN] slow query detected
2026-06-17 12:07:10 [INFO] cache hit
2026-06-17 12:07:11 [ERROR] connection refused
2026-06-17 12:07:12 [ERROR] request failed
2026-06-17 12:07:13 [WARN] high memory usage
2026-06-17 12:07:14 [ERROR] connection refused
2026-06-17 12:07:15 [INFO] cache hit
2026-06-17 12:07:16 [WARN] high memory usage
2026-06-17 12:07:17 [ERROR] request failed
2026-06-17 12:07:18 [ERROR] connection refused
2026-06-17 12:07:19 [WARN] high memory usage
2026-06-17 12:07:20 [INFO] request completed
2026-06-17 12:07:21 [INFO] health check ok
2026-06-17 12:07:22 [INFO] request completed
2026-06-17 12:07:23 [WARN] slow query detected
2026-06-17 12:07:24 [ERROR] request failed
2026-06-17 12:07:25 [ERROR] nil pointer
2026-06-17 12:07:26 [ERROR] database timeout
2026-06-17 12:07:27 [INFO] health check ok
2026-06-17 12:07:28 [INFO] health check ok
2026-06-17 12:07:29 [INFO] request completed
2026-06-17 12:07:30 [INFO] cache hit
2026-06-17 12:07:31 [INFO] user logged in
2026-06-17 12:07:32 [INFO] cache hit
2026-06-17 12:07:33 [WARN] retry attempt
2026-06-17 12:07:34 [ERROR] database timeout
2026-06-17 12:07:35 [ERROR] nil pointer
2026-06-17 12:07:36 [WARN] retry attempt
2026-06-17 12:07:37 [ERROR] connection refused
2026-06-17 12:07:38 [INFO] cache hit
2026-06-17 12:07:39 [ERROR] nil pointer
2026-06-17 12:07:40 [WARN] retry attempt
2026-06-17 12:07:41 [INFO] request completed
2026-06-17 12:07:42 [INFO] cache hit
2026-06-17 12:07:43 [INFO] cache hit
2026-06-17 12:07:44 [INFO] health check ok
2026-06-17 12:07:45 [WARN] high memory usage
2026-06-17 12:07:46 [WARN] slow query detected
2026-06-17 12:07:47 [ERROR] nil pointer
2026-06-17 12:07:48 [INFO] cache hit
2026-06-17 12:07:49 [ERROR] nil pointer
2026-06-17 12:07:50 [ERROR] connection refused
2026-06-17 12:07:51 [ERROR] connection refused
2026-06-17 12:07:52 [ERROR] database timeout
2026-06-17 12:07:53 [INFO] request completed
2026-06-17 12:07:54 [INFO] health check ok
2026-06-17 12:07:55 [ERROR] nil pointer
2026-06-17 12:07:56 [WARN] high memory usage
2026-06-17 12:07:57 [INFO] request completed
2026-06-17 12:07:58 [INFO] request completed
2026-06-17 12:07:59 [WARN] slow query detected
2026-06-17 12:08:00 [INFO] health check ok
2026-06-17 12:08:01 [ERROR] database timeout
2026-06-17 12:08:02 [INFO] request completed
2026-06-17 12:08:03 [WARN] high memory usage
2026-06-17 12:08:04 [ERROR] connection refused
2026-06-17 12:08:05 [ERROR] database timeout
2026-06-17 12:08:06 [INFO] user logged in
2026-06-17 12:08:07 [INFO] cache hit
2026-06-17 12:08:08 [WARN] high memory usage
2026-06-17 12:08:09 [ERROR] database timeout
2026-06-17 12:08:10 [INFO] user logged in
2026-06-17 12:08:11 [INFO] user logged in
2026-06-17 12:08:12 [WARN] high memory usage
2026-06-17 12:08:13 [WARN] retry attempt
2026-06-17 12:08:14 [WARN] retry attempt
2026-06-17 12:08:15 [WARN] retry attempt
2026-06-17 12:08:16 [ERROR] database timeout
2026-06-17 12:08:17 [INFO] user logged in
2026-06-17 12:08:18 [INFO] request completed
2026-06-17 12:08:19 [INFO] request completed
2026-06-17 12:08:20 [ERROR] database timeout
2026-06-17 12:08:21 [INFO] health check ok
2026-06-17 12:08:22 [ERROR] nil pointer
2026-06-17 12:08:23 [WARN] high memory usage
2026-06-17 12:08:24 [ERROR] nil pointer
2026-06-17 12:08:25 [ERROR] connection refused
2026-06-17 12:08:26 [WARN] slow query detected
2026-06-17 12:08:27 [WARN] high memory usage
2026-06-17 12:08:28 [INFO] user logged in
2026-06-17 12:08:29 [WARN] retry attempt
2026-06-17 12:08:30 [WARN] high memory usage
2026-06-17 12:08:31 [WARN] retry attempt
2026-06-17 12:08:32 [WARN] high memory usage
2026-06-17 12:08:33 [WARN] high memory usage
2026-06-17 12:08:34 [WARN] slow query detected
2026-06-17 12:08:35 [INFO] user logged in
2026-06-17 12:08:36 [INFO] health check ok
2026-06-17 12:08:37 [WARN] slow query detected
2026-06-17 12:08:38 [ERROR] nil pointer
2026-06-17 12:08:39 [WARN] retry attempt
2026-06-17 12:08:40 [ERROR] request failed
2026-06-17 12:08:41 [ERROR] request failed
2026-06-17 12:08:42 [INFO] health check ok
2026-06-17 12:08:43 [ERROR] connection refused
2026-06-17 12:08:44 [INFO] request completed
2026-06-17 12:08:45 [INFO] user logged in
2026-06-17 12:08:46 [INFO] health check ok
2026-06-17 12:08:47 [WARN] high memory usage
2026-06-17 12:08:48 [INFO] health check ok
2026-06-17 12:08:49 [INFO] request completed
2026-06-17 12:08:50 [WARN] retry attempt
2026-06-17 12:08:51 [ERROR] request failed
2026-06-17 12:08:52 [INFO] user logged in
2026-06-17 12:08:53 [INFO] request completed
2026-06-17 12:08:54 [ERROR] request failed
2026-06-17 12:08:55 [INFO] health check ok
2026-06-17 12:08:56 [WARN] retry attempt
2026-06-17 12:08:57 [INFO] user logged in
2026-06-17 12:08:58 [WARN] retry attempt
2026-06-17 12:08:59 [INFO] health check ok
2026-06-17 12:09:00 [INFO] request completed
2026-06-17 12:09:01 [ERROR] connection refused
2026-06-17 12:09:02 [WARN] retry attempt
2026-06-17 12:09:03 [WARN] retry attempt
2026-06-17 12:09:04 [WARN] slow query detected
2026-06-17 12:09:05 [INFO] user logged in
2026-06-17 12:09:06 [ERROR] request failed
2026-06-17 12:09:07 [WARN] retry attempt
2026-06-17 12:09:08 [WARN] retry attempt
2026-06-17 12:09:09 [INFO] user logged in
2026-06-17 12:09:10 [WARN] high memory usage
2026-06-17 12:09:11 [WARN] slow query detected
2026-06-17 12:09:12 [WARN] retry attempt
2026-06-17 12:09:13 [INFO] request completed
2026-06-17 12:09:14 [WARN] slow query detected
2026-06-17 12:09:15 [ERROR] request failed
2026-06-17 12:09:16 [WARN] retry attempt
2026-06-17 12:09:17 [WARN] slow query detected
2026-06-17 12:09:18 [INFO] user logged in
2026-06-17 12:09:19 [ERROR] request failed
2026-06-17 12:09:20 [ERROR] nil pointer
2026-06-17 12:09:21 [WARN] slow query detected
2026-06-17 12:09:22 [WARN] retry attempt
2026-06-17 12:09:23 [WARN] slow query detected
2026-06-17 12:09:24 [INFO] user logged in
2026-06-17 12:09:25 [ERROR] database timeout
2026-06-17 12:09:26 [WARN] high memory usage
2026-06-17 12:09:27 [INFO] health check ok
2026-06-17 12:09:28 [INFO] request completed
2026-06-17 12:09:29 [ERROR] connection refused
2026-06-17 12:09:30 [WARN] slow query detected
2026-06-17 12:09:31 [WARN] retry attempt
2026-06-17 12:09:32 [ERROR] request failed
2026-06-17 12:09:33 [WARN] retry attempt
2026-06-17 12:09:34 [INFO] user logged in
2026-06-17 12:09:35 [WARN] high memory usage
2026-06-17 12:09:36 [ERROR] connection refused
2026-06-17 12:09:37 [ERROR] request failed
2026-06-17 12:09:38 [WARN] retry attempt
2026-06-17 12:09:39 [INFO] cache hit
2026-06-17 12:09:40 [INFO] health check ok
2026-06-17 12:09:41 [INFO] cache hit
2026-06-17 12:09:42 [INFO] request completed
2026-06-17 12:09:43 [ERROR] nil pointer
2026-06-17 12:09:44 [ERROR] nil pointer
2026-06-17 12:09:45 [WARN] high memory usage
2026-06-17 12:09:46 [ERROR] request failed
2026-06-17 12:09:47 [WARN] high memory usage
2026-06-17 12:09:48 [WARN] retry attempt
2026-06-17 12:09:49 [WARN] retry attempt
2026-06-17 12:09:50 [ERROR] connection refused
2026-06-17 12:09:51 [WARN] slow query detected
2026-06-17 12:09:52 [INFO] health check ok
2026-06-17 12:09:53 [INFO] request completed
2026-06-17 12:09:54 [WARN] slow query detected
2026-06-17 12:09:55 [ERROR] nil pointer
2026-06-17 12:09:56 [ERROR] request failed
2026-06-17 12:09:57 [INFO] cache hit
2026-06-17 12:09:58 [INFO] request completed
2026-06-17 12:09:59 [WARN] high memory usage
2026-06-17 12:10:00 [ERROR] nil pointer
2026-06-17 12:10:01 [WARN] slow query detected
2026-06-17 12:10:02 [ERROR] database timeout
2026-06-17 12:10:03 [WARN] retry attempt
2026-06-17 12:10:04 [INFO] health check ok
2026-06-17 12:10:05 [WARN] slow query detected
2026-06-17 12:10:06 [INFO] cache hit
2026-06-17 12:10:07 [ERROR] connection refused
2026-06-17 12:10:08 [INFO] cache hit
2026-06-17 12:10:09 [ERROR] connection refused
2026-06-17 12:10:10 [INFO] health check ok
2026-06-17 12:10:11 [ERROR] database timeout
2026-06-17 12:10:12 [INFO] health check ok
2026-06-17 12:10:13 [ERROR] database timeout
2026-06-17 12:10:14 [INFO] cache hit
2026-06-17 12:10:15 [INFO] cache hit
2026-06-17 12:10:16 [INFO] cache hit
2026-06-17 12:10:17 [WARN] slow query detected
2026-06-17 12:10:18 [ERROR] connection refused
2026-06-17 12:10:19 [WARN] slow query detected
2026-06-17 12:10:20 [ERROR] nil pointer
2026-06-17 12:10:21 [ERROR] request failed
2026-06-17 12:10:22 [ERROR] connection refused
2026-06-17 12:10:23 [ERROR] database timeout
2026-06-17 12:10:24 [ERROR] database timeout
2026-06-17 12:10:25 [ERROR] request failed
2026-06-17 12:10:26 [INFO] health check ok
2026-06-17 12:10:27 [ERROR] database timeout
2026-06-17 12:10:28 [ERROR] nil pointer
2026-06-17 12:10:29 [ERROR] connection refused
2026-06-17 12:10:30 [WARN] retry attempt
2026-06-17 12:10:31 [ERROR] nil pointer
2026-06-17 12:10:32 [ERROR] connection refused
2026-06-17 12:10:33 [ERROR] nil pointer
2026-06-17 12:10:34 [INFO] cache hit
2026-06-17 12:10:35 [INFO] cache hit
2026-06-17 12:10:36 [WARN] slow query detected
2026-06-17 12:10:37 [WARN] slow query detected
2026-06-17 12:10:38 [ERROR] nil pointer
2026-06-17 12:10:39 [WARN] high memory usage
2026-06-17 12:10:40 [INFO] cache hit
2026-06-17 12:10:41 [INFO] health check ok
2026-06-17 12:10:42 [WARN] high memory usage
2026-06-17 12:10:43 [INFO] health check ok
2026-06-17 12:10:44 [INFO] health check ok
2026-06-17 12:10:45 [WARN] slow query detected
2026-06-17 12:10:46 [ERROR] request failed
2026-06-17 12:10:47 [WARN] high memory usage
2026-06-17 12:10:48 [WARN] retry attempt
2026-06-17 12:10:49 [WARN] slow query detected
2026-06-17 12:10:50 [WARN] retry attempt
2026-06-17 12:10:51 [ERROR] database timeout
2026-06-17 12:10:52 [WARN] slow query detected
2026-06-17 12:10:53 [WARN] high memory usage
2026-06-17 12:10:54 [WARN] retry attempt
2026-06-17 12:10:55 [ERROR] connection refused
2026-06-17 12:10:56 [WARN] retry attempt
2026-06-17 12:10:57 [WARN] slow query detected
2026-06-17 12:10:58 [WARN] high memory usage
2026-06-17 12:10:59 [ERROR] nil pointer
2026-06-17 12:11:00 [INFO] user logged in
2026-06-17 12:11:01 [ERROR] database timeout
2026-06-17 12:11:02 [WARN] retry attempt
2026-06-17 12:11:03 [WARN] retry attempt
2026-06-17 12:11:04 [INFO] health check ok
2026-06-17 12:11:05 [INFO] health check ok
2026-06-17 12:11:06 [ERROR] nil pointer
2026-06-17 12:11:07 [INFO] request completed
2026-06-17 12:11:08 [ERROR] nil pointer
2026-06-17 12:11:09 [WARN] high memory usage
2026-06-17 12:11:10 [WARN] slow query detected
2026-06-17 12:11:11 [ERROR] request failed
2026-06-17 12:11:12 [INFO] user logged in
2026-06-17 12:11:13 [WARN] slow query detected
2026-06-17 12:11:14 [ERROR] request failed
2026-06-17 12:11:15 [INFO] request completed
2026-06-17 12:11:16 [ERROR] connection refused
2026-06-17 12:11:17 [ERROR] connection refused
2026-06-17 12:11:18 [ERROR] database timeout
2026-06-17 12:11:19 [INFO] user logged in
2026-06-17 12:11:20 [ERROR] connection refused
2026-06-17 12:11:21 [WARN] slow query detected
2026-06-17 12:11:22 [ERROR] connection refused
2026-06-17 12:11:23 [INFO] cache hit
2026-06-17 12:11:24 [INFO] health check ok
2026-06-17 12:11:25 [ERROR] request failed
2026-06-17 12:11:26 [INFO] health check ok
2026-06-17 12:11:27 [ERROR] connection refused
2026-06-17 12:11:28 [INFO] health check ok
2026-06-17 12:11:29 [WARN] retry attempt
2026-06-17 12:11:30 [ERROR] connection refused
2026-06-17 12:11:31 [WARN] slow query detected
2026-06-17 12:11:32 [WARN] retry attempt
2026-06-17 12:11:33 [INFO] user logged in
2026-06-17 12:11:34 [ERROR] database timeout
2026-06-17 12:11:35 [INFO] health check ok
2026-06-17 12:11:36 [ERROR] nil pointer
2026-06-17 12:11:37 [ERROR] request failed
2026-06-17 12:11:38 [ERROR] request failed
2026-06-17 12:11:39 [ERROR] request failed
2026-06-17 12:11:40 [INFO] health check ok
2026-06-17 12:11:41 [INFO] user logged in
2026-06-17 12:11:42 [ERROR] connection refused
2026-06-17 12:11:43 [ERROR] request failed
2026-06-17 12:11:44 [INFO] user logged in
2026-06-17 12:11:45 [WARN] retry attempt
2026-06-17 12:11:46 [WARN] slow query detected
2026-06-17 12:11:47 [INFO] request completed
2026-06-17 12:11:48 [WARN] high memory usage
2026-06-17 12:11:49 [INFO] cache hit
2026-06-17 12:11:50 [INFO] health check ok
2026-06-17 12:11:51 [ERROR] database timeout
2026-06-17 12:11:52 [WARN] retry attempt
2026-06-17 12:11:53 [WARN] slow query detected
2026-06-17 12:11:54 [INFO] user logged in
2026-06-17 12:11:55 [INFO] cache hit
2026-06-17 12:11:56 [ERROR] request failed
2026-06-17 12:11:57 [INFO] cache hit
2026-06-17 12:11:58 [WARN] high memory usage
2026-06-17 12:11:59 [WARN] slow query detected
2026-06-17 12:12:00 [INFO] health check ok
2026-06-17 12:12:01 [WARN] slow query detected
2026-06-17 12:12:02 [WARN] slow query detected
2026-06-17 12:12:03 [INFO] user logged in
2026-06-17 12:12:04 [WARN] slow query detected
2026-06-17 12:12:05 [INFO] user logged in
2026-06-17 12:12:06 [WARN] slow query detected
2026-06-17 12:12:07 [WARN] retry attempt
2026-06-17 12:12:08 [WARN] retry attempt
2026-06-17 12:12:09 [INFO] health check ok
2026-06-17 12:12:10 [WARN] high memory usage
2026-06-17 12:12:11 [WARN] slow query detected
2026-06-17 12:12:12 [INFO] health check ok
2026-06-17 12:12:13 [ERROR] nil pointer
2026-06-17 12:12:14 [ERROR] request failed
2026-06-17 12:12:15 [ERROR] connection refused
2026-06-17 12:12:16 [INFO] user logged in
2026-06-17 12:12:17 [INFO] user logged in
2026-06-17 12:12:18 [ERROR] database timeout
2026-06-17 12:12:19 [INFO] cache hit
2026-06-17 12:12:20 [ERROR] database timeout
2026-06-17 12:12:21 [WARN] high memory usage
2026-06-17 12:12:22 [ERROR] request failed
2026-06-17 12:12:23 [ERROR] request failed
2026-06-17 12:12:24 [INFO] request completed
2026-06-17 12:12:25 [WARN] high memory usage
2026-06-17 12:12:26 [INFO] user logged in
2026-06-17 12:12:27 [WARN] high memory usage
2026-06-17 12:12:28 [INFO] cache hit
2026-06-17 12:12:29 [ERROR] database timeout
2026-06-17 12:12:30 [ERROR] request failed
2026-06-17 12:12:31 [WARN] slow query detected
2026-06-17 12:12:32 [INFO] request completed
2026-06-17 12:12:33 [ERROR] request failed
2026-06-17 12:12:34 [ERROR] connection refused
2026-06-17 12:12:35 [INFO] cache hit
2026-06-17 12:12:36 [ERROR] database timeout
2026-06-17 12:12:37 [INFO] cache hit
2026-06-17 12:12:38 [ERROR] database timeout
2026-06-17 12:12:39 [ERROR] request failed
2026-06-17 12:12:40 [ERROR] nil pointer
2026-06-17 12:12:41 [WARN] retry attempt
2026-06-17 12:12:42 [INFO] request completed
2026-06-17 12:12:43 [ERROR] database timeout
2026-06-17 12:12:44 [WARN] slow query detected
2026-06-17 12:12:45 [INFO] cache hit
2026-06-17 12:12:46 [WARN] slow query detected
2026-06-17 12:12:47 [ERROR] request failed
2026-06-17 12:12:48 [ERROR] connection refused
2026-06-17 12:12:49 [ERROR] nil pointer
2026-06-17 12:12:50 [INFO] cache hit
2026-06-17 12:12:51 [INFO] health check ok
2026-06-17 12:12:52 [INFO] user logged in
2026-06-17 12:12:53 [WARN] slow query detected
2026-06-17 12:12:54 [ERROR] nil pointer
2026-06-17 12:12:55 [WARN] high memory usage
2026-06-17 12:12:56 [WARN] retry attempt
2026-06-17 12:12:57 [WARN] slow query detected
2026-06-17 12:12:58 [WARN] slow query detected
2026-06-17 12:12:59 [INFO] health check ok
2026-06-17 12:13:00 [ERROR] nil pointer
2026-06-17 12:13:01 [INFO] user logged in
2026-06-17 12:13:02 [ERROR] nil pointer
2026-06-17 12:13:03 [WARN] high memory usage
2026-06-17 12:13:04 [INFO] health check ok
2026-06-17 12:13:05 [WARN] retry attempt
2026-06-17 12:13:06 [WARN] slow query detected
2026-06-17 12:13:07 [INFO] health check ok
2026-06-17 12:13:08 [INFO] cache hit
2026-06-17 12:13:09 [WARN] slow query detected
2026-06-17 12:13:10 [WARN] retry attempt
2026-06-17 12:13:11 [WARN] retry attempt
2026-06-17 12:13:12 [INFO] cache hit
2026-06-17 12:13:13 [INFO] request completed
2026-06-17 12:13:14 [ERROR] request failed
2026-06-17 12:13:15 [INFO] user logged in
2026-06-17 12:13:16 [WARN] high memory usage
2026-06-17 12:13:17 [INFO] request completed
2026-06-17 12:13:18 [WARN] slow query detected
2026-06-17 12:13:19 [WARN] high memory usage
2026-06-17 12:13:20 [INFO] user logged in
2026-06-17 12:13:21 [ERROR] request failed
2026-06-17 12:13:22 [WARN] retry attempt
2026-06-17 12:13:23 [INFO] user logged in
2026-06-17 12:13:24 [WARN] slow query detected
2026-06-17 12:13:25 [ERROR] connection refused
2026-06-17 12:13:26 [WARN] high memory usage
2026-06-17 12:13:27 [WARN] retry attempt
2026-06-17 12:13:28 [ERROR] database timeout
2026-06-17 12:13:29 [INFO] health check ok
2026-06-17 12:13:30 [WARN] retry attempt
2026-06-17 12:13:31 [WARN] retry attempt
2026-06-17 12:13:32 [ERROR] database timeout
2026-06-17 12:13:33 [WARN] retry attempt
2026-06-17 12:13:34 [WARN] slow query detected
2026-06-17 12:13:35 [ERROR] nil pointer
2026-06-17 12:13:36 [ERROR] database timeout
2026-06-17 12:13:37 [WARN] retry attempt
2026-06-17 12:13:38 [INFO] user logged in
2026-06-17 12:13:39 [INFO] request completed
2026-06-17 12:13:40 [ERROR] database timeout
2026-06-17 12:13:41 [WARN] high memory usage
2026-06-17 12:13:42 [INFO] request completed
2026-06-17 12:13:43 [ERROR] request failed
2026-06-17 12:13:44 [INFO] cache hit
2026-06-17 12:13:45 [INFO] health check ok
2026-06-17 12:13:46 [INFO] cache hit
2026-06-17 12:13:47 [ERROR] request failed
2026-06-17 12:13:48 [WARN] retry attempt
2026-06-17 12:13:49 [INFO] request completed
2026-06-17 12:13:50 [WARN] slow query detected
2026-06-17 12:13:51 [ERROR] nil pointer
2026-06-17 12:13:52 [INFO] health check ok
2026-06-17 12:13:53 [WARN] retry attempt
2026-06-17 12:13:54 [ERROR] database timeout
2026-06-17 12:13:55 [ERROR] request failed
2026-06-17 12:13:56 [ERROR] nil pointer
2026-06-17 12:13:57 [INFO] cache hit
2026-06-17 12:13:58 [INFO] user logged in
2026-06-17 12:13:59 [WARN] slow query detected
2026-06-17 12:14:00 [INFO] cache hit
2026-06-17 12:14:01 [WARN] high memory usage
2026-06-17 12:14:02 [INFO] cache hit
2026-06-17 12:14:03 [INFO] cache hit
2026-06-17 12:14:04 [ERROR] connection refused
2026-06-17 12:14:05 [INFO] user logged in
2026-06-17 12:14:06 [ERROR] database timeout
2026-06-17 12:14:07 [WARN] slow query detected
2026-06-17 12:14:08 [WARN] high memory usage
2026-06-17 12:14:09 [INFO] user logged in
2026-06-17 12:14:10 [INFO] cache hit
2026-06-17 12:14:11 [ERROR] request failed
2026-06-17 12:14:12 [INFO] user logged in
2026-06-17 12:14:13 [INFO] request completed
2026-06-17 12:14:14 [INFO] request completed
2026-06-17 12:14:15 [WARN] retry attempt
2026-06-17 12:14:16 [WARN] retry attempt
2026-06-17 12:14:17 [WARN] high memory usage
2026-06-17 12:14:18 [ERROR] connection refused
2026-06-17 12:14:19 [INFO] health check ok
2026-06-17 12:14:20 [WARN] retry attempt
2026-06-17 12:14:21 [INFO] cache hit
2026-06-17 12:14:22 [ERROR] request failed
2026-06-17 12:14:23 [ERROR] request failed
2026-06-17 12:14:24 [INFO] health check ok
2026-06-17 12:14:25 [ERROR] nil pointer
2026-06-17 12:14:26 [INFO] user logged in
2026-06-17 12:14:27 [INFO] user logged in
2026-06-17 12:14:28 [ERROR] nil pointer
2026-06-17 12:14:29 [WARN] high memory usage
2026-06-17 12:14:30 [WARN] slow query detected
2026-06-17 12:14:31 [WARN] slow query detected
2026-06-17 12:14:32 [WARN] retry attempt
2026-06-17 12:14:33 [INFO] request completed
2026-06-17 12:14:34 [WARN] retry attempt
2026-06-17 12:14:35 [ERROR] connection refused
2026-06-17 12:14:36 [WARN] high memory usage
2026-06-17 12:14:37 [ERROR] connection refused
2026-06-17 12:14:38 [ERROR] connection refused
2026-06-17 12:14:39 [INFO] cache hit
2026-06-17 12:14:40 [ERROR] request failed
2026-06-17 12:14:41 [ERROR] connection refused
2026-06-17 12:14:42 [INFO] cache hit
2026-06-17 12:14:43 [INFO] health check ok
2026-06-17 12:14:44 [INFO] user logged in
2026-06-17 12:14:45 [WARN] high memory usage
2026-06-17 12:14:46 [ERROR] connection refused
2026-06-17 12:14:47 [WARN] retry attempt
2026-06-17 12:14:48 [WARN] retry attempt
2026-06-17 12:14:49 [INFO] cache hit
2026-06-17 12:14:50 [WARN] high memory usage
2026-06-17 12:14:51 [ERROR] connection refused
2026-06-17 12:14:52 [INFO] health check ok
2026-06-17 12:14:53 [INFO] user logged in
2026-06-17 12:14:54 [WARN] slow query detected
2026-06-17 12:14:55 [WARN] high memory usage
2026-06-17 12:14:56 [ERROR] database timeout
2026-06-17 12:14:57 [INFO] cache hit
2026-06-17 12:14:58 [INFO] request completed
2026-06-17 12:14:59 [INFO] cache hit
2026-06-17 12:15:00 [WARN] slow query detected
2026-06-17 12:15:01 [WARN] retry attempt
2026-06-17 12:15:02 [WARN] high memory usage
2026-06-17 12:15:03 [INFO] user logged in
2026-06-17 12:15:04 [INFO] user logged in
2026-06-17 12:15:05 [INFO] request completed
2026-06-17 12:15:06 [ERROR] connection refused
2026-06-17 12:15:07 [WARN] slow query detected
2026-06-17 12:15:08 [ERROR] connection refused
2026-06-17 12:15:09 [ERROR] database timeout
2026-06-17 12:15:10 [INFO] cache hit
2026-06-17 12:15:11 [INFO] cache hit
2026-06-17 12:15:12 [INFO] health check ok
2026-06-17 12:15:13 [WARN] slow query detected
2026-06-17 12:15:14 [WARN] high memory usage
2026-06-17 12:15:15 [ERROR] request failed
2026-06-17 12:15:16 [INFO] cache hit
2026-06-17 12:15:17 [WARN] slow query detected
2026-06-17 12:15:18 [ERROR] connection refused
2026-06-17 12:15:19 [INFO] health check ok
2026-06-17 12:15:20 [INFO] user logged in
2026-06-17 12:15:21 [INFO] health check ok
2026-06-17 12:15:22 [ERROR] database timeout
2026-06-17 12:15:23 [WARN] retry attempt
2026-06-17 12:15:24 [ERROR] request failed
2026-06-17 12:15:25 [WARN] retry attempt
2026-06-17 12:15:26 [WARN] high memory usage
2026-06-17 12:15:27 [ERROR] database timeout
2026-06-17 12:15:28 [INFO] health check ok
2026-06-17 12:15:29 [ERROR] connection refused
2026-06-17 12:15:30 [INFO] user logged in
2026-06-17 12:15:31 [WARN] high memory usage
2026-06-17 12:15:32 [WARN] slow query detected
2026-06-17 12:15:33 [INFO] cache hit
2026-06-17 12:15:34 [INFO] health check ok
2026-06-17 12:15:35 [ERROR] connection refused
2026-06-17 12:15:36 [WARN] slow query detected
2026-06-17 12:15:37 [INFO] health check ok
2026-06-17 12:15:38 [ERROR] nil pointer
2026-06-17 12:15:39 [WARN] slow query detected
2026-06-17 12:15:40 [ERROR] request failed
2026-06-17 12:15:41 [INFO] health check ok
2026-06-17 12:15:42 [INFO] request completed
2026-06-17 12:15:43 [INFO] request completed
2026-06-17 12:15:44 [INFO] cache hit
2026-06-17 12:15:45 [ERROR] nil pointer
2026-06-17 12:15:46 [INFO] user logged in
2026-06-17 12:15:47 [WARN] slow query detected
2026-06-17 12:15:48 [ERROR] nil pointer
2026-06-17 12:15:49 [ERROR] request failed
2026-06-17 12:15:50 [INFO] cache hit
2026-06-17 12:15:51 [ERROR] connection refused
2026-06-17 12:15:52 [INFO] cache hit
2026-06-17 12:15:53 [WARN] retry attempt
2026-06-17 12:15:54 [INFO] request completed
2026-06-17 12:15:55 [WARN] slow query detected
2026-06-17 12:15:56 [WARN] high memory usage
2026-06-17 12:15:57 [WARN] slow query detected
2026-06-17 12:15:58 [INFO] health check ok
2026-06-17 12:15:59 [ERROR] nil pointer
2026-06-17 12:16:00 [ERROR] request failed
2026-06-17 12:16:01 [INFO] user logged in
2026-06-17 12:16:02 [ERROR] connection refused
2026-06-17 12:16:03 [WARN] high memory usage
2026-06-17 12:16:04 [ERROR] connection refused
2026-06-17 12:16:05 [ERROR] database timeout
2026-06-17 12:16:06 [ERROR] connection refused
2026-06-17 12:16:07 [WARN] slow query detected
2026-06-17 12:16:08 [WARN] retry attempt
2026-06-17 12:16:09 [ERROR] request failed
2026-06-17 12:16:10 [INFO] request completed
2026-06-17 12:16:11 [WARN] high memory usage
2026-06-17 12:16:12 [INFO] request completed
2026-06-17 12:16:13 [ERROR] connection refused
2026-06-17 12:16:14 [WARN] slow query detected
2026-06-17 12:16:15 [ERROR] connection refused
2026-06-17 12:16:16 [WARN] slow query detected
2026-06-17 12:16:17 [WARN] retry attempt
2026-06-17 12:16:18 [WARN] high memory usage
2026-06-17 12:16:19 [INFO] user logged in
2026-06-17 12:16:20 [INFO] request completed
2026-06-17 12:16:21 [INFO] health check ok
2026-06-17 12:16:22 [ERROR] request failed
2026-06-17 12:16:23 [ERROR] connection refused
2026-06-17 12:16:24 [WARN] high memory usage
2026-06-17 12:16:25 [INFO] user logged in
2026-06-17 12:16:26 [INFO] request completed
2026-06-17 12:16:27 [WARN] retry attempt
2026-06-17 12:16:28 [ERROR] request failed
2026-06-17 12:16:29 [WARN] high memory usage
2026-06-17 12:16:30 [INFO] cache hit
2026-06-17 12:16:31 [WARN] retry attempt
2026-06-17 12:16:32 [WARN] retry attempt
2026-06-17 12:16:33 [ERROR] connection refused
2026-06-17 12:16:34 [INFO] health check ok
2026-06-17 12:16:35 [WARN] high memory usage
2026-06-17 12:16:36 [INFO] user logged in
2026-06-17 12:16:37 [ERROR] nil pointer
2026-06-17 12:16:38 [WARN] high memory usage
2026-06-17 12:16:39 [WARN] slow query detected
2026-06-17 12:16:40 [WARN] retry attempt
2026-06-17 12:16:41 [WARN] high memory usage
2026-06-17 12:16:42 [WARN] high memory usage
2026-06-17 12:16:43 [ERROR] request failed
2026-06-17 12:16:44 [INFO] request completed
2026-06-17 12:16:45 [WARN] high memory usage
2026-06-17 12:16:46 [INFO] request completed
2026-06-17 12:16:47 [ERROR] nil pointer
2026-06-17 12:16:48 [INFO] health check ok
2026-06-17 12:16:49 [INFO] request completed
2026-06-17 12:16:50 [INFO] user logged in
2026-06-17 12:16:51 [WARN] retry attempt
2026-06-17 12:16:52 [ERROR] nil pointer
2026-06-17 12:16:53 [INFO] health check ok
2026-06-17 12:16:54 [WARN] retry attempt
2026-06-17 12:16:55 [WARN] slow query detected
2026-06-17 12:16:56 [ERROR] database timeout
2026-06-17 12:16:57 [INFO] cache hit
2026-06-17 12:16:58 [INFO] cache hit
2026-06-17 12:16:59 [WARN] high memory usage
2026-06-17 12:17:00 [ERROR] database timeout
2026-06-17 12:17:01 [ERROR] request failed
2026-06-17 12:17:02 [ERROR] request failed
2026-06-17 12:17:03 [INFO] request completed
2026-06-17 12:17:04 [WARN] high memory usage
2026-06-17 12:17:05 [WARN] retry attempt
2026-06-17 12:17:06 [INFO] user logged in
2026-06-17 12:17:07 [ERROR] database timeout
2026-06-17 12:17:08 [ERROR] nil pointer
2026-06-17 12:17:09 [WARN] slow query detected
2026-06-17 12:17:10 [INFO] user logged in
2026-06-17 12:17:11 [ERROR] nil pointer
2026-06-17 12:17:12 [WARN] high memory usage
2026-06-17 12:17:13 [INFO] cache hit
2026-06-17 12:17:14 [ERROR] database timeout
2026-06-17 12:17:15 [ERROR] request failed
2026-06-17 12:17:16 [INFO] request completed
2026-06-17 12:17:17 [WARN] slow query detected
2026-06-17 12:17:18 [ERROR] connection refused
2026-06-17 12:17:19 [INFO] request completed
2026-06-17 12:17:20 [INFO] cache hit
2026-06-17 12:17:21 [WARN] high memory usage
2026-06-17 12:17:22 [ERROR] connection refused
2026-06-17 12:17:23 [WARN] high memory usage
2026-06-17 12:17:24 [ERROR] request failed
2026-06-17 12:17:25 [INFO] cache hit
2026-06-17 12:17:26 [WARN] high memory usage
2026-06-17 12:17:27 [ERROR] nil pointer
2026-06-17 12:17:28 [INFO] user logged in
2026-06-17 12:17:29 [INFO] health check ok
2026-06-17 12:17:30 [INFO] user logged in
2026-06-17 12:17:31 [ERROR] request failed
2026-06-17 12:17:32 [WARN] retry attempt
2026-06-17 12:17:33 [ERROR] request failed
2026-06-17 12:17:34 [INFO] user logged in
2026-06-17 12:17:35 [INFO] user logged in
2026-06-17 12:17:36 [WARN] retry attempt
2026-06-17 12:17:37 [WARN] retry attempt
2026-06-17 12:17:38 [ERROR] request failed
2026-06-17 12:17:39 [WARN] retry attempt
2026-06-17 12:17:40 [INFO] cache hit
2026-06-17 12:17:41 [ERROR] request failed
2026-06-17 12:17:42 [INFO] cache hit
2026-06-17 12:17:43 [WARN] slow query detected
2026-06-17 12:17:44 [ERROR] connection refused
2026-06-17 12:17:45 [WARN] high memory usage
2026-06-17 12:17:46 [ERROR] request failed
2026-06-17 12:17:47 [ERROR] nil pointer
2026-06-17 12:17:48 [WARN] high memory usage
2026-06-17 12:17:49 [INFO] user logged in
2026-06-17 12:17:50 [INFO] request completed
2026-06-17 12:17:51 [INFO] health check ok
2026-06-17 12:17:52 [ERROR] database timeout
2026-06-17 12:17:53 [ERROR] connection refused
2026-06-17 12:17:54 [INFO] health check ok
2026-06-17 12:17:55 [WARN] slow query detected
2026-06-17 12:17:56 [ERROR] request failed
2026-06-17 12:17:57 [WARN] retry attempt
2026-06-17 12:17:58 [WARN] retry attempt
2026-06-17 12:17:59 [INFO] health check ok
2026-06-17 12:18:00 [WARN] slow query detected
2026-06-17 12:18:01 [WARN] retry attempt
2026-06-17 12:18:02 [WARN] slow query detected
2026-06-17 12:18:03 [ERROR] request failed
2026-06-17 12:18:04 [INFO] health check ok
2026-06-17 12:18:05 [INFO] cache hit
2026-06-17 12:18:06 [INFO] health check ok
2026-06-17 12:18:07 [WARN] retry attempt
2026-06-17 12:18:08 [INFO] health check ok
2026-06-17 12:18:09 [WARN] high memory usage
2026-06-17 12:18:10 [ERROR] database timeout
2026-06-17 12:18:11 [WARN] high memory usage
2026-06-17 12:18:12 [INFO] health check ok
2026-06-17 12:18:13 [INFO] cache hit
2026-06-17 12:18:14 [WARN] retry attempt
2026-06-17 12:18:15 [ERROR] connection refused
2026-06-17 12:18:16 [INFO] request completed
2026-06-17 12:18:17 [INFO] request completed
2026-06-17 12:18:18 [ERROR] nil pointer
2026-06-17 12:18:19 [ERROR] nil pointer
2026-06-17 12:18:20 [INFO] request completed
2026-06-17 12:18:21 [ERROR] nil pointer
2026-06-17 12:18:22 [ERROR] database timeout
2026-06-17 12:18:23 [ERROR] database timeout
2026-06-17 12:18:24 [WARN] retry attempt
2026-06-17 12:18:25 [ERROR] nil pointer
2026-06-17 12:18:26 [WARN] retry attempt
2026-06-17 12:18:27 [ERROR] database timeout
2026-06-17 12:18:28 [WARN] retry attempt
2026-06-17 12:18:29 [ERROR] database timeout
2026-06-17 12:18:30 [WARN] slow query detected
2026-06-17 12:18:31 [INFO] cache hit
2026-06-17 12:18:32 [INFO] request completed
2026-06-17 12:18:33 [INFO] user logged in
2026-06-17 12:18:34 [ERROR] nil pointer
2026-06-17 12:18:35 [INFO] request completed
2026-06-17 12:18:36 [INFO] health check ok
2026-06-17 12:18:37 [ERROR] connection refused
2026-06-17 12:18:38 [INFO] user logged in
2026-06-17 12:18:39 [WARN] slow query detected
2026-06-17 12:18:40 [ERROR] nil pointer
2026-06-17 12:18:41 [INFO] cache hit
2026-06-17 12:18:42 [WARN] slow query detected
2026-06-17 12:18:43 [INFO] request completed
2026-06-17 12:18:44 [ERROR] connection refused
2026-06-17 12:18:45 [WARN] retry attempt
2026-06-17 12:18:46 [WARN] retry attempt
2026-06-17 12:18:47 [INFO] health check ok
2026-06-17 12:18:48 [ERROR] database timeout
2026-06-17 12:18:49 [ERROR] nil pointer
2026-06-17 12:18:50 [INFO] cache hit
2026-06-17 12:18:51 [ERROR] nil pointer
2026-06-17 12:18:52 [INFO] health check ok
2026-06-17 12:18:53 [WARN] high memory usage
2026-06-17 12:18:54 [ERROR] nil pointer
2026-06-17 12:18:55 [ERROR] connection refused
2026-06-17 12:18:56 [ERROR] nil pointer
2026-06-17 12:18:57 [WARN] slow query detected
2026-06-17 12:18:58 [INFO] request completed
2026-06-17 12:18:59 [ERROR] nil pointer
2026-06-17 12:19:00 [ERROR] request failed
2026-06-17 12:19:01 [ERROR] connection refused
2026-06-17 12:19:02 [INFO] health check ok
2026-06-17 12:19:03 [INFO] request completed
2026-06-17 12:19:04 [INFO] cache hit
2026-06-17 12:19:05 [WARN] retry attempt
2026-06-17 12:19:06 [ERROR] request failed
2026-06-17 12:19:07 [WARN] high memory usage
2026-06-17 12:19:08 [INFO] user logged in
2026-06-17 12:19:09 [ERROR] request failed
2026-06-17 12:19:10 [ERROR] request failed
2026-06-17 12:19:11 [ERROR] database timeout
2026-06-17 12:19:12 [ERROR] nil pointer
2026-06-17 12:19:13 [ERROR] nil pointer
2026-06-17 12:19:14 [WARN] retry attempt
2026-06-17 12:19:15 [WARN] slow query detected
2026-06-17 12:19:16 [ERROR] nil pointer
2026-06-17 12:19:17 [WARN] high memory usage
2026-06-17 12:19:18 [INFO] health check ok
2026-06-17 12:19:19 [INFO] health check ok
2026-06-17 12:19:20 [INFO] cache hit
2026-06-17 12:19:21 [INFO] cache hit
2026-06-17 12:19:22 [WARN] high memory usage
2026-06-17 12:19:23 [INFO] cache hit
2026-06-17 12:19:24 [WARN] slow query detected
2026-06-17 12:19:25 [WARN] slow query detected
2026-06-17 12:19:26 [INFO] cache hit
2026-06-17 12:19:27 [INFO] cache hit
2026-06-17 12:19:28 [ERROR] database timeout
2026-06-17 12:19:29 [INFO] cache hit
2026-06-17 12:19:30 [INFO] cache hit
2026-06-17 12:19:31 [INFO] cache hit
2026-06-17 12:19:32 [ERROR] nil pointer
2026-06-17 12:19:33 [ERROR] database timeout
2026-06-17 12:19:34 [INFO] health check ok
2026-06-17 12:19:35 [ERROR] request failed
2026-06-17 12:19:36 [INFO] user logged in
2026-06-17 12:19:37 [INFO] request completed
2026-06-17 12:19:38 [INFO] cache hit
2026-06-17 12:19:39 [WARN] high memory usage
2026-06-17 12:19:40 [WARN] high memory usage
2026-06-17 12:19:41 [INFO] cache hit
2026-06-17 12:19:42 [ERROR] request failed
2026-06-17 12:19:43 [ERROR] request failed
2026-06-17 12:19:44 [ERROR] database timeout
2026-06-17 12:19:45 [WARN] high memory usage
2026-06-17 12:19:46 [WARN] retry attempt
2026-06-17 12:19:47 [ERROR] nil pointer
2026-06-17 12:19:48 [ERROR] database timeout
2026-06-17 12:19:49 [INFO] cache hit
2026-06-17 12:19:50 [WARN] high memory usage
2026-06-17 12:19:51 [INFO] health check ok
2026-06-17 12:19:52 [INFO] request completed
2026-06-17 12:19:53 [INFO] request completed
2026-06-17 12:19:54 [INFO] user logged in
2026-06-17 12:19:55 [ERROR] database timeout
2026-06-17 12:19:56 [INFO] user logged in
2026-06-17 12:19:57 [INFO] user logged in
2026-06-17 12:19:58 [INFO] health check ok
2026-06-17 12:19:59 [INFO] cache hit
2026-06-17 12:20:00 [ERROR] connection refused
2026-06-17 12:20:01 [WARN] high memory usage
2026-06-17 12:20:02 [INFO] health check ok
2026-06-17 12:20:03 [INFO] request completed
2026-06-17 12:20:04 [ERROR] connection refused
2026-06-17 12:20:05 [INFO] request completed
2026-06-17 12:20:06 [ERROR] nil pointer
2026-06-17 12:20:07 [INFO] user logged in
2026-06-17 12:20:08 [WARN] retry attempt
2026-06-17 12:20:09 [INFO] user logged in
2026-06-17 12:20:10 [WARN] high memory usage
2026-06-17 12:20:11 [ERROR] database timeout
2026-06-17 12:20:12 [ERROR] database timeout
2026-06-17 12:20:13 [WARN] high memory usage
2026-06-17 12:20:14 [INFO] cache hit
2026-06-17 12:20:15 [INFO] request completed
2026-06-17 12:20:16 [WARN] retry attempt
2026-06-17 12:20:17 [ERROR] database timeout
2026-06-17 12:20:18 [WARN] slow query detected
2026-06-17 12:20:19 [ERROR] request failed
2026-06-17 12:20:20 [WARN] high memory usage
2026-06-17 12:20:21 [ERROR] nil pointer
2026-06-17 12:20:22 [WARN] retry attempt
2026-06-17 12:20:23 [WARN] slow query detected
2026-06-17 12:20:24 [INFO] request completed
2026-06-17 12:20:25 [WARN] retry attempt
2026-06-17 12:20:26 [INFO] user logged in
2026-06-17 12:20:27 [ERROR] nil pointer
2026-06-17 12:20:28 [WARN] high memory usage
2026-06-17 12:20:29 [INFO] health check ok
2026-06-17 12:20:30 [WARN] high memory usage
2026-06-17 12:20:31 [WARN] slow query detected
2026-06-17 12:20:32 [WARN] high memory usage
2026-06-17 12:20:33 [ERROR] nil pointer
2026-06-17 12:20:34 [ERROR] connection refused
2026-06-17 12:20:35 [WARN] retry attempt
2026-06-17 12:20:36 [ERROR] connection refused
2026-06-17 12:20:37 [ERROR] database timeout
2026-06-17 12:20:38 [INFO] user logged in
2026-06-17 12:20:39 [INFO] request completed
2026-06-17 12:20:40 [ERROR] nil pointer
2026-06-17 12:20:41 [WARN] high memory usage
2026-06-17 12:20:42 [WARN] slow query detected
2026-06-17 12:20:43 [WARN] retry attempt
2026-06-17 12:20:44 [WARN] high memory usage
2026-06-17 12:20:45 [INFO] request completed
2026-06-17 12:20:46 [INFO] request completed
2026-06-17 12:20:47 [WARN] slow query detected
2026-06-17 12:20:48 [INFO] health check ok
2026-06-17 12:20:49 [INFO] health check ok
2026-06-17 12:20:50 [ERROR] database timeout
2026-06-17 12:20:51 [ERROR] nil pointer
2026-06-17 12:20:52 [WARN] slow query detected
2026-06-17 12:20:53 [ERROR] request failed
2026-06-17 12:20:54 [INFO] cache hit
2026-06-17 12:20:55 [WARN] retry attempt
2026-06-17 12:20:56 [ERROR] connection refused
2026-06-17 12:20:57 [WARN] high memory usage
2026-06-17 12:20:58 [WARN] retry attempt
2026-06-17 12:20:59 [WARN] slow query detected
2026-06-17 12:21:00 [INFO] request completed
2026-06-17 12:21:01 [WARN] high memory usage
2026-06-17 12:21:02 [WARN] slow query detected
2026-06-17 12:21:03 [WARN] slow query detected
2026-06-17 12:21:04 [ERROR] connection refused
2026-06-17 12:21:05 [INFO] health check ok
2026-06-17 12:21:06 [INFO] cache hit
2026-06-17 12:21:07 [WARN] slow query detected
2026-06-17 12:21:08 [WARN] slow query detected
2026-06-17 12:21:09 [ERROR] nil pointer
2026-06-17 12:21:10 [INFO] cache hit
2026-06-17 12:21:11 [WARN] high memory usage
2026-06-17 12:21:12 [INFO] user logged in
2026-06-17 12:21:13 [WARN] retry attempt
2026-06-17 12:21:14 [WARN] high memory usage
2026-06-17 12:21:15 [ERROR] database timeout
2026-06-17 12:21:16 [INFO] health check ok
2026-06-17 12:21:17 [WARN] slow query detected
2026-06-17 12:21:18 [INFO] health check ok
2026-06-17 12:21:19 [INFO] user logged in
2026-06-17 12:21:20 [INFO] health check ok
2026-06-17 12:21:21 [WARN] retry attempt
2026-06-17 12:21:22 [WARN] retry attempt
2026-06-17 12:21:23 [WARN] slow query detected
2026-06-17 12:21:24 [INFO] user logged in
2026-06-17 12:21:25 [WARN] high memory usage
2026-06-17 12:21:26 [ERROR] database timeout
2026-06-17 12:21:27 [INFO] user logged in
2026-06-17 12:21:28 [INFO] health check ok
2026-06-17 12:21:29 [WARN] high memory usage
2026-06-17 12:21:30 [ERROR] nil pointer
2026-06-17 12:21:31 [WARN] slow query detected
2026-06-17 12:21:32 [WARN] slow query detected
2026-06-17 12:21:33 [WARN] slow query detected
2026-06-17 12:21:34 [ERROR] request failed
2026-06-17 12:21:35 [ERROR] nil pointer
2026-06-17 12:21:36 [WARN] retry attempt
2026-06-17 12:21:37 [INFO] user logged in
2026-06-17 12:21:38 [WARN] high memory usage
2026-06-17 12:21:39 [WARN] high memory usage
2026-06-17 12:21:40 [WARN] slow query detected
2026-06-17 12:21:41 [INFO] request completed
2026-06-17 12:21:42 [INFO] cache hit
2026-06-17 12:21:43 [ERROR] database timeout
2026-06-17 12:21:44 [ERROR] request failed
2026-06-17 12:21:45 [WARN] retry attempt
2026-06-17 12:21:46 [INFO] user logged in
2026-06-17 12:21:47 [INFO] request completed
2026-06-17 12:21:48 [ERROR] nil pointer
2026-06-17 12:21:49 [INFO] health check ok
2026-06-17 12:21:50 [INFO] health check ok
2026-06-17 12:21:51 [WARN] slow query detected
2026-06-17 12:21:52 [INFO] health check ok
2026-06-17 12:21:53 [WARN] slow query detected
2026-06-17 12:21:54 [INFO] cache hit
2026-06-17 12:21:55 [WARN] retry attempt
2026-06-17 12:21:56 [WARN] retry attempt
2026-06-17 12:21:57 [INFO] request completed
2026-06-17 12:21:58 [ERROR] database timeout
2026-06-17 12:21:59 [WARN] slow query detected
2026-06-17 12:22:00 [ERROR] connection refused
2026-06-17 12:22:01 [WARN] retry attempt
2026-06-17 12:22:02 [ERROR] nil pointer
2026-06-17 12:22:03 [WARN] high memory usage
2026-06-17 12:22:04 [ERROR] database timeout
2026-06-17 12:22:05 [WARN] high memory usage
2026-06-17 12:22:06 [ERROR] connection refused
2026-06-17 12:22:07 [INFO] health check ok
2026-06-17 12:22:08 [ERROR] database timeout
2026-06-17 12:22:09 [INFO] user logged in
2026-06-17 12:22:10 [WARN] slow query detected
2026-06-17 12:22:11 [ERROR] nil pointer
2026-06-17 12:22:12 [INFO] cache hit
2026-06-17 12:22:13 [WARN] high memory usage
2026-06-17 12:22:14 [INFO] request completed
2026-06-17 12:22:15 [ERROR] nil pointer
2026-06-17 12:22:16 [ERROR] database timeout
2026-06-17 12:22:17 [ERROR] nil pointer
2026-06-17 12:22:18 [WARN] retry attempt
2026-06-17 12:22:19 [WARN] slow query detected
2026-06-17 12:22:20 [WARN] retry attempt
2026-06-17 12:22:21 [ERROR] connection refused
2026-06-17 12:22:22 [INFO] user logged in
2026-06-17 12:22:23 [ERROR] request failed
2026-06-17 12:22:24 [WARN] retry attempt
2026-06-17 12:22:25 [WARN] retry attempt
2026-06-17 12:22:26 [INFO] user logged in
2026-06-17 12:22:27 [WARN] slow query detected
2026-06-17 12:22:28 [INFO] cache hit
2026-06-17 12:22:29 [WARN] slow query detected
2026-06-17 12:22:30 [WARN] slow query detected
2026-06-17 12:22:31 [ERROR] connection refused
2026-06-17 12:22:32 [INFO] request completed
2026-06-17 12:22:33 [WARN] high memory usage
2026-06-17 12:22:34 [INFO] cache hit
2026-06-17 12:22:35 [ERROR] request failed
2026-06-17 12:22:36 [WARN] retry attempt
2026-06-17 12:22:37 [ERROR] connection refused
2026-06-17 12:22:38 [INFO] cache hit
2026-06-17 12:22:39 [WARN] slow query detected
2026-06-17 12:22:40 [WARN] slow query detected
2026-06-17 12:22:41 [INFO] user logged in
2026-06-17 12:22:42 [ERROR] connection refused
2026-06-17 12:22:43 [WARN] high memory usage
2026-06-17 12:22:44 [WARN] slow query detected
2026-06-17 12:22:45 [WARN] slow query detected
2026-06-17 12:22:46 [ERROR] nil pointer
2026-06-17 12:22:47 [INFO] user logged in
2026-06-17 12:22:48 [WARN] slow query detected
2026-06-17 12:22:49 [WARN] slow query detected
2026-06-17 12:22:50 [INFO] cache hit
2026-06-17 12:22:51 [INFO] request completed
2026-06-17 12:22:52 [INFO] cache hit
2026-06-17 12:22:53 [INFO] health check ok
2026-06-17 12:22:54 [INFO] user logged in
2026-06-17 12:22:55 [INFO] user logged in
2026-06-17 12:22:56 [INFO] cache hit
2026-06-17 12:22:57 [WARN] high memory usage
2026-06-17 12:22:58 [INFO] cache hit
2026-06-17 12:22:59 [WARN] slow query detected
2026-06-17 12:23:00 [WARN] slow query detected
2026-06-17 12:23:01 [INFO] health check ok
2026-06-17 12:23:02 [ERROR] connection refused
2026-06-17 12:23:03 [INFO] cache hit
2026-06-17 12:23:04 [WARN] retry attempt
2026-06-17 12:23:05 [ERROR] nil pointer
2026-06-17 12:23:06 [INFO] user logged in
2026-06-17 12:23:07 [WARN] high memory usage
2026-06-17 12:23:08 [ERROR] request failed
2026-06-17 12:23:09 [ERROR] nil pointer
2026-06-17 12:23:10 [INFO] request completed
2026-06-17 12:23:11 [INFO] user logged in
2026-06-17 12:23:12 [ERROR] request failed
2026-06-17 12:23:13 [INFO] request completed
2026-06-17 12:23:14 [WARN] slow query detected
2026-06-17 12:23:15 [WARN] high memory usage
2026-06-17 12:23:16 [INFO] request completed
2026-06-17 12:23:17 [WARN] slow query detected
2026-06-17 12:23:18 [INFO] user logged in
2026-06-17 12:23:19 [WARN] high memory usage
2026-06-17 12:23:20 [WARN] retry attempt
2026-06-17 12:23:21 [INFO] user logged in
2026-06-17 12:23:22 [ERROR] connection refused
2026-06-17 12:23:23 [INFO] cache hit
2026-06-17 12:23:24 [ERROR] nil pointer
2026-06-17 12:23:25 [ERROR] database timeout
2026-06-17 12:23:26 [WARN] slow query detected
2026-06-17 12:23:27 [ERROR] connection refused
2026-06-17 12:23:28 [ERROR] nil pointer
2026-06-17 12:23:29 [WARN] slow query detected
2026-06-17 12:23:30 [INFO] user logged in
2026-06-17 12:23:31 [INFO] health check ok
2026-06-17 12:23:32 [ERROR] nil pointer
2026-06-17 12:23:33 [WARN] slow query detected
2026-06-17 12:23:34 [ERROR] database timeout
2026-06-17 12:23:35 [ERROR] database timeout
2026-06-17 12:23:36 [WARN] slow query detected
2026-06-17 12:23:37 [ERROR] connection refused
2026-06-17 12:23:38 [WARN] slow query detected
2026-06-17 12:23:39 [WARN] retry attempt
2026-06-17 12:23:40 [WARN] retry attempt
2026-06-17 12:23:41 [ERROR] nil pointer
2026-06-17 12:23:42 [INFO] user logged in
2026-06-17 12:23:43 [ERROR] database timeout
2026-06-17 12:23:44 [INFO] request completed
2026-06-17 12:23:45 [INFO] request completed
2026-06-17 12:23:46 [INFO] health check ok
2026-06-17 12:23:47 [INFO] health check ok
2026-06-17 12:23:48 [ERROR] nil pointer
2026-06-17 12:23:49 [ERROR] nil pointer
2026-06-17 12:23:50 [ERROR] nil pointer
2026-06-17 12:23:51 [ERROR] database timeout
2026-06-17 12:23:52 [INFO] cache hit
2026-06-17 12:23:53 [WARN] high memory usage
2026-06-17 12:23:54 [WARN] high memory usage
2026-06-17 12:23:55 [ERROR] connection refused
2026-06-17 12:23:56 [WARN] slow query detected
2026-06-17 12:23:57 [WARN] slow query detected
2026-06-17 12:23:58 [INFO] user logged in
2026-06-17 12:23:59 [WARN] high memory usage
2026-06-17 12:24:00 [INFO] health check ok
2026-06-17 12:24:01 [ERROR] nil pointer
2026-06-17 12:24:02 [INFO] cache hit
2026-06-17 12:24:03 [WARN] high memory usage
2026-06-17 12:24:04 [ERROR] request failed
2026-06-17 12:24:05 [WARN] high memory usage
2026-06-17 12:24:06 [INFO] user logged in
2026-06-17 12:24:07 [INFO] cache hit
2026-06-17 12:24:08 [ERROR] nil pointer
2026-06-17 12:24:09 [INFO] cache hit
2026-06-17 12:24:10 [WARN] high memory usage
2026-06-17 12:24:11 [WARN] slow query detected
2026-06-17 12:24:12 [INFO] request completed
2026-06-17 12:24:13 [ERROR] nil pointer
2026-06-17 12:24:14 [ERROR] database timeout
2026-06-17 12:24:15 [WARN] high memory usage
2026-06-17 12:24:16 [ERROR] nil pointer
2026-06-17 12:24:17 [WARN] retry attempt
2026-06-17 12:24:18 [WARN] retry attempt
2026-06-17 12:24:19 [INFO] cache hit
2026-06-17 12:24:20 [WARN] slow query detected
2026-06-17 12:24:21 [WARN] slow query detected
2026-06-17 12:24:22 [INFO] cache hit
2026-06-17 12:24:23 [ERROR] connection refused
2026-06-17 12:24:24 [INFO] user logged in
2026-06-17 12:24:25 [ERROR] request failed
2026-06-17 12:24:26 [ERROR] connection refused
2026-06-17 12:24:27 [ERROR] request failed
2026-06-17 12:24:28 [WARN] retry attempt
2026-06-17 12:24:29 [ERROR] nil pointer
2026-06-17 12:24:30 [WARN] high memory usage
2026-06-17 12:24:31 [WARN] high memory usage
2026-06-17 12:24:32 [INFO] request completed
2026-06-17 12:24:33 [ERROR] connection refused
2026-06-17 12:24:34 [WARN] slow query detected
2026-06-17 12:24:35 [INFO] cache hit
2026-06-17 12:24:36 [INFO] health check ok
2026-06-17 12:24:37 [WARN] slow query detected
2026-06-17 12:24:38 [ERROR] database timeout
2026-06-17 12:24:39 [ERROR] connection refused
2026-06-17 12:24:40 [INFO] user logged in
2026-06-17 12:24:41 [INFO] cache hit
2026-06-17 12:24:42 [INFO] cache hit
2026-06-17 12:24:43 [WARN] retry attempt
2026-06-17 12:24:44 [ERROR] connection refused
2026-06-17 12:24:45 [WARN] retry attempt
2026-06-17 12:24:46 [INFO] request completed
2026-06-17 12:24:47 [WARN] high memory usage
2026-06-17 12:24:48 [INFO] health check ok
2026-06-17 12:24:49 [INFO] health check ok
2026-06-17 12:24:50 [WARN] retry attempt
2026-06-17 12:24:51 [INFO] cache hit
2026-06-17 12:24:52 [ERROR] connection refused
2026-06-17 12:24:53 [WARN] retry attempt
2026-06-17 12:24:54 [WARN] retry attempt
2026-06-17 12:24:55 [INFO] health check ok
2026-06-17 12:24:56 [ERROR] connection refused
2026-06-17 12:24:57 [WARN] retry attempt
2026-06-17 12:24:58 [WARN] retry attempt
2026-06-17 12:24:59 [INFO] health check ok
2026-06-17 12:25:00 [WARN] high memory usage
2026-06-17 12:25:01 [WARN] high memory usage
2026-06-17 12:25:02 [ERROR] request failed
2026-06-17 12:25:03 [ERROR] nil pointer
2026-06-17 12:25:04 [INFO] health check ok
2026-06-17 12:25:05 [INFO] health check ok
2026-06-17 12:25:06 [WARN] retry attempt
2026-06-17 12:25:07 [WARN] retry attempt
2026-06-17 12:25:08 [ERROR] nil pointer
2026-06-17 12:25:09 [WARN] high memory usage
2026-06-17 12:25:10 [INFO] cache hit
2026-06-17 12:25:11 [INFO] user logged in
2026-06-17 12:25:12 [WARN] high memory usage
2026-06-17 12:25:13 [ERROR] database timeout
2026-06-17 12:25:14 [INFO] request completed
2026-06-17 12:25:15 [INFO] health check ok
2026-06-17 12:25:16 [ERROR] nil pointer
2026-06-17 12:25:17 [ERROR] request failed
2026-06-17 12:25:18 [INFO] cache hit
2026-06-17 12:25:19 [ERROR] database timeout
2026-06-17 12:25:20 [ERROR] database timeout
2026-06-17 12:25:21 [WARN] slow query detected
2026-06-17 12:25:22 [WARN] high memory usage
2026-06-17 12:25:23 [INFO] health check ok
2026-06-17 12:25:24 [ERROR] request failed
2026-06-17 12:25:25 [WARN] high memory usage
2026-06-17 12:25:26 [INFO] cache hit
2026-06-17 12:25:27 [INFO] cache hit
2026-06-17 12:25:28 [ERROR] database timeout
2026-06-17 12:25:29 [INFO] health check ok
2026-06-17 12:25:30 [WARN] retry attempt
2026-06-17 12:25:31 [ERROR] request failed
2026-06-17 12:25:32 [ERROR] connection refused
2026-06-17 12:25:33 [INFO] user logged in
2026-06-17 12:25:34 [WARN] retry attempt
2026-06-17 12:25:35 [ERROR] database timeout
2026-06-17 12:25:36 [ERROR] nil pointer
2026-06-17 12:25:37 [WARN] slow query detected
2026-06-17 12:25:38 [ERROR] request failed
2026-06-17 12:25:39 [INFO] request completed
2026-06-17 12:25:40 [WARN] slow query detected
2026-06-17 12:25:41 [ERROR] connection refused
2026-06-17 12:25:42 [WARN] high memory usage
2026-06-17 12:25:43 [INFO] health check ok
2026-06-17 12:25:44 [ERROR] connection refused
2026-06-17 12:25:45 [WARN] retry attempt
2026-06-17 12:25:46 [ERROR] nil pointer
2026-06-17 12:25:47 [ERROR] nil pointer
2026-06-17 12:25:48 [INFO] cache hit
2026-06-17 12:25:49 [WARN] retry attempt
2026-06-17 12:25:50 [ERROR] connection refused
2026-06-17 12:25:51 [ERROR] nil pointer
2026-06-17 12:25:52 [WARN] high memory usage
2026-06-17 12:25:53 [WARN] high memory usage
2026-06-17 12:25:54 [INFO] user logged in
2026-06-17 12:25:55 [ERROR] connection refused
2026-06-17 12:25:56 [WARN] high memory usage
2026-06-17 12:25:57 [WARN] retry attempt
2026-06-17 12:25:58 [ERROR] database timeout
2026-06-17 12:25:59 [ERROR] connection refused
2026-06-17 12:26:00 [WARN] high memory usage
2026-06-17 12:26:01 [WARN] high memory usage
2026-06-17 12:26:02 [INFO] request completed
2026-06-17 12:26:03 [INFO] user logged in
2026-06-17 12:26:04 [WARN] high memory usage
2026-06-17 12:26:05 [WARN] slow query detected
2026-06-17 12:26:06 [WARN] high memory usage
2026-06-17 12:26:07 [INFO] health check ok
2026-06-17 12:26:08 [INFO] request completed
2026-06-17 12:26:09 [INFO] user logged in
2026-06-17 12:26:10 [WARN] slow query detected
2026-06-17 12:26:11 [WARN] retry attempt
2026-06-17 12:26:12 [INFO] cache hit
2026-06-17 12:26:13 [ERROR] nil pointer
2026-06-17 12:26:14 [INFO] request completed
2026-06-17 12:26:15 [INFO] request completed
2026-06-17 12:26:16 [INFO] request completed
2026-06-17 12:26:17 [WARN] retry attempt
2026-06-17 12:26:18 [ERROR] connection refused
2026-06-17 12:26:19 [INFO] user logged in
2026-06-17 12:26:20 [ERROR] request failed
2026-06-17 12:26:21 [INFO] request completed
2026-06-17 12:26:22 [INFO] user logged in
2026-06-17 12:26:23 [ERROR] connection refused
2026-06-17 12:26:24 [INFO] cache hit
2026-06-17 12:26:25 [WARN] high memory usage
2026-06-17 12:26:26 [ERROR] nil pointer
2026-06-17 12:26:27 [WARN] slow query detected
2026-06-17 12:26:28 [INFO] cache hit
2026-06-17 12:26:29 [WARN] slow query detected
2026-06-17 12:26:30 [INFO] health check ok
2026-06-17 12:26:31 [INFO] user logged in
2026-06-17 12:26:32 [WARN] retry attempt
2026-06-17 12:26:33 [ERROR] nil pointer
2026-06-17 12:26:34 [INFO] health check ok
2026-06-17 12:26:35 [INFO] user logged in
2026-06-17 12:26:36 [INFO] cache hit
2026-06-17 12:26:37 [ERROR] request failed
2026-06-17 12:26:38 [ERROR] connection refused
2026-06-17 12:26:39 [ERROR] nil pointer
2026-06-17 12:26:40 [INFO] health check ok
2026-06-17 12:26:41 [ERROR] connection refused
2026-06-17 12:26:42 [ERROR] connection refused
2026-06-17 12:26:43 [WARN] high memory usage
2026-06-17 12:26:44 [WARN] slow query detected
2026-06-17 12:26:45 [ERROR] connection refused
2026-06-17 12:26:46 [WARN] high memory usage
2026-06-17 12:26:47 [INFO] request completed
2026-06-17 12:26:48 [INFO] request completed
2026-06-17 12:26:49 [ERROR] connection refused
2026-06-17 12:26:50 [ERROR] connection refused
2026-06-17 12:26:51 [WARN] slow query detected
2026-06-17 12:26:52 [ERROR] nil pointer
2026-06-17 12:26:53 [ERROR] database timeout
2026-06-17 12:26:54 [WARN] retry attempt
2026-06-17 12:26:55 [INFO] request completed
2026-06-17 12:26:56 [INFO] request completed
2026-06-17 12:26:57 [INFO] request completed
2026-06-17 12:26:58 [ERROR] request failed
2026-06-17 12:26:59 [INFO] user logged in
2026-06-17 12:27:00 [WARN] slow query detected
2026-06-17 12:27:01 [WARN] high memory usage
2026-06-17 12:27:02 [ERROR] connection refused
2026-06-17 12:27:03 [WARN] high memory usage
2026-06-17 12:27:04 [INFO] health check ok
2026-06-17 12:27:05 [ERROR] connection refused
2026-06-17 12:27:06 [WARN] retry attempt
2026-06-17 12:27:07 [INFO] cache hit
2026-06-17 12:27:08 [INFO] cache hit
2026-06-17 12:27:09 [INFO] user logged in
2026-06-17 12:27:10 [INFO] health check ok
2026-06-17 12:27:11 [ERROR] nil pointer
2026-06-17 12:27:12 [INFO] request completed
2026-06-17 12:27:13 [ERROR] database timeout
2026-06-17 12:27:14 [INFO] health check ok
2026-06-17 12:27:15 [INFO] health check ok
2026-06-17 12:27:16 [ERROR] database timeout
2026-06-17 12:27:17 [WARN] slow query detected
2026-06-17 12:27:18 [ERROR] connection refused
2026-06-17 12:27:19 [WARN] retry attempt
2026-06-17 12:27:20 [WARN] retry attempt
2026-06-17 12:27:21 [WARN] high memory usage
2026-06-17 12:27:22 [ERROR] database timeout
2026-06-17 12:27:23 [ERROR] connection refused
2026-06-17 12:27:24 [WARN] high memory usage
2026-06-17 12:27:25 [ERROR] connection refused
2026-06-17 12:27:26 [WARN] slow query detected
2026-06-17 12:27:27 [WARN] retry attempt
2026-06-17 12:27:28 [WARN] high memory usage
2026-06-17 12:27:29 [WARN] slow query detected
2026-06-17 12:27:30 [WARN] retry attempt
2026-06-17 12:27:31 [WARN] slow query detected
2026-06-17 12:27:32 [INFO] cache hit
2026-06-17 12:27:33 [INFO] cache hit
2026-06-17 12:27:34 [INFO] request completed
2026-06-17 12:27:35 [WARN] slow query detected
2026-06-17 12:27:36 [INFO] request completed
2026-06-17 12:27:37 [WARN] high memory usage
2026-06-17 12:27:38 [WARN] slow query detected
2026-06-17 12:27:39 [WARN] slow query detected
2026-06-17 12:27:40 [WARN] retry attempt
2026-06-17 12:27:41 [ERROR] request failed
2026-06-17 12:27:42 [ERROR] request failed
2026-06-17 12:27:43 [WARN] slow query detected
2026-06-17 12:27:44 [ERROR] connection refused
2026-06-17 12:27:45 [INFO] request completed
2026-06-17 12:27:46 [INFO] cache hit
2026-06-17 12:27:47 [INFO] health check ok
2026-06-17 12:27:48 [ERROR] request failed
2026-06-17 12:27:49 [WARN] slow query detected
2026-06-17 12:27:50 [INFO] request completed
2026-06-17 12:27:51 [INFO] health check ok
2026-06-17 12:27:52 [ERROR] request failed
2026-06-17 12:27:53 [WARN] slow query detected
2026-06-17 12:27:54 [WARN] retry attempt
2026-06-17 12:27:55 [WARN] retry attempt
2026-06-17 12:27:56 [ERROR] request failed
2026-06-17 12:27:57 [WARN] retry attempt
2026-06-17 12:27:58 [INFO] health check ok
2026-06-17 12:27:59 [WARN] slow query detected
2026-06-17 12:28:00 [WARN] high memory usage
2026-06-17 12:28:01 [WARN] retry attempt
2026-06-17 12:28:02 [INFO] request completed
2026-06-17 12:28:03 [ERROR] request failed
2026-06-17 12:28:04 [ERROR] database timeout
2026-06-17 12:28:05 [INFO] request completed
2026-06-17 12:28:06 [ERROR] request failed
2026-06-17 12:28:07 [ERROR] request failed
2026-06-17 12:28:08 [INFO] user logged in
2026-06-17 12:28:09 [ERROR] database timeout
2026-06-17 12:28:10 [ERROR] nil pointer
2026-06-17 12:28:11 [WARN] high memory usage
2026-06-17 12:28:12 [INFO] cache hit
2026-06-17 12:28:13 [ERROR] connection refused
2026-06-17 12:28:14 [ERROR] nil pointer
2026-06-17 12:28:15 [ERROR] request failed
2026-06-17 12:28:16 [INFO] request completed
2026-06-17 12:28:17 [INFO] health check ok
2026-06-17 12:28:18 [ERROR] database timeout
2026-06-17 12:28:19 [ERROR] connection refused
2026-06-17 12:28:20 [WARN] retry attempt
2026-06-17 12:28:21 [WARN] slow query detected
2026-06-17 12:28:22 [INFO] health check ok
2026-06-17 12:28:23 [INFO] user logged in
2026-06-17 12:28:24 [ERROR] database timeout
2026-06-17 12:28:25 [ERROR] database timeout
2026-06-17 12:28:26 [WARN] slow query detected
2026-06-17 12:28:27 [WARN] slow query detected
2026-06-17 12:28:28 [WARN] high memory usage
2026-06-17 12:28:29 [WARN] retry attempt
2026-06-17 12:28:30 [WARN] high memory usage
2026-06-17 12:28:31 [INFO] user logged in
2026-06-17 12:28:32 [ERROR] nil pointer
2026-06-17 12:28:33 [WARN] retry attempt
2026-06-17 12:28:34 [INFO] health check ok
2026-06-17 12:28:35 [ERROR] database timeout
2026-06-17 12:28:36 [INFO] health check ok
2026-06-17 12:28:37 [WARN] slow query detected
2026-06-17 12:28:38 [WARN] slow query detected
2026-06-17 12:28:39 [WARN] retry attempt
2026-06-17 12:28:40 [ERROR] request failed
2026-06-17 12:28:41 [ERROR] request failed
2026-06-17 12:28:42 [ERROR] request failed
2026-06-17 12:28:43 [INFO] cache hit
2026-06-17 12:28:44 [ERROR] database timeout
2026-06-17 12:28:45 [INFO] health check ok
2026-06-17 12:28:46 [WARN] slow query detected
2026-06-17 12:28:47 [WARN] slow query detected
2026-06-17 12:28:48 [INFO] user logged in
2026-06-17 12:28:49 [INFO] request completed
2026-06-17 12:28:50 [INFO] cache hit
2026-06-17 12:28:51 [ERROR] connection refused
2026-06-17 12:28:52 [ERROR] nil pointer
2026-06-17 12:28:53 [WARN] slow query detected
2026-06-17 12:28:54 [INFO] health check ok
2026-06-17 12:28:55 [INFO] health check ok
2026-06-17 12:28:56 [WARN] high memory usage
2026-06-17 12:28:57 [ERROR] request failed
2026-06-17 12:28:58 [INFO] cache hit
2026-06-17 12:28:59 [ERROR] nil pointer
2026-06-17 12:29:00 [INFO] cache hit
2026-06-17 12:29:01 [ERROR] database timeout
2026-06-17 12:29:02 [WARN] retry attempt
2026-06-17 12:29:03 [WARN] retry attempt
2026-06-17 12:29:04 [INFO] user logged in
2026-06-17 12:29:05 [INFO] health check ok
2026-06-17 12:29:06 [INFO] request completed
2026-06-17 12:29:07 [ERROR] connection refused
2026-06-17 12:29:08 [INFO] health check ok
2026-06-17 12:29:09 [ERROR] database timeout
2026-06-17 12:29:10 [WARN] slow query detected
2026-06-17 12:29:11 [ERROR] request failed
2026-06-17 12:29:12 [INFO] user logged in
2026-06-17 12:29:13 [ERROR] connection refused
2026-06-17 12:29:14 [ERROR] nil pointer
2026-06-17 12:29:15 [ERROR] connection refused
2026-06-17 12:29:16 [WARN] slow query detected
2026-06-17 12:29:17 [WARN] slow query detected
2026-06-17 12:29:18 [INFO] request completed
2026-06-17 12:29:19 [ERROR] request failed
2026-06-17 12:29:20 [WARN] high memory usage
2026-06-17 12:29:21 [WARN] slow query detected
2026-06-17 12:29:22 [WARN] retry attempt
2026-06-17 12:29:23 [WARN] retry attempt
2026-06-17 12:29:24 [WARN] retry attempt
2026-06-17 12:29:25 [ERROR] database timeout
2026-06-17 12:29:26 [WARN] slow query detected
2026-06-17 12:29:27 [INFO] user logged in
2026-06-17 12:29:28 [ERROR] database timeout
2026-06-17 12:29:29 [WARN] retry attempt
2026-06-17 12:29:30 [INFO] user logged in
2026-06-17 12:29:31 [INFO] user logged in
2026-06-17 12:29:32 [WARN] slow query detected
2026-06-17 12:29:33 [ERROR] request failed
2026-06-17 12:29:34 [INFO] cache hit
2026-06-17 12:29:35 [ERROR] database timeout
2026-06-17 12:29:36 [ERROR] request failed
2026-06-17 12:29:37 [WARN] slow query detected
2026-06-17 12:29:38 [ERROR] database timeout
2026-06-17 12:29:39 [INFO] request completed
2026-06-17 12:29:40 [WARN] retry attempt
2026-06-17 12:29:41 [INFO] health check ok
2026-06-17 12:29:42 [ERROR] database timeout
2026-06-17 12:29:43 [WARN] high memory usage
2026-06-17 12:29:44 [INFO] user logged in
2026-06-17 12:29:45 [ERROR] database timeout
2026-06-17 12:29:46 [ERROR] nil pointer
2026-06-17 12:29:47 [ERROR] connection refused
2026-06-17 12:29:48 [INFO] user logged in
2026-06-17 12:29:49 [INFO] health check ok
2026-06-17 12:29:50 [WARN] slow query detected
2026-06-17 12:29:51 [INFO] user logged in
2026-06-17 12:29:52 [WARN] slow query detected
2026-06-17 12:29:53 [INFO] request completed
2026-06-17 12:29:54 [ERROR] connection refused
2026-06-17 12:29:55 [INFO] user logged in
2026-06-17 12:29:56 [WARN] retry attempt
2026-06-17 12:29:57 [INFO] cache hit
2026-06-17 12:29:58 [WARN] high memory usage
2026-06-17 12:29:59 [WARN] high memory usage
2026-06-17 12:30:00 [WARN] high memory usage
2026-06-17 12:30:01 [WARN] retry attempt
2026-06-17 12:30:02 [INFO] request completed
2026-06-17 12:30:03 [INFO] request completed
2026-06-17 12:30:04 [ERROR] connection refused
2026-06-17 12:30:05 [ERROR] nil pointer
2026-06-17 12:30:06 [WARN] slow query detected
2026-06-17 12:30:07 [INFO] user logged in
2026-06-17 12:30:08 [WARN] high memory usage
2026-06-17 12:30:09 [INFO] user logged in
2026-06-17 12:30:10 [ERROR] connection refused
2026-06-17 12:30:11 [ERROR] connection refused
2026-06-17 12:30:12 [INFO] cache hit
2026-06-17 12:30:13 [ERROR] request failed
2026-06-17 12:30:14 [WARN] slow query detected
2026-06-17 12:30:15 [WARN] high memory usage
2026-06-17 12:30:16 [ERROR] connection refused
2026-06-17 12:30:17 [WARN] retry attempt
2026-06-17 12:30:18 [ERROR] request failed
2026-06-17 12:30:19 [ERROR] request failed
2026-06-17 12:30:20 [INFO] request completed
2026-06-17 12:30:21 [ERROR] nil pointer
2026-06-17 12:30:22 [WARN] retry attempt
2026-06-17 12:30:23 [INFO] user logged in
2026-06-17 12:30:24 [ERROR] request failed
2026-06-17 12:30:25 [WARN] retry attempt
2026-06-17 12:30:26 [WARN] retry attempt
2026-06-17 12:30:27 [INFO] cache hit
2026-06-17 12:30:28 [WARN] slow query detected
2026-06-17 12:30:29 [INFO] health check ok
2026-06-17 12:30:30 [WARN] retry attempt
2026-06-17 12:30:31 [INFO] cache hit
2026-06-17 12:30:32 [ERROR] nil pointer
2026-06-17 12:30:33 [INFO] request completed
2026-06-17 12:30:34 [WARN] high memory usage
2026-06-17 12:30:35 [INFO] request completed
2026-06-17 12:30:36 [INFO] health check ok
2026-06-17 12:30:37 [INFO] request completed
2026-06-17 12:30:38 [INFO] user logged in
2026-06-17 12:30:39 [WARN] retry attempt
2026-06-17 12:30:40 [INFO] cache hit
2026-06-17 12:30:41 [WARN] slow query detected
2026-06-17 12:30:42 [INFO] user logged in
2026-06-17 12:30:43 [ERROR] request failed
2026-06-17 12:30:44 [WARN] high memory usage
2026-06-17 12:30:45 [ERROR] connection refused
2026-06-17 12:30:46 [INFO] user logged in
2026-06-17 12:30:47 [WARN] high memory usage
2026-06-17 12:30:48 [WARN] retry attempt
2026-06-17 12:30:49 [INFO] health check ok
2026-06-17 12:30:50 [WARN] slow query detected
2026-06-17 12:30:51 [WARN] high memory usage
2026-06-17 12:30:52 [ERROR] nil pointer
2026-06-17 12:30:53 [ERROR] request failed
2026-06-17 12:30:54 [ERROR] nil pointer
2026-06-17 12:30:55 [INFO] user logged in
2026-06-17 12:30:56 [WARN] slow query detected
2026-06-17 12:30:57 [ERROR] nil pointer
2026-06-17 12:30:58 [WARN] high memory usage
2026-06-17 12:30:59 [INFO] cache hit
2026-06-17 12:31:00 [ERROR] database timeout
2026-06-17 12:31:01 [WARN] retry attempt
2026-06-17 12:31:02 [ERROR] connection refused
2026-06-17 12:31:03 [INFO] health check ok
2026-06-17 12:31:04 [ERROR] request failed
2026-06-17 12:31:05 [ERROR] database timeout
2026-06-17 12:31:06 [ERROR] database timeout
2026-06-17 12:31:07 [INFO] request completed
2026-06-17 12:31:08 [INFO] request completed
2026-06-17 12:31:09 [INFO] health check ok
2026-06-17 12:31:10 [WARN] slow query detected
2026-06-17 12:31:11 [INFO] user logged in
2026-06-17 12:31:12 [WARN] retry attempt
2026-06-17 12:31:13 [INFO] user logged in
2026-06-17 12:31:14 [WARN] high memory usage
2026-06-17 12:31:15 [ERROR] database timeout
2026-06-17 12:31:16 [WARN] high memory usage
2026-06-17 12:31:17 [ERROR] request failed
2026-06-17 12:31:18 [WARN] slow query detected
2026-06-17 12:31:19 [ERROR] connection refused
2026-06-17 12:31:20 [ERROR] connection refused
2026-06-17 12:31:21 [ERROR] database timeout
2026-06-17 12:31:22 [INFO] user logged in
2026-06-17 12:31:23 [ERROR] connection refused
2026-06-17 12:31:24 [INFO] cache hit
2026-06-17 12:31:25 [ERROR] request failed
2026-06-17 12:31:26 [INFO] cache hit
2026-06-17 12:31:27 [INFO] request completed
2026-06-17 12:31:28 [INFO] health check ok
2026-06-17 12:31:29 [WARN] retry attempt
2026-06-17 12:31:30 [INFO] user logged in
2026-06-17 12:31:31 [INFO] user logged in
2026-06-17 12:31:32 [INFO] cache hit
2026-06-17 12:31:33 [ERROR] connection refused
2026-06-17 12:31:34 [ERROR] connection refused
2026-06-17 12:31:35 [ERROR] request failed
2026-06-17 12:31:36 [INFO] cache hit
2026-06-17 12:31:37 [WARN] slow query detected
2026-06-17 12:31:38 [WARN] slow query detected
2026-06-17 12:31:39 [INFO] health check ok
2026-06-17 12:31:40 [INFO] cache hit
2026-06-17 12:31:41 [INFO] health check ok
2026-06-17 12:31:42 [INFO] cache hit
2026-06-17 12:31:43 [ERROR] connection refused
2026-06-17 12:31:44 [ERROR] request failed
2026-06-17 12:31:45 [WARN] slow query detected
2026-06-17 12:31:46 [WARN] high memory usage
2026-06-17 12:31:47 [ERROR] request failed
2026-06-17 12:31:48 [ERROR] request failed
2026-06-17 12:31:49 [INFO] cache hit
2026-06-17 12:31:50 [ERROR] connection refused
2026-06-17 12:31:51 [ERROR] database timeout
2026-06-17 12:31:52 [WARN] high memory usage
2026-06-17 12:31:53 [ERROR] database timeout
2026-06-17 12:31:54 [INFO] health check ok
2026-06-17 12:31:55 [WARN] high memory usage
2026-06-17 12:31:56 [INFO] user logged in
2026-06-17 12:31:57 [ERROR] request failed
2026-06-17 12:31:58 [WARN] high memory usage
2026-06-17 12:31:59 [WARN] retry attempt
2026-06-17 12:32:00 [WARN] slow query detected
2026-06-17 12:32:01 [WARN] retry attempt
2026-06-17 12:32:02 [WARN] retry attempt
2026-06-17 12:32:03 [INFO] user logged in
2026-06-17 12:32:04 [ERROR] nil pointer
2026-06-17 12:32:05 [INFO] request completed
2026-06-17 12:32:06 [INFO] health check ok
2026-06-17 12:32:07 [WARN] high memory usage
2026-06-17 12:32:08 [WARN] retry attempt
2026-06-17 12:32:09 [INFO] user logged in
2026-06-17 12:32:10 [INFO] health check ok
2026-06-17 12:32:11 [INFO] cache hit
2026-06-17 12:32:12 [ERROR] connection refused
2026-06-17 12:32:13 [INFO] request completed
2026-06-17 12:32:14 [ERROR] nil pointer
2026-06-17 12:32:15 [ERROR] nil pointer
2026-06-17 12:32:16 [INFO] user logged in
2026-06-17 12:32:17 [INFO] user logged in
2026-06-17 12:32:18 [WARN] high memory usage
2026-06-17 12:32:19 [INFO] health check ok
2026-06-17 12:32:20 [ERROR] nil pointer
2026-06-17 12:32:21 [INFO] cache hit
2026-06-17 12:32:22 [WARN] retry attempt
2026-06-17 12:32:23 [INFO] cache hit
2026-06-17 12:32:24 [INFO] user logged in
2026-06-17 12:32:25 [ERROR] nil pointer
2026-06-17 12:32:26 [INFO] health check ok
2026-06-17 12:32:27 [INFO] cache hit
2026-06-17 12:32:28 [WARN] slow query detected
2026-06-17 12:32:29 [ERROR] request failed
2026-06-17 12:32:30 [INFO] request completed
2026-06-17 12:32:31 [ERROR] database timeout
2026-06-17 12:32:32 [WARN] retry attempt
2026-06-17 12:32:33 [INFO] health check ok
2026-06-17 12:32:34 [ERROR] nil pointer
2026-06-17 12:32:35 [INFO] user logged in
2026-06-17 12:32:36 [WARN] slow query detected
2026-06-17 12:32:37 [WARN] slow query detected
2026-06-17 12:32:38 [WARN] retry attempt
2026-06-17 12:32:39 [WARN] retry attempt
2026-06-17 12:32:40 [INFO] cache hit
2026-06-17 12:32:41 [WARN] high memory usage
2026-06-17 12:32:42 [WARN] high memory usage
2026-06-17 12:32:43 [INFO] user logged in
2026-06-17 12:32:44 [INFO] user logged in
2026-06-17 12:32:45 [WARN] retry attempt
2026-06-17 12:32:46 [INFO] user logged in
2026-06-17 12:32:47 [ERROR] nil pointer
2026-06-17 12:32:48 [ERROR] nil pointer
2026-06-17 12:32:49 [INFO] request completed
2026-06-17 12:32:50 [ERROR] connection refused
2026-06-17 12:32:51 [WARN] retry attempt
2026-06-17 12:32:52 [ERROR] request failed
2026-06-17 12:32:53 [WARN] high memory usage
2026-06-17 12:32:54 [WARN] high memory usage
2026-06-17 12:32:55 [INFO] user logged in
2026-06-17 12:32:56 [INFO] cache hit
2026-06-17 12:32:57 [ERROR] connection refused
2026-06-17 12:32:58 [WARN] retry attempt
2026-06-17 12:32:59 [INFO] request completed
2026-06-17 12:33:00 [WARN] retry attempt
2026-06-17 12:33:01 [INFO] cache hit
2026-06-17 12:33:02 [ERROR] nil pointer
2026-06-17 12:33:03 [WARN] high memory usage
2026-06-17 12:33:04 [ERROR] request failed
2026-06-17 12:33:05 [ERROR] nil pointer
2026-06-17 12:33:06 [INFO] user logged in
2026-06-17 12:33:07 [WARN] retry attempt
2026-06-17 12:33:08 [INFO] request completed
2026-06-17 12:33:09 [INFO] health check ok
2026-06-17 12:33:10 [WARN] high memory usage
2026-06-17 12:33:11 [INFO] user logged in
2026-06-17 12:33:12 [ERROR] request failed
2026-06-17 12:33:13 [INFO] cache hit
2026-06-17 12:33:14 [INFO] health check ok
2026-06-17 12:33:15 [INFO] cache hit
2026-06-17 12:33:16 [WARN] slow query detected
2026-06-17 12:33:17 [ERROR] connection refused
2026-06-17 12:33:18 [WARN] retry attempt
2026-06-17 12:33:19 [ERROR] database timeout
2026-06-17 12:33:20 [WARN] retry attempt
2026-06-17 12:33:21 [ERROR] nil pointer
2026-06-17 12:33:22 [INFO] cache hit
2026-06-17 12:33:23 [INFO] cache hit
2026-06-17 12:33:24 [INFO] health check ok
2026-06-17 12:33:25 [INFO] health check ok
2026-06-17 12:33:26 [WARN] slow query detected
2026-06-17 12:33:27 [ERROR] request failed
2026-06-17 12:33:28 [INFO] user logged in
2026-06-17 12:33:29 [WARN] retry attempt
2026-06-17 12:33:30 [WARN] high memory usage
2026-06-17 12:33:31 [WARN] high memory usage
2026-06-17 12:33:32 [INFO] health check ok
2026-06-17 12:33:33 [INFO] user logged in
2026-06-17 12:33:34 [WARN] high memory usage
2026-06-17 12:33:35 [ERROR] nil pointer
2026-06-17 12:33:36 [INFO] cache hit
2026-06-17 12:33:37 [INFO] cache hit
2026-06-17 12:33:38 [ERROR] nil pointer
2026-06-17 12:33:39 [WARN] slow query detected
2026-06-17 12:33:40 [ERROR] database timeout
2026-06-17 12:33:41 [WARN] retry attempt
2026-06-17 12:33:42 [WARN] slow query detected
2026-06-17 12:33:43 [WARN] high memory usage
2026-06-17 12:33:44 [ERROR] request failed
2026-06-17 12:33:45 [ERROR] database timeout
2026-06-17 12:33:46 [ERROR] connection refused
2026-06-17 12:33:47 [WARN] slow query detected
2026-06-17 12:33:48 [ERROR] database timeout
2026-06-17 12:33:49 [WARN] slow query detected
2026-06-17 12:33:50 [WARN] high memory usage
2026-06-17 12:33:51 [ERROR] connection refused
2026-06-17 12:33:52 [WARN] slow query detected
2026-06-17 12:33:53 [ERROR] nil pointer
2026-06-17 12:33:54 [WARN] slow query detected
2026-06-17 12:33:55 [WARN] retry attempt
2026-06-17 12:33:56 [INFO] request completed
2026-06-17 12:33:57 [WARN] retry attempt
2026-06-17 12:33:58 [WARN] retry attempt
2026-06-17 12:33:59 [WARN] retry attempt
2026-06-17 12:34:00 [INFO] health check ok
2026-06-17 12:34:01 [ERROR] nil pointer
2026-06-17 12:34:02 [WARN] high memory usage
2026-06-17 12:34:03 [INFO] health check ok
2026-06-17 12:34:04 [WARN] slow query detected
2026-06-17 12:34:05 [INFO] user logged in
2026-06-17 12:34:06 [WARN] retry attempt
2026-06-17 12:34:07 [ERROR] connection refused
2026-06-17 12:34:08 [INFO] user logged in
2026-06-17 12:34:09 [INFO] user logged in
2026-06-17 12:34:10 [WARN] retry attempt
2026-06-17 12:34:11 [ERROR] connection refused
2026-06-17 12:34:12 [WARN] high memory usage
2026-06-17 12:34:13 [WARN] high memory usage
2026-06-17 12:34:14 [ERROR] connection refused
2026-06-17 12:34:15 [INFO] health check ok
2026-06-17 12:34:16 [WARN] slow query detected
2026-06-17 12:34:17 [WARN] high memory usage
2026-06-17 12:34:18 [ERROR] request failed
2026-06-17 12:34:19 [ERROR] database timeout
2026-06-17 12:34:20 [WARN] slow query detected
2026-06-17 12:34:21 [ERROR] nil pointer
2026-06-17 12:34:22 [INFO] request completed
2026-06-17 12:34:23 [ERROR] request failed
2026-06-17 12:34:24 [INFO] cache hit
2026-06-17 12:34:25 [WARN] high memory usage
2026-06-17 12:34:26 [ERROR] nil pointer
2026-06-17 12:34:27 [ERROR] database timeout
2026-06-17 12:34:28 [INFO] request completed
2026-06-17 12:34:29 [WARN] high memory usage
2026-06-17 12:34:30 [ERROR] connection refused
2026-06-17 12:34:31 [INFO] health check ok
2026-06-17 12:34:32 [ERROR] nil pointer
2026-06-17 12:34:33 [WARN] retry attempt
2026-06-17 12:34:34 [ERROR] database timeout
2026-06-17 12:34:35 [WARN] slow query detected
2026-06-17 12:34:36 [ERROR] request failed
2026-06-17 12:34:37 [ERROR] request failed
2026-06-17 12:34:38 [ERROR] connection refused
2026-06-17 12:34:39 [INFO] user logged in
2026-06-17 12:34:40 [ERROR] nil pointer
2026-06-17 12:34:41 [INFO] health check ok
2026-06-17 12:34:42 [ERROR] database timeout
2026-06-17 12:34:43 [WARN] high memory usage
2026-06-17 12:34:44 [ERROR] request failed
2026-06-17 12:34:45 [ERROR] nil pointer
2026-06-17 12:34:46 [WARN] high memory usage
2026-06-17 12:34:47 [WARN] high memory usage
2026-06-17 12:34:48 [INFO] cache hit
2026-06-17 12:34:49 [ERROR] request failed
2026-06-17 12:34:50 [ERROR] nil pointer
2026-06-17 12:34:51 [ERROR] nil pointer
2026-06-17 12:34:52 [WARN] retry attempt
2026-06-17 12:34:53 [WARN] high memory usage
2026-06-17 12:34:54 [ERROR] request failed
2026-06-17 12:34:55 [WARN] retry attempt
2026-06-17 12:34:56 [INFO] user logged in
2026-06-17 12:34:57 [INFO] user logged in
2026-06-17 12:34:58 [WARN] slow query detected
2026-06-17 12:34:59 [INFO] cache hit
2026-06-17 12:35:00 [INFO] user logged in
2026-06-17 12:35:01 [ERROR] nil pointer
2026-06-17 12:35:02 [ERROR] request failed
2026-06-17 12:35:03 [ERROR] request failed
2026-06-17 12:35:04 [WARN] high memory usage
2026-06-17 12:35:05 [ERROR] database timeout
2026-06-17 12:35:06 [INFO] user logged in
2026-06-17 12:35:07 [INFO] cache hit
2026-06-17 12:35:08 [WARN] high memory usage
2026-06-17 12:35:09 [INFO] user logged in
2026-06-17 12:35:10 [WARN] slow query detected
2026-06-17 12:35:11 [WARN] high memory usage
2026-06-17 12:35:12 [INFO] health check ok
2026-06-17 12:35:13 [ERROR] nil pointer
2026-06-17 12:35:14 [ERROR] nil pointer
2026-06-17 12:35:15 [WARN] slow query detected
2026-06-17 12:35:16 [ERROR] connection refused
2026-06-17 12:35:17 [INFO] request completed
2026-06-17 12:35:18 [INFO] user logged in
2026-06-17 12:35:19 [INFO] user logged in
2026-06-17 12:35:20 [INFO] health check ok
2026-06-17 12:35:21 [INFO] cache hit
2026-06-17 12:35:22 [INFO] health check ok
2026-06-17 12:35:23 [ERROR] connection refused
2026-06-17 12:35:24 [WARN] high memory usage
2026-06-17 12:35:25 [ERROR] connection refused
2026-06-17 12:35:26 [INFO] health check ok
2026-06-17 12:35:27 [WARN] slow query detected
2026-06-17 12:35:28 [INFO] health check ok
2026-06-17 12:35:29 [INFO] health check ok
2026-06-17 12:35:30 [INFO] health check ok
2026-06-17 12:35:31 [INFO] health check ok
2026-06-17 12:35:32 [INFO] cache hit
2026-06-17 12:35:33 [WARN] slow query detected
2026-06-17 12:35:34 [WARN] high memory usage
2026-06-17 12:35:35 [INFO] user logged in
2026-06-17 12:35:36 [ERROR] connection refused
2026-06-17 12:35:37 [ERROR] connection refused
2026-06-17 12:35:38 [ERROR] connection refused
2026-06-17 12:35:39 [WARN] high memory usage
2026-06-17 12:35:40 [ERROR] nil pointer
2026-06-17 12:35:41 [ERROR] database timeout
2026-06-17 12:35:42 [WARN] slow query detected
2026-06-17 12:35:43 [INFO] request completed
2026-06-17 12:35:44 [ERROR] request failed
2026-06-17 12:35:45 [WARN] retry attempt
2026-06-17 12:35:46 [ERROR] nil pointer
2026-06-17 12:35:47 [ERROR] request failed
2026-06-17 12:35:48 [WARN] high memory usage
2026-06-17 12:35:49 [WARN] slow query detected
2026-06-17 12:35:50 [ERROR] request failed
2026-06-17 12:35:51 [ERROR] request failed
2026-06-17 12:35:52 [ERROR] nil pointer
2026-06-17 12:35:53 [INFO] cache hit
2026-06-17 12:35:54 [WARN] high memory usage
2026-06-17 12:35:55 [ERROR] database timeout
2026-06-17 12:35:56 [WARN] slow query detected
2026-06-17 12:35:57 [INFO] cache hit
2026-06-17 12:35:58 [WARN] slow query detected
2026-06-17 12:35:59 [ERROR] request failed
2026-06-17 12:36:00 [WARN] retry attempt
2026-06-17 12:36:01 [WARN] retry attempt
2026-06-17 12:36:02 [INFO] request completed
2026-06-17 12:36:03 [ERROR] database timeout
2026-06-17 12:36:04 [INFO] user logged in
2026-06-17 12:36:05 [ERROR] request failed
2026-06-17 12:36:06 [INFO] request completed
2026-06-17 12:36:07 [ERROR] nil pointer
2026-06-17 12:36:08 [WARN] high memory usage
2026-06-17 12:36:09 [INFO] user logged in
2026-06-17 12:36:10 [INFO] request completed
2026-06-17 12:36:11 [ERROR] nil pointer
2026-06-17 12:36:12 [INFO] health check ok
2026-06-17 12:36:13 [ERROR] nil pointer
2026-06-17 12:36:14 [WARN] slow query detected
2026-06-17 12:36:15 [ERROR] nil pointer
2026-06-17 12:36:16 [INFO] health check ok
2026-06-17 12:36:17 [INFO] cache hit
2026-06-17 12:36:18 [WARN] slow query detected
2026-06-17 12:36:19 [ERROR] database timeout
2026-06-17 12:36:20 [WARN] retry attempt
2026-06-17 12:36:21 [ERROR] database timeout
2026-06-17 12:36:22 [INFO] user logged in
2026-06-17 12:36:23 [WARN] high memory usage
2026-06-17 12:36:24 [WARN] high memory usage
2026-06-17 12:36:25 [INFO] health check ok
2026-06-17 12:36:26 [WARN] retry attempt
2026-06-17 12:36:27 [INFO] user logged in
2026-06-17 12:36:28 [ERROR] nil pointer
2026-06-17 12:36:29 [WARN] high memory usage
2026-06-17 12:36:30 [WARN] slow query detected
2026-06-17 12:36:31 [ERROR] nil pointer
2026-06-17 12:36:32 [WARN] high memory usage
2026-06-17 12:36:33 [INFO] request completed
2026-06-17 12:36:34 [ERROR] request failed
2026-06-17 12:36:35 [WARN] retry attempt
2026-06-17 12:36:36 [INFO] cache hit
2026-06-17 12:36:37 [ERROR] nil pointer
2026-06-17 12:36:38 [INFO] request completed
2026-06-17 12:36:39 [INFO] request completed
2026-06-17 12:36:40 [WARN] slow query detected
2026-06-17 12:36:41 [WARN] slow query detected
2026-06-17 12:36:42 [INFO] request completed
2026-06-17 12:36:43 [WARN] slow query detected
2026-06-17 12:36:44 [INFO] request completed
2026-06-17 12:36:45 [WARN] retry attempt
2026-06-17 12:36:46 [INFO] request completed
2026-06-17 12:36:47 [INFO] cache hit
2026-06-17 12:36:48 [WARN] slow query detected
2026-06-17 12:36:49 [INFO] health check ok
2026-06-17 12:36:50 [ERROR] nil pointer
2026-06-17 12:36:51 [INFO] user logged in
2026-06-17 12:36:52 [WARN] high memory usage
2026-06-17 12:36:53 [ERROR] nil pointer
2026-06-17 12:36:54 [ERROR] connection refused
2026-06-17 12:36:55 [INFO] user logged in
2026-06-17 12:36:56 [INFO] request completed
2026-06-17 12:36:57 [ERROR] request failed
2026-06-17 12:36:58 [ERROR] database timeout
2026-06-17 12:36:59 [WARN] high memory usage
2026-06-17 12:37:00 [WARN] high memory usage
2026-06-17 12:37:01 [INFO] cache hit
2026-06-17 12:37:02 [WARN] slow query detected
2026-06-17 12:37:03 [ERROR] request failed
2026-06-17 12:37:04 [ERROR] request failed
2026-06-17 12:37:05 [WARN] high memory usage
2026-06-17 12:37:06 [ERROR] database timeout
2026-06-17 12:37:07 [ERROR] nil pointer
2026-06-17 12:37:08 [INFO] request completed
2026-06-17 12:37:09 [WARN] retry attempt
2026-06-17 12:37:10 [WARN] retry attempt
2026-06-17 12:37:11 [ERROR] database timeout
2026-06-17 12:37:12 [WARN] high memory usage
2026-06-17 12:37:13 [ERROR] request failed
2026-06-17 12:37:14 [ERROR] request failed
2026-06-17 12:37:15 [WARN] slow query detected
2026-06-17 12:37:16 [ERROR] connection refused
2026-06-17 12:37:17 [INFO] health check ok
2026-06-17 12:37:18 [ERROR] database timeout
2026-06-17 12:37:19 [ERROR] nil pointer
2026-06-17 12:37:20 [INFO] health check ok
2026-06-17 12:37:21 [ERROR] database timeout
2026-06-17 12:37:22 [ERROR] connection refused
2026-06-17 12:37:23 [WARN] retry attempt
2026-06-17 12:37:24 [WARN] slow query detected
2026-06-17 12:37:25 [ERROR] connection refused
2026-06-17 12:37:26 [WARN] slow query detected
2026-06-17 12:37:27 [INFO] cache hit
2026-06-17 12:37:28 [ERROR] request failed
2026-06-17 12:37:29 [INFO] request completed
2026-06-17 12:37:30 [WARN] retry attempt
2026-06-17 12:37:31 [INFO] cache hit
2026-06-17 12:37:32 [ERROR] request failed
2026-06-17 12:37:33 [WARN] slow query detected
2026-06-17 12:37:34 [INFO] request completed
2026-06-17 12:37:35 [ERROR] database timeout
2026-06-17 12:37:36 [WARN] retry attempt
2026-06-17 12:37:37 [WARN] slow query detected
2026-06-17 12:37:38 [WARN] slow query detected
2026-06-17 12:37:39 [INFO] user logged in
2026-06-17 12:37:40 [INFO] cache hit
2026-06-17 12:37:41 [ERROR] database timeout
2026-06-17 12:37:42 [INFO] user logged in
2026-06-17 12:37:43 [WARN] retry attempt
2026-06-17 12:37:44 [INFO] health check ok
2026-06-17 12:37:45 [WARN] slow query detected
2026-06-17 12:37:46 [ERROR] connection refused
2026-06-17 12:37:47 [WARN] high memory usage
2026-06-17 12:37:48 [INFO] request completed
2026-06-17 12:37:49 [ERROR] connection refused
2026-06-17 12:37:50 [ERROR] request failed
2026-06-17 12:37:51 [ERROR] nil pointer
2026-06-17 12:37:52 [INFO] request completed
2026-06-17 12:37:53 [INFO] user logged in
2026-06-17 12:37:54 [ERROR] nil pointer
2026-06-17 12:37:55 [WARN] retry attempt
2026-06-17 12:37:56 [WARN] retry attempt
2026-06-17 12:37:57 [ERROR] request failed
2026-06-17 12:37:58 [WARN] retry attempt
2026-06-17 12:37:59 [INFO] request completed
2026-06-17 12:38:00 [INFO] user logged in
2026-06-17 12:38:01 [WARN] slow query detected
2026-06-17 12:38:02 [INFO] request completed
2026-06-17 12:38:03 [ERROR] connection refused
2026-06-17 12:38:04 [ERROR] request failed
2026-06-17 12:38:05 [ERROR] connection refused
2026-06-17 12:38:06 [ERROR] nil pointer
2026-06-17 12:38:07 [ERROR] nil pointer
2026-06-17 12:38:08 [ERROR] nil pointer
2026-06-17 12:38:09 [INFO] cache hit
2026-06-17 12:38:10 [WARN] high memory usage
2026-06-17 12:38:11 [WARN] slow query detected
2026-06-17 12:38:12 [WARN] retry attempt
2026-06-17 12:38:13 [INFO] request completed
2026-06-17 12:38:14 [INFO] user logged in
2026-06-17 12:38:15 [WARN] slow query detected
2026-06-17 12:38:16 [ERROR] connection refused
2026-06-17 12:38:17 [ERROR] connection refused
2026-06-17 12:38:18 [INFO] health check ok
2026-06-17 12:38:19 [INFO] user logged in
2026-06-17 12:38:20 [INFO] health check ok
2026-06-17 12:38:21 [WARN] retry attempt
2026-06-17 12:38:22 [ERROR] connection refused
2026-06-17 12:38:23 [WARN] retry attempt
2026-06-17 12:38:24 [WARN] slow query detected
2026-06-17 12:38:25 [WARN] retry attempt
2026-06-17 12:38:26 [WARN] high memory usage
2026-06-17 12:38:27 [WARN] slow query detected
2026-06-17 12:38:28 [ERROR] database timeout
2026-06-17 12:38:29 [WARN] high memory usage
2026-06-17 12:38:30 [WARN] slow query detected
2026-06-17 12:38:31 [INFO] health check ok
2026-06-17 12:38:32 [WARN] high memory usage
2026-06-17 12:38:33 [WARN] high memory usage
2026-06-17 12:38:34 [WARN] slow query detected
2026-06-17 12:38:35 [ERROR] connection refused
2026-06-17 12:38:36 [ERROR] request failed
2026-06-17 12:38:37 [WARN] high memory usage
2026-06-17 12:38:38 [ERROR] database timeout
2026-06-17 12:38:39 [WARN] high memory usage
2026-06-17 12:38:40 [INFO] health check ok
2026-06-17 12:38:41 [WARN] slow query detected
2026-06-17 12:38:42 [INFO] cache hit
2026-06-17 12:38:43 [WARN] slow query detected
2026-06-17 12:38:44 [WARN] high memory usage
2026-06-17 12:38:45 [WARN] high memory usage
2026-06-17 12:38:46 [WARN] slow query detected
2026-06-17 12:38:47 [WARN] retry attempt
2026-06-17 12:38:48 [ERROR] connection refused
2026-06-17 12:38:49 [WARN] high memory usage
2026-06-17 12:38:50 [INFO] request completed
2026-06-17 12:38:51 [ERROR] database timeout
2026-06-17 12:38:52 [INFO] cache hit
2026-06-17 12:38:53 [INFO] user logged in
2026-06-17 12:38:54 [ERROR] connection refused
2026-06-17 12:38:55 [ERROR] connection refused
2026-06-17 12:38:56 [WARN] high memory usage
2026-06-17 12:38:57 [ERROR] database timeout
2026-06-17 12:38:58 [ERROR] nil pointer
2026-06-17 12:38:59 [WARN] high memory usage
2026-06-17 12:39:00 [ERROR] nil pointer
2026-06-17 12:39:01 [WARN] slow query detected
2026-06-17 12:39:02 [INFO] user logged in
2026-06-17 12:39:03 [ERROR] connection refused
2026-06-17 12:39:04 [ERROR] request failed
2026-06-17 12:39:05 [INFO] health check ok
2026-06-17 12:39:06 [WARN] slow query detected
2026-06-17 12:39:07 [WARN] retry attempt
2026-06-17 12:39:08 [WARN] retry attempt
2026-06-17 12:39:09 [INFO] user logged in
2026-06-17 12:39:10 [INFO] user logged in
2026-06-17 12:39:11 [ERROR] database timeout
2026-06-17 12:39:12 [WARN] high memory usage
2026-06-17 12:39:13 [ERROR] database timeout
2026-06-17 12:39:14 [WARN] slow query detected
2026-06-17 12:39:15 [INFO] cache hit
2026-06-17 12:39:16 [INFO] user logged in
2026-06-17 12:39:17 [INFO] user logged in
2026-06-17 12:39:18 [WARN] high memory usage
2026-06-17 12:39:19 [INFO] user logged in
2026-06-17 12:39:20 [WARN] high memory usage
2026-06-17 12:39:21 [INFO] request completed
2026-06-17 12:39:22 [INFO] cache hit
2026-06-17 12:39:23 [INFO] user logged in
2026-06-17 12:39:24 [INFO] request completed
2026-06-17 12:39:25 [ERROR] connection refused
2026-06-17 12:39:26 [ERROR] database timeout
2026-06-17 12:39:27 [ERROR] request failed
2026-06-17 12:39:28 [INFO] cache hit
2026-06-17 12:39:29 [WARN] high memory usage
2026-06-17 12:39:30 [ERROR] connection refused
2026-06-17 12:39:31 [ERROR] connection refused
2026-06-17 12:39:32 [INFO] cache hit
2026-06-17 12:39:33 [INFO] cache hit
2026-06-17 12:39:34 [WARN] slow query detected
2026-06-17 12:39:35 [ERROR] database timeout
2026-06-17 12:39:36 [ERROR] request failed
2026-06-17 12:39:37 [WARN] slow query detected
2026-06-17 12:39:38 [ERROR] connection refused
2026-06-17 12:39:39 [WARN] retry attempt
2026-06-17 12:39:40 [WARN] slow query detected
2026-06-17 12:39:41 [INFO] health check ok
2026-06-17 12:39:42 [INFO] user logged in
2026-06-17 12:39:43 [WARN] retry attempt
2026-06-17 12:39:44 [ERROR] database timeout
2026-06-17 12:39:45 [ERROR] nil pointer
2026-06-17 12:39:46 [ERROR] connection refused
2026-06-17 12:39:47 [ERROR] nil pointer
2026-06-17 12:39:48 [INFO] request completed
2026-06-17 12:39:49 [ERROR] connection refused
2026-06-17 12:39:50 [INFO] health check ok
2026-06-17 12:39:51 [WARN] retry attempt
2026-06-17 12:39:52 [ERROR] database timeout
2026-06-17 12:39:53 [INFO] user logged in
2026-06-17 12:39:54 [ERROR] connection refused
2026-06-17 12:39:55 [INFO] health check ok
2026-06-17 12:39:56 [WARN] high memory usage
2026-06-17 12:39:57 [WARN] high memory usage
2026-06-17 12:39:58 [WARN] slow query detected
2026-06-17 12:39:59 [WARN] high memory usage
2026-06-17 12:40:00 [INFO] request completed
2026-06-17 12:40:01 [ERROR] request failed
2026-06-17 12:40:02 [INFO] user logged in
2026-06-17 12:40:03 [INFO] health check ok
2026-06-17 12:40:04 [ERROR] connection refused
2026-06-17 12:40:05 [ERROR] request failed
2026-06-17 12:40:06 [INFO] health check ok
2026-06-17 12:40:07 [INFO] cache hit
2026-06-17 12:40:08 [INFO] cache hit
2026-06-17 12:40:09 [INFO] health check ok
2026-06-17 12:40:10 [INFO] health check ok
2026-06-17 12:40:11 [ERROR] connection refused
2026-06-17 12:40:12 [ERROR] database timeout
2026-06-17 12:40:13 [WARN] retry attempt
2026-06-17 12:40:14 [INFO] health check ok
2026-06-17 12:40:15 [WARN] slow query detected
2026-06-17 12:40:16 [ERROR] request failed
2026-06-17 12:40:17 [ERROR] connection refused
2026-06-17 12:40:18 [ERROR] database timeout
2026-06-17 12:40:19 [WARN] high memory usage
2026-06-17 12:40:20 [WARN] high memory usage
2026-06-17 12:40:21 [WARN] retry attempt
2026-06-17 12:40:22 [ERROR] database timeout
2026-06-17 12:40:23 [WARN] retry attempt
2026-06-17 12:40:24 [INFO] cache hit
2026-06-17 12:40:25 [WARN] slow query detected
2026-06-17 12:40:26 [ERROR] connection refused
2026-06-17 12:40:27 [ERROR] nil pointer
2026-06-17 12:40:28 [WARN] slow query detected
2026-06-17 12:40:29 [INFO] cache hit
2026-06-17 12:40:30 [ERROR] request failed
2026-06-17 12:40:31 [ERROR] database timeout
2026-06-17 12:40:32 [INFO] cache hit
2026-06-17 12:40:33 [ERROR] request failed
2026-06-17 12:40:34 [ERROR] database timeout
2026-06-17 12:40:35 [INFO] user logged in
2026-06-17 12:40:36 [INFO] user logged in
2026-06-17 12:40:37 [ERROR] request failed
2026-06-17 12:40:38 [ERROR] request failed
2026-06-17 12:40:39 [ERROR] connection refused
2026-06-17 12:40:40 [INFO] user logged in
2026-06-17 12:40:41 [WARN] high memory usage
2026-06-17 12:40:42 [WARN] slow query detected
2026-06-17 12:40:43 [ERROR] connection refused
2026-06-17 12:40:44 [ERROR] nil pointer
2026-06-17 12:40:45 [WARN] high memory usage
2026-06-17 12:40:46 [WARN] retry attempt
2026-06-17 12:40:47 [ERROR] database timeout
2026-06-17 12:40:48 [INFO] health check ok
2026-06-17 12:40:49 [WARN] high memory usage
2026-06-17 12:40:50 [WARN] slow query detected
2026-06-17 12:40:51 [ERROR] request failed
2026-06-17 12:40:52 [INFO] health check ok
2026-06-17 12:40:53 [WARN] high memory usage
2026-06-17 12:40:54 [ERROR] nil pointer
2026-06-17 12:40:55 [INFO] health check ok
2026-06-17 12:40:56 [ERROR] database timeout
2026-06-17 12:40:57 [WARN] retry attempt
2026-06-17 12:40:58 [WARN] high memory usage
2026-06-17 12:40:59 [INFO] health check ok
2026-06-17 12:41:00 [ERROR] connection refused
2026-06-17 12:41:01 [WARN] slow query detected
2026-06-17 12:41:02 [WARN] slow query detected
2026-06-17 12:41:03 [WARN] retry attempt
2026-06-17 12:41:04 [ERROR] connection refused
2026-06-17 12:41:05 [ERROR] connection refused
2026-06-17 12:41:06 [WARN] high memory usage
2026-06-17 12:41:07 [INFO] health check ok
2026-06-17 12:41:08 [INFO] user logged in
2026-06-17 12:41:09 [ERROR] database timeout
2026-06-17 12:41:10 [WARN] high memory usage
2026-06-17 12:41:11 [WARN] retry attempt
2026-06-17 12:41:12 [INFO] request completed
2026-06-17 12:41:13 [WARN] high memory usage
2026-06-17 12:41:14 [INFO] cache hit
2026-06-17 12:41:15 [ERROR] nil pointer
2026-06-17 12:41:16 [ERROR] nil pointer
2026-06-17 12:41:17 [WARN] high memory usage
2026-06-17 12:41:18 [INFO] user logged in
2026-06-17 12:41:19 [WARN] high memory usage
2026-06-17 12:41:20 [ERROR] request failed
2026-06-17 12:41:21 [ERROR] database timeout
2026-06-17 12:41:22 [ERROR] database timeout
2026-06-17 12:41:23 [ERROR] database timeout
2026-06-17 12:41:24 [INFO] cache hit
2026-06-17 12:41:25 [WARN] slow query detected
2026-06-17 12:41:26 [INFO] request completed
2026-06-17 12:41:27 [WARN] retry attempt
2026-06-17 12:41:28 [WARN] high memory usage
2026-06-17 12:41:29 [WARN] retry attempt
2026-06-17 12:41:30 [ERROR] request failed
2026-06-17 12:41:31 [INFO] request completed
2026-06-17 12:41:32 [ERROR] connection refused
2026-06-17 12:41:33 [ERROR] connection refused
2026-06-17 12:41:34 [INFO] request completed
2026-06-17 12:41:35 [ERROR] request failed
2026-06-17 12:41:36 [ERROR] nil pointer
2026-06-17 12:41:37 [INFO] health check ok
2026-06-17 12:41:38 [WARN] retry attempt
2026-06-17 12:41:39 [ERROR] database timeout
2026-06-17 12:41:40 [WARN] slow query detected
2026-06-17 12:41:41 [INFO] cache hit
2026-06-17 12:41:42 [ERROR] nil pointer
2026-06-17 12:41:43 [WARN] slow query detected
2026-06-17 12:41:44 [ERROR] database timeout
2026-06-17 12:41:45 [WARN] retry attempt
2026-06-17 12:41:46 [ERROR] connection refused
2026-06-17 12:41:47 [WARN] slow query detected
2026-06-17 12:41:48 [WARN] high memory usage
2026-06-17 12:41:49 [WARN] retry attempt
2026-06-17 12:41:50 [INFO] cache hit
2026-06-17 12:41:51 [WARN] slow query detected
2026-06-17 12:41:52 [ERROR] connection refused
2026-06-17 12:41:53 [WARN] slow query detected
2026-06-17 12:41:54 [INFO] health check ok
2026-06-17 12:41:55 [WARN] retry attempt
2026-06-17 12:41:56 [ERROR] database timeout
2026-06-17 12:41:57 [INFO] user logged in
2026-06-17 12:41:58 [ERROR] nil pointer
2026-06-17 12:41:59 [INFO] user logged in
2026-06-17 12:42:00 [INFO] cache hit
2026-06-17 12:42:01 [WARN] retry attempt
2026-06-17 12:42:02 [INFO] user logged in
2026-06-17 12:42:03 [INFO] request completed
2026-06-17 12:42:04 [INFO] request completed
2026-06-17 12:42:05 [WARN] slow query detected
2026-06-17 12:42:06 [ERROR] database timeout
2026-06-17 12:42:07 [WARN] retry attempt
2026-06-17 12:42:08 [ERROR] database timeout
2026-06-17 12:42:09 [WARN] high memory usage
2026-06-17 12:42:10 [ERROR] database timeout
2026-06-17 12:42:11 [ERROR] connection refused
2026-06-17 12:42:12 [INFO] user logged in
2026-06-17 12:42:13 [INFO] user logged in
2026-06-17 12:42:14 [INFO] cache hit
2026-06-17 12:42:15 [WARN] retry attempt
2026-06-17 12:42:16 [WARN] retry attempt
2026-06-17 12:42:17 [ERROR] nil pointer
2026-06-17 12:42:18 [ERROR] database timeout
2026-06-17 12:42:19 [ERROR] request failed
2026-06-17 12:42:20 [INFO] user logged in
2026-06-17 12:42:21 [WARN] slow query detected
2026-06-17 12:42:22 [ERROR] database timeout
2026-06-17 12:42:23 [WARN] retry attempt
2026-06-17 12:42:24 [ERROR] database timeout
2026-06-17 12:42:25 [INFO] cache hit
2026-06-17 12:42:26 [ERROR] connection refused
2026-06-17 12:42:27 [ERROR] connection refused
2026-06-17 12:42:28 [INFO] health check ok
2026-06-17 12:42:29 [INFO] cache hit
2026-06-17 12:42:30 [ERROR] request failed
2026-06-17 12:42:31 [INFO] cache hit
2026-06-17 12:42:32 [WARN] high memory usage
2026-06-17 12:42:33 [WARN] high memory usage
2026-06-17 12:42:34 [INFO] cache hit
2026-06-17 12:42:35 [WARN] high memory usage
2026-06-17 12:42:36 [WARN] retry attempt
2026-06-17 12:42:37 [WARN] slow query detected
2026-06-17 12:42:38 [WARN] high memory usage
2026-06-17 12:42:39 [WARN] slow query detected
2026-06-17 12:42:40 [ERROR] database timeout
2026-06-17 12:42:41 [WARN] retry attempt
2026-06-17 12:42:42 [ERROR] nil pointer
2026-06-17 12:42:43 [INFO] request completed
2026-06-17 12:42:44 [ERROR] request failed
2026-06-17 12:42:45 [ERROR] connection refused
2026-06-17 12:42:46 [INFO] health check ok
2026-06-17 12:42:47 [WARN] slow query detected
2026-06-17 12:42:48 [INFO] user logged in
2026-06-17 12:42:49 [ERROR] connection refused
2026-06-17 12:42:50 [INFO] health check ok
2026-06-17 12:42:51 [ERROR] request failed
2026-06-17 12:42:52 [INFO] cache hit
2026-06-17 12:42:53 [INFO] request completed
2026-06-17 12:42:54 [WARN] retry attempt
2026-06-17 12:42:55 [ERROR] database timeout
2026-06-17 12:42:56 [INFO] cache hit
2026-06-17 12:42:57 [ERROR] request failed
2026-06-17 12:42:58 [INFO] request completed
2026-06-17 12:42:59 [INFO] health check ok
2026-06-17 12:43:00 [ERROR] database timeout
2026-06-17 12:43:01 [ERROR] database timeout
2026-06-17 12:43:02 [WARN] retry attempt
2026-06-17 12:43:03 [ERROR] connection refused
2026-06-17 12:43:04 [ERROR] database timeout
2026-06-17 12:43:05 [ERROR] database timeout
2026-06-17 12:43:06 [ERROR] connection refused
2026-06-17 12:43:07 [WARN] retry attempt
2026-06-17 12:43:08 [INFO] request completed
2026-06-17 12:43:09 [WARN] retry attempt
2026-06-17 12:43:10 [INFO] user logged in
2026-06-17 12:43:11 [WARN] slow query detected
2026-06-17 12:43:12 [ERROR] connection refused
2026-06-17 12:43:13 [ERROR] nil pointer
2026-06-17 12:43:14 [ERROR] request failed
2026-06-17 12:43:15 [ERROR] connection refused
2026-06-17 12:43:16 [INFO] cache hit
2026-06-17 12:43:17 [WARN] retry attempt
2026-06-17 12:43:18 [INFO] request completed
2026-06-17 12:43:19 [ERROR] database timeout
2026-06-17 12:43:20 [ERROR] connection refused
2026-06-17 12:43:21 [INFO] health check ok
2026-06-17 12:43:22 [INFO] user logged in
2026-06-17 12:43:23 [WARN] retry attempt
2026-06-17 12:43:24 [WARN] retry attempt
2026-06-17 12:43:25 [INFO] health check ok
2026-06-17 12:43:26 [ERROR] request failed
2026-06-17 12:43:27 [ERROR] nil pointer
2026-06-17 12:43:28 [ERROR] request failed
2026-06-17 12:43:29 [WARN] retry attempt
2026-06-17 12:43:30 [ERROR] nil pointer
2026-06-17 12:43:31 [ERROR] connection refused
2026-06-17 12:43:32 [INFO] cache hit
2026-06-17 12:43:33 [INFO] health check ok
2026-06-17 12:43:34 [WARN] retry attempt
2026-06-17 12:43:35 [WARN] retry attempt
2026-06-17 12:43:36 [WARN] high memory usage
2026-06-17 12:43:37 [ERROR] nil pointer
2026-06-17 12:43:38 [WARN] retry attempt
2026-06-17 12:43:39 [ERROR] database timeout
2026-06-17 12:43:40 [ERROR] request failed
2026-06-17 12:43:41 [WARN] high memory usage
2026-06-17 12:43:42 [ERROR] request failed
2026-06-17 12:43:43 [ERROR] nil pointer
2026-06-17 12:43:44 [WARN] slow query detected
2026-06-17 12:43:45 [WARN] retry attempt
2026-06-17 12:43:46 [WARN] retry attempt
2026-06-17 12:43:47 [WARN] high memory usage
2026-06-17 12:43:48 [ERROR] database timeout
2026-06-17 12:43:49 [INFO] request completed
2026-06-17 12:43:50 [WARN] slow query detected
2026-06-17 12:43:51 [ERROR] nil pointer
2026-06-17 12:43:52 [ERROR] connection refused
2026-06-17 12:43:53 [INFO] user logged in
2026-06-17 12:43:54 [ERROR] nil pointer
2026-06-17 12:43:55 [INFO] cache hit
2026-06-17 12:43:56 [ERROR] request failed
2026-06-17 12:43:57 [INFO] user logged in
2026-06-17 12:43:58 [WARN] retry attempt
2026-06-17 12:43:59 [ERROR] connection refused
2026-06-17 12:44:00 [ERROR] request failed
2026-06-17 12:44:01 [INFO] cache hit
2026-06-17 12:44:02 [INFO] user logged in
2026-06-17 12:44:03 [WARN] slow query detected
2026-06-17 12:44:04 [WARN] retry attempt
2026-06-17 12:44:05 [INFO] cache hit
2026-06-17 12:44:06 [WARN] slow query detected
2026-06-17 12:44:07 [INFO] health check ok
2026-06-17 12:44:08 [INFO] user logged in
2026-06-17 12:44:09 [WARN] retry attempt
2026-06-17 12:44:10 [WARN] retry attempt
2026-06-17 12:44:11 [WARN] high memory usage
2026-06-17 12:44:12 [WARN] retry attempt
2026-06-17 12:44:13 [INFO] user logged in
2026-06-17 12:44:14 [WARN] retry attempt
2026-06-17 12:44:15 [WARN] retry attempt
2026-06-17 12:44:16 [ERROR] nil pointer
2026-06-17 12:44:17 [INFO] health check ok
2026-06-17 12:44:18 [WARN] high memory usage
2026-06-17 12:44:19 [WARN] slow query detected
2026-06-17 12:44:20 [INFO] health check ok
2026-06-17 12:44:21 [INFO] cache hit
2026-06-17 12:44:22 [INFO] health check ok
2026-06-17 12:44:23 [WARN] retry attempt
2026-06-17 12:44:24 [WARN] retry attempt
2026-06-17 12:44:25 [INFO] health check ok
2026-06-17 12:44:26 [ERROR] connection refused
2026-06-17 12:44:27 [INFO] user logged in
2026-06-17 12:44:28 [ERROR] nil pointer
2026-06-17 12:44:29 [WARN] retry attempt
2026-06-17 12:44:30 [WARN] high memory usage
2026-06-17 12:44:31 [WARN] retry attempt
2026-06-17 12:44:32 [ERROR] database timeout
2026-06-17 12:44:33 [INFO] health check ok
2026-06-17 12:44:34 [ERROR] connection refused
2026-06-17 12:44:35 [WARN] high memory usage
2026-06-17 12:44:36 [ERROR] request failed
2026-06-17 12:44:37 [INFO] cache hit
2026-06-17 12:44:38 [INFO] health check ok
2026-06-17 12:44:39 [INFO] user logged in
2026-06-17 12:44:40 [WARN] high memory usage
2026-06-17 12:44:41 [WARN] retry attempt
2026-06-17 12:44:42 [ERROR] request failed
2026-06-17 12:44:43 [INFO] cache hit
2026-06-17 12:44:44 [ERROR] request failed
2026-06-17 12:44:45 [WARN] slow query detected
2026-06-17 12:44:46 [INFO] request completed
2026-06-17 12:44:47 [WARN] retry attempt
2026-06-17 12:44:48 [ERROR] connection refused
2026-06-17 12:44:49 [ERROR] nil pointer
2026-06-17 12:44:50 [INFO] health check ok
2026-06-17 12:44:51 [ERROR] database timeout
2026-06-17 12:44:52 [ERROR] connection refused
2026-06-17 12:44:53 [INFO] health check ok
2026-06-17 12:44:54 [WARN] high memory usage
2026-06-17 12:44:55 [INFO] cache hit
2026-06-17 12:44:56 [WARN] retry attempt
2026-06-17 12:44:57 [WARN] retry attempt
2026-06-17 12:44:58 [INFO] cache hit
2026-06-17 12:44:59 [ERROR] database timeout
2026-06-17 12:45:00 [ERROR] nil pointer
2026-06-17 12:45:01 [ERROR] database timeout
2026-06-17 12:45:02 [WARN] retry attempt
2026-06-17 12:45:03 [INFO] request completed
2026-06-17 12:45:04 [INFO] health check ok
2026-06-17 12:45:05 [INFO] user logged in
2026-06-17 12:45:06 [WARN] slow query detected
2026-06-17 12:45:07 [INFO] cache hit
2026-06-17 12:45:08 [ERROR] nil pointer
2026-06-17 12:45:09 [INFO] request completed
2026-06-17 12:45:10 [ERROR] database timeout
2026-06-17 12:45:11 [WARN] slow query detected
2026-06-17 12:45:12 [WARN] high memory usage
2026-06-17 12:45:13 [INFO] request completed
2026-06-17 12:45:14 [INFO] cache hit
2026-06-17 12:45:15 [ERROR] nil pointer
2026-06-17 12:45:16 [INFO] request completed
2026-06-17 12:45:17 [INFO] user logged in
2026-06-17 12:45:18 [WARN] retry attempt
2026-06-17 12:45:19 [ERROR] database timeout
2026-06-17 12:45:20 [ERROR] connection refused
2026-06-17 12:45:21 [WARN] slow query detected
2026-06-17 12:45:22 [WARN] high memory usage
2026-06-17 12:45:23 [WARN] high memory usage
2026-06-17 12:45:24 [WARN] retry attempt
2026-06-17 12:45:25 [INFO] user logged in
2026-06-17 12:45:26 [INFO] request completed
2026-06-17 12:45:27 [WARN] retry attempt
2026-06-17 12:45:28 [ERROR] nil pointer
2026-06-17 12:45:29 [WARN] retry attempt
2026-06-17 12:45:30 [ERROR] database timeout
2026-06-17 12:45:31 [WARN] high memory usage
2026-06-17 12:45:32 [INFO] health check ok
2026-06-17 12:45:33 [INFO] health check ok
2026-06-17 12:45:34 [WARN] retry attempt
2026-06-17 12:45:35 [ERROR] request failed
2026-06-17 12:45:36 [INFO] user logged in
2026-06-17 12:45:37 [INFO] health check ok
2026-06-17 12:45:38 [INFO] cache hit
2026-06-17 12:45:39 [ERROR] request failed
2026-06-17 12:45:40 [INFO] cache hit
2026-06-17 12:45:41 [INFO] cache hit
2026-06-17 12:45:42 [INFO] user logged in
2026-06-17 12:45:43 [INFO] user logged in
2026-06-17 12:45:44 [ERROR] connection refused
2026-06-17 12:45:45 [WARN] high memory usage
2026-06-17 12:45:46 [WARN] retry attempt
2026-06-17 12:45:47 [WARN] high memory usage
2026-06-17 12:45:48 [INFO] health check ok
2026-06-17 12:45:49 [INFO] user logged in
2026-06-17 12:45:50 [WARN] retry attempt
2026-06-17 12:45:51 [ERROR] request failed
2026-06-17 12:45:52 [WARN] retry attempt
2026-06-17 12:45:53 [ERROR] connection refused
2026-06-17 12:45:54 [ERROR] connection refused
2026-06-17 12:45:55 [ERROR] database timeout
2026-06-17 12:45:56 [INFO] health check ok
2026-06-17 12:45:57 [ERROR] nil pointer
2026-06-17 12:45:58 [WARN] slow query detected
2026-06-17 12:45:59 [WARN] high memory usage
2026-06-17 12:46:00 [WARN] retry attempt
2026-06-17 12:46:01 [INFO] request completed
2026-06-17 12:46:02 [INFO] request completed
2026-06-17 12:46:03 [WARN] retry attempt
2026-06-17 12:46:04 [INFO] cache hit
2026-06-17 12:46:05 [WARN] retry attempt
2026-06-17 12:46:06 [INFO] request completed
2026-06-17 12:46:07 [INFO] health check ok
2026-06-17 12:46:08 [INFO] cache hit
2026-06-17 12:46:09 [INFO] user logged in
2026-06-17 12:46:10 [WARN] retry attempt
2026-06-17 12:46:11 [WARN] slow query detected
2026-06-17 12:46:12 [ERROR] database timeout
2026-06-17 12:46:13 [INFO] user logged in
2026-06-17 12:46:14 [WARN] retry attempt
2026-06-17 12:46:15 [INFO] user logged in
2026-06-17 12:46:16 [INFO] user logged in
2026-06-17 12:46:17 [INFO] user logged in
2026-06-17 12:46:18 [WARN] slow query detected
2026-06-17 12:46:19 [WARN] high memory usage
2026-06-17 12:46:20 [WARN] retry attempt
2026-06-17 12:46:21 [INFO] health check ok
2026-06-17 12:46:22 [INFO] user logged in
2026-06-17 12:46:23 [ERROR] connection refused
2026-06-17 12:46:24 [WARN] retry attempt
2026-06-17 12:46:25 [INFO] user logged in
2026-06-17 12:46:26 [ERROR] database timeout
2026-06-17 12:46:27 [INFO] user logged in
2026-06-17 12:46:28 [WARN] retry attempt
2026-06-17 12:46:29 [ERROR] connection refused
2026-06-17 12:46:30 [WARN] slow query detected
2026-06-17 12:46:31 [ERROR] nil pointer
2026-06-17 12:46:32 [WARN] retry attempt
2026-06-17 12:46:33 [ERROR] connection refused
2026-06-17 12:46:34 [ERROR] connection refused
2026-06-17 12:46:35 [ERROR] connection refused
2026-06-17 12:46:36 [ERROR] nil pointer
2026-06-17 12:46:37 [ERROR] request failed
2026-06-17 12:46:38 [ERROR] connection refused
2026-06-17 12:46:39 [WARN] retry attempt
